phase,freq,low_limit,high_limit
mic-1_fr,100.0,-inf , +inf
mic-1_fr,106.0,-inf , +inf
mic-1_fr,112.0,-inf , +inf
mic-1_fr,118.0,-inf , +inf
mic-1_fr,125.0,-inf , +inf
mic-1_fr,132.0,-inf , +inf
mic-1_fr,140.0,-inf , +inf
mic-1_fr,150.0,-inf , +inf
mic-1_fr,160.0,-inf , +inf
mic-1_fr,170.0,-inf , +inf
mic-1_fr,180.0,-inf , +inf
mic-1_fr,190.0,-inf , +inf
mic-1_fr,200.0,-inf , +inf
mic-1_fr,212.0,-inf , +inf
mic-1_fr,224.0,-inf , +inf
mic-1_fr,236.0,-inf , +inf
mic-1_fr,250.0,-inf , +inf
mic-1_fr,265.0,-inf , +inf
mic-1_fr,280.0,-inf , +inf
mic-1_fr,300.0,-inf , +inf
mic-1_fr,315.0,-inf , +inf
mic-1_fr,335.0,-inf , +inf
mic-1_fr,355.0,-inf , +inf
mic-1_fr,375.0,-inf , +inf
mic-1_fr,400.0,-inf , +inf
mic-1_fr,425.0,-inf , +inf
mic-1_fr,450.0,-inf , +inf
mic-1_fr,475.0,-inf , +inf
mic-1_fr,500.0,-inf , +inf
mic-1_fr,530.0,-inf , +inf
mic-1_fr,560.0,-inf , +inf
mic-1_fr,600.0,-inf , +inf
mic-1_fr,630.0,-inf , +inf
mic-1_fr,670.0,-inf , +inf
mic-1_fr,710.0,-inf , +inf
mic-1_fr,750.0,-inf , +inf
mic-1_fr,800.0,-inf , +inf
mic-1_fr,850.0,-inf , +inf
mic-1_fr,900.0,-inf , +inf
mic-1_fr,950.0,-inf , +inf
mic-1_fr,1000.0,-inf , +inf
mic-1_fr,1060.0,-inf , +inf
mic-1_fr,1120.0,-inf , +inf
mic-1_fr,1180.0,-inf , +inf
mic-1_fr,1250.0,-inf , +inf
mic-1_fr,1320.0,-inf , +inf
mic-1_fr,1400.0,-inf , +inf
mic-1_fr,1500.0,-inf , +inf
mic-1_fr,1600.0,-inf , +inf
mic-1_fr,1700.0,-inf , +inf
mic-1_fr,1800.0,-inf , +inf
mic-1_fr,1900.0,-inf , +inf
mic-1_fr,2000.0,-inf , +inf
mic-1_fr,2120.0,-inf , +inf
mic-1_fr,2240.0,-inf , +inf
mic-1_fr,2360.0,-inf , +inf
mic-1_fr,2500.0,-inf , +inf
mic-1_fr,2650.0,-inf , +inf
mic-1_fr,2800.0,-inf , +inf
mic-1_fr,3000.0,-inf , +inf
mic-1_fr,3150.0,-inf , +inf
mic-1_fr,3350.0,-inf , +inf
mic-1_fr,3550.0,-inf , +inf
mic-1_fr,3750.0,-inf , +inf
mic-1_fr,4000.0,-inf , +inf
mic-1_fr,4250.0,-inf , +inf
mic-1_fr,4500.0,-inf , +inf
mic-1_fr,4750.0,-inf , +inf
mic-1_fr,5000.0,-inf , +inf
mic-1_fr,5300.0,-inf , +inf
mic-1_fr,5600.0,-inf , +inf
mic-1_fr,6000.0,-inf , +inf
mic-1_fr,6300.0,-inf , +inf
mic-1_fr,6700.0,-inf , +inf
mic-1_fr,7100.0,-inf , +inf
mic-1_fr,7500.0,-inf , +inf
mic-1_fr,8000.0,-inf , +inf
mic-1_fr,8500.0,-inf , +inf
mic-1_fr,9000.0,-inf , +inf
mic-1_fr,9500.0,-inf , +inf
mic-1_fr,10000.0,-inf , +inf
mic-1_fr,10600.0,-inf , +inf
mic-1_fr,11200.0,-inf , +inf
mic-1_fr,11800.0,-inf , +inf
mic-1_fr,12500.0,-inf , +inf
mic-1_fr,13200.0,-inf , +inf
mic-1_fr,14000.0,-inf , +inf
mic-1_fr,15000.0,-inf , +inf
mic-1_fr,16000.0,-inf , +inf
mic-1_fr,17000.0,-inf , +inf
mic-1_fr,18000.0,-inf , +inf
mic-1_fr,19000.0,-inf , +inf
mic-1_fr,20000.0,-inf , +inf
mic-1_fr,21200.0,-inf , +inf
mic-1_fr,22400.0,-inf , +inf
mic-1_fr_norm,100.0,-3.3 , 0.7
mic-1_fr_norm,106.0,-3.1 , 0.9
mic-1_fr_norm,112.0,-2.9 , 1.1
mic-1_fr_norm,118.0,-2.7 , 1.3
mic-1_fr_norm,125.0,-2.6 , 1.4
mic-1_fr_norm,132.0,-2.5 , 1.5
mic-1_fr_norm,140.0,-2.4 , 1.6
mic-1_fr_norm,150.0,-2.4 , 1.6
mic-1_fr_norm,160.0,-2.4 , 1.6
mic-1_fr_norm,170.0,-2.4 , 1.6
mic-1_fr_norm,180.0,-2.4 , 1.6
mic-1_fr_norm,190.0,-2.3 , 1.7
mic-1_fr_norm,200.0,-2.2 , 1.8
mic-1_fr_norm,212.0,-2.2 , 1.8
mic-1_fr_norm,224.0,-2.1 , 1.9
mic-1_fr_norm,236.0,-2.1 , 1.9
mic-1_fr_norm,250.0,-2.1 , 1.9
mic-1_fr_norm,265.0,-2.1 , 1.9
mic-1_fr_norm,280.0,-2.1 , 1.9
mic-1_fr_norm,300.0,-2.1 , 1.9
mic-1_fr_norm,315.0,-2.0 , 2.0
mic-1_fr_norm,335.0,-2.0 , 2.0
mic-1_fr_norm,355.0,-2.0 , 2.0
mic-1_fr_norm,375.0,-2.0 , 2.0
mic-1_fr_norm,400.0,-2.0 , 2.0
mic-1_fr_norm,425.0,-1.9 , 2.1
mic-1_fr_norm,450.0,-1.9 , 2.1
mic-1_fr_norm,475.0,-1.9 , 2.1
mic-1_fr_norm,500.0,-1.9 , 2.1
mic-1_fr_norm,530.0,-1.9 , 2.1
mic-1_fr_norm,560.0,-1.9 , 2.1
mic-1_fr_norm,600.0,-1.9 , 2.1
mic-1_fr_norm,630.0,-1.9 , 2.1
mic-1_fr_norm,670.0,-1.9 , 2.1
mic-1_fr_norm,710.0,-1.9 , 2.1
mic-1_fr_norm,750.0,-1.9 , 2.1
mic-1_fr_norm,800.0,-1.9 , 2.1
mic-1_fr_norm,850.0,-2.0 , 2.0
mic-1_fr_norm,900.0,-2.0 , 2.0
mic-1_fr_norm,950.0,-2.0 , 2.0
mic-1_fr_norm,1000.0,-2.0 , 2.0
mic-1_fr_norm,1060.0,-2.0 , 2.0
mic-1_fr_norm,1120.0,-2.0 , 2.0
mic-1_fr_norm,1180.0,-2.0 , 2.0
mic-1_fr_norm,1250.0,-2.0 , 2.0
mic-1_fr_norm,1320.0,-2.1 , 1.9
mic-1_fr_norm,1400.0,-2.1 , 1.9
mic-1_fr_norm,1500.0,-2.2 , 1.8
mic-1_fr_norm,1600.0,-2.2 , 1.8
mic-1_fr_norm,1700.0,-2.2 , 1.8
mic-1_fr_norm,1800.0,-2.2 , 1.8
mic-1_fr_norm,1900.0,-2.2 , 1.8
mic-1_fr_norm,2000.0,-2.3 , 1.7
mic-1_fr_norm,2120.0,-2.5 , 1.7
mic-1_fr_norm,2240.0,-2.5 , 1.7
mic-1_fr_norm,2360.0,-2.7 , 1.7
mic-1_fr_norm,2500.0,-2.9 , 1.7
mic-1_fr_norm,2650.0,-3.1 , 1.7
mic-1_fr_norm,2800.0,-3.1 , 1.7
mic-1_fr_norm,3000.0,-3.2 , 1.7
mic-1_fr_norm,3150.0,-3.4 , 1.7
mic-1_fr_norm,3350.0,-3.7 , 1.7
mic-1_fr_norm,3550.0,-4.0 , 1.7
mic-1_fr_norm,3750.0,-4.2 , 1.7
mic-1_fr_norm,4000.0,-4.3 , 1.7
mic-1_fr_norm,4250.0,-4.4 , 1.8
mic-1_fr_norm,4500.0,-4.5 , 1.9
mic-1_fr_norm,4750.0,-4.3 , 2.0
mic-1_fr_norm,5000.0,-4.5 , 2.0
mic-1_fr_norm,5300.0,-4.4 , 2.2
mic-1_fr_norm,5600.0,-4.4 , 2.3
mic-1_fr_norm,6000.0,-4.4 , 2.6
mic-1_fr_norm,6300.0,-4.2 , 3.2
mic-1_fr_norm,6700.0,-4.0 , 3.8
mic-1_fr_norm,7100.0,-3.6 , 4.8
mic-1_fr_norm,7500.0,-3.1 , 5.7
mic-1_fr_norm,8000.0,-2.6 , 6.9
mic-1_fr_norm,8500.0,-2.0 , 8.3
mic-1_fr_norm,9000.0,-1.2 , 10.4
mic-1_fr_norm,9500.0,-0.3 , 11.7
mic-1_fr_norm,10000.0,1.4 , 13.4
mic-1_fr_norm,10600.0,-inf , +inf
mic-1_fr_norm,11200.0,-inf , +inf
mic-1_fr_norm,11800.0,-inf , +inf
mic-1_fr_norm,12500.0,-inf , +inf
mic-1_fr_norm,13200.0,-inf , +inf
mic-1_fr_norm,14000.0,-inf , +inf
mic-1_fr_norm,15000.0,-inf , +inf
mic-1_fr_norm,16000.0,-inf , +inf
mic-1_fr_norm,17000.0,-inf , +inf
mic-1_fr_norm,18000.0,-inf , +inf
mic-1_fr_norm,19000.0,-inf , +inf
mic-1_fr_norm,20000.0,-inf , +inf
mic-1_fr_norm,21200.0,-inf , +inf
mic-1_fr_norm,22400.0,-inf , +inf
mic-1_thd,100.0,-inf , +inf
mic-1_thd,106.0,-inf , +inf
mic-1_thd,112.0,-inf , +inf
mic-1_thd,118.0,-inf , +inf
mic-1_thd,125.0,-inf , +inf
mic-1_thd,132.0,-inf , +inf
mic-1_thd,140.0,-inf , +inf
mic-1_thd,150.0,-inf , +inf
mic-1_thd,160.0,-inf , +inf
mic-1_thd,170.0,-inf , +inf
mic-1_thd,180.0,-inf , +inf
mic-1_thd,190.0,-inf , +inf
mic-1_thd,200.0,-inf , 1.0
mic-1_thd,212.0,-inf , 1.0
mic-1_thd,224.0,-inf , 1.0
mic-1_thd,236.0,-inf , 1.0
mic-1_thd,250.0,-inf , 1.0
mic-1_thd,265.0,-inf , 1.0
mic-1_thd,280.0,-inf , 1.0
mic-1_thd,300.0,-inf , 1.0
mic-1_thd,315.0,-inf , 1.0
mic-1_thd,335.0,-inf , 1.0
mic-1_thd,355.0,-inf , 1.0
mic-1_thd,375.0,-inf , 1.0
mic-1_thd,400.0,-inf , 1.0
mic-1_thd,425.0,-inf , 1.0
mic-1_thd,450.0,-inf , 1.0
mic-1_thd,475.0,-inf , 1.0
mic-1_thd,500.0,-inf , 1.0
mic-1_thd,530.0,-inf , 1.0
mic-1_thd,560.0,-inf , 1.0
mic-1_thd,600.0,-inf , 1.0
mic-1_thd,630.0,-inf , 1.0
mic-1_thd,670.0,-inf , 1.0
mic-1_thd,710.0,-inf , 1.0
mic-1_thd,750.0,-inf , 1.0
mic-1_thd,800.0,-inf , 1.0
mic-1_thd,850.0,-inf , 1.0
mic-1_thd,900.0,-inf , 1.0
mic-1_thd,950.0,-inf , 1.0
mic-1_thd,1000.0,-inf , 1.0
mic-1_thd,1060.0,-inf , 1.0
mic-1_thd,1120.0,-inf , 1.0
mic-1_thd,1180.0,-inf , 1.0
mic-1_thd,1250.0,-inf , 1.0
mic-1_thd,1320.0,-inf , 1.0
mic-1_thd,1400.0,-inf , 1.0
mic-1_thd,1500.0,-inf , 1.0
mic-1_thd,1600.0,-inf , 1.0
mic-1_thd,1700.0,-inf , 1.0
mic-1_thd,1800.0,-inf , 1.0
mic-1_thd,1900.0,-inf , 1.0
mic-1_thd,2000.0,-inf , 1.0
mic-1_thd,2120.0,-inf , 1.0
mic-1_thd,2240.0,-inf , 1.0
mic-1_thd,2360.0,-inf , 1.0
mic-1_thd,2500.0,-inf , 1.0
mic-1_thd,2650.0,-inf , 1.0
mic-1_thd,2800.0,-inf , 1.0
mic-1_thd,3000.0,-inf , 1.0
mic-1_thd,3150.0,-inf , 1.0
mic-1_thd,3350.0,-inf , 1.0
mic-1_thd,3550.0,-inf , 1.0
mic-1_thd,3750.0,-inf , 1.0
mic-1_thd,4000.0,-inf , 1.0
mic-1_thd,4250.0,-inf , 1.0
mic-1_thd,4500.0,-inf , 1.0
mic-1_thd,4750.0,-inf , 1.0
mic-1_thd,5000.0,-inf , 1.0
mic-1_thd,5300.0,-inf , 1.0
mic-1_thd,5600.0,-inf , 1.0
mic-1_thd,6000.0,-inf , 1.0
mic-1_thd,6300.0,-inf , 1.0
mic-1_thd,6700.0,-inf , 1.0
mic-1_thd,7100.0,-inf , 1.0
mic-1_thd,7500.0,-inf , 1.0
mic-1_thd,8000.0,-inf , 1.0
mic-1_thd,8500.0,-inf , 1.0
mic-1_thd,9000.0,-inf , 1.0
mic-1_thd,9500.0,-inf , 1.0
mic-1_thd,10000.0,-inf , 1.0
mic-1_seal_chirp,100.0,-5.0 , 40.0
mic-1_seal_chirp,106.0,-3.3 , 40.0
mic-1_seal_chirp,112.0,-1.6 , 40.0
mic-1_seal_chirp,118.0,-0.1 , 40.0
mic-1_seal_chirp,125.0,1.6 , 40.0
mic-1_seal_chirp,132.0,3.2 , 40.0
mic-1_seal_chirp,140.0,5.0 , 40.0
mic-1_seal_chirp,150.0,7.0 , 40.0
mic-1_seal_chirp,160.0,7.0 , 40.0
mic-1_seal_chirp,170.0,7.0 , 40.0
mic-1_seal_chirp,180.0,7.0 , 40.0
mic-1_seal_chirp,190.0,7.0 , 40.0
mic-1_seal_chirp,200.0,7.0 , 40.0
mic-1_seal_chirp,212.0,7.0 , 40.0
mic-1_seal_chirp,224.0,7.0 , 40.0
mic-1_seal_chirp,236.0,7.0 , 40.0
mic-1_seal_chirp,250.0,7.0 , 40.0
mic-1_seal_chirp,265.0,7.0 , 40.0
mic-1_seal_chirp,280.0,6.2 , 40.0
mic-1_seal_chirp,300.0,5.1 , 40.0
mic-1_seal_chirp,315.0,4.3 , 40.0
mic-1_seal_chirp,335.0,3.4 , 40.0
mic-1_seal_chirp,355.0,2.5 , 40.0
mic-1_seal_chirp,375.0,1.6 , 40.0
mic-1_seal_chirp,400.0,0.7 , 40.0
mic-1_seal_chirp,425.0,-0.3 , 40.0
mic-1_seal_chirp,450.0,-1.2 , 40.0
mic-1_seal_chirp,475.0,-2.0 , 40.0
mic-1_seal_chirp,500.0,-2.0 , 40.0
mic-1_seal_chirp,530.0,-2.0 , 40.0
mic-1_seal_chirp,560.0,-2.0 , 40.0
mic-1_seal_chirp,600.0,-2.0 , 40.0
mic-1_seal_chirp,630.0,-2.0 , 40.0
mic-1_seal_chirp,670.0,-2.0 , 40.0
mic-1_seal_chirp,710.0,-2.0 , 40.0
mic-1_seal_chirp,750.0,-2.0 , 40.0
mic-1_seal_chirp,800.0,-2.0 , 40.0
mic-1_seal_chirp,850.0,-2.0 , 40.0
mic-1_seal_chirp,900.0,-2.0 , 40.0
mic-1_seal_chirp,950.0,-2.0 , 40.0
mic-1_seal_chirp,1000.0,-2.0 , 40.0
mic-1_seal_chirp,1060.0,-2.0 , +inf
mic-1_seal_chirp,1120.0,-2.0 , +inf
mic-1_seal_chirp,1180.0,-2.0 , +inf
mic-1_seal_chirp,1250.0,-2.0 , +inf
mic-1_seal_chirp,1320.0,-0.6 , +inf
mic-1_seal_chirp,1400.0,0.9 , +inf
mic-1_seal_chirp,1500.0,2.7 , +inf
mic-1_seal_chirp,1600.0,4.3 , +inf
mic-1_seal_chirp,1700.0,5.9 , +inf
mic-1_seal_chirp,1800.0,7.3 , +inf
mic-1_seal_chirp,1900.0,8.7 , +inf
mic-1_seal_chirp,2000.0,10.0 , +inf
mic-1_seal_chirp,2120.0,10.0 , +inf
mic-1_seal_chirp,2240.0,10.0 , +inf
mic-1_seal_chirp,2360.0,10.0 , +inf
mic-1_seal_chirp,2500.0,10.0 , +inf
mic-1_seal_chirp,2650.0,10.0 , +inf
mic-1_seal_chirp,2800.0,10.0 , +inf
mic-1_seal_chirp,3000.0,10.0 , +inf
mic-1_seal_chirp,3150.0,10.0 , +inf
mic-1_seal_chirp,3350.0,10.0 , +inf
mic-1_seal_chirp,3550.0,10.0 , +inf
mic-1_seal_chirp,3750.0,10.0 , +inf
mic-1_seal_chirp,4000.0,10.0 , +inf
mic-1_seal_chirp,4250.0,10.0 , +inf
mic-1_seal_chirp,4500.0,10.0 , +inf
mic-1_seal_chirp,4750.0,10.0 , +inf
mic-1_seal_chirp,5000.0,10.0 , +inf
mic-1_seal_chirp,5300.0,10.0 , +inf
mic-1_seal_chirp,5600.0,10.0 , +inf
mic-1_seal_chirp,6000.0,10.0 , +inf
mic-1_seal_chirp,6300.0,10.0 , +inf
mic-1_seal_chirp,6700.0,10.0 , +inf
mic-1_seal_chirp,7100.0,10.0 , +inf
mic-1_seal_chirp,7500.0,10.0 , +inf
mic-1_seal_chirp,8000.0,10.0 , +inf
mic-1_seal_chirp,8500.0,10.0 , +inf
mic-1_seal_chirp,9000.0,10.0 , +inf
mic-1_seal_chirp,9500.0,10.0 , +inf
mic-1_seal_chirp,10000.0,10.0 , +inf
mic-1_seal_chirp,10600.0,-inf , +inf
mic-1_seal_chirp,11200.0,-inf , +inf
mic-1_seal_chirp,11800.0,-inf , +inf
mic-1_seal_chirp,12500.0,-inf , +inf
mic-1_seal_chirp,13200.0,-inf , +inf
mic-1_seal_chirp,14000.0,-inf , +inf
mic-1_seal_chirp,15000.0,-inf , +inf
mic-1_seal_chirp,16000.0,-inf , +inf
mic-1_seal_chirp,17000.0,-inf , +inf
mic-1_seal_chirp,18000.0,-inf , +inf
mic-1_seal_chirp,19000.0,-inf , +inf
mic-1_seal_chirp,20000.0,-inf , +inf
mic-1_seal_chirp,21200.0,-inf , +inf
mic-1_seal_chirp,22400.0,-inf , +inf
mic-2_fr,100.0,-inf , +inf
mic-2_fr,106.0,-inf , +inf
mic-2_fr,112.0,-inf , +inf
mic-2_fr,118.0,-inf , +inf
mic-2_fr,125.0,-inf , +inf
mic-2_fr,132.0,-inf , +inf
mic-2_fr,140.0,-inf , +inf
mic-2_fr,150.0,-inf , +inf
mic-2_fr,160.0,-inf , +inf
mic-2_fr,170.0,-inf , +inf
mic-2_fr,180.0,-inf , +inf
mic-2_fr,190.0,-inf , +inf
mic-2_fr,200.0,-inf , +inf
mic-2_fr,212.0,-inf , +inf
mic-2_fr,224.0,-inf , +inf
mic-2_fr,236.0,-inf , +inf
mic-2_fr,250.0,-inf , +inf
mic-2_fr,265.0,-inf , +inf
mic-2_fr,280.0,-inf , +inf
mic-2_fr,300.0,-inf , +inf
mic-2_fr,315.0,-inf , +inf
mic-2_fr,335.0,-inf , +inf
mic-2_fr,355.0,-inf , +inf
mic-2_fr,375.0,-inf , +inf
mic-2_fr,400.0,-inf , +inf
mic-2_fr,425.0,-inf , +inf
mic-2_fr,450.0,-inf , +inf
mic-2_fr,475.0,-inf , +inf
mic-2_fr,500.0,-inf , +inf
mic-2_fr,530.0,-inf , +inf
mic-2_fr,560.0,-inf , +inf
mic-2_fr,600.0,-inf , +inf
mic-2_fr,630.0,-inf , +inf
mic-2_fr,670.0,-inf , +inf
mic-2_fr,710.0,-inf , +inf
mic-2_fr,750.0,-inf , +inf
mic-2_fr,800.0,-inf , +inf
mic-2_fr,850.0,-inf , +inf
mic-2_fr,900.0,-inf , +inf
mic-2_fr,950.0,-inf , +inf
mic-2_fr,1000.0,-inf , +inf
mic-2_fr,1060.0,-inf , +inf
mic-2_fr,1120.0,-inf , +inf
mic-2_fr,1180.0,-inf , +inf
mic-2_fr,1250.0,-inf , +inf
mic-2_fr,1320.0,-inf , +inf
mic-2_fr,1400.0,-inf , +inf
mic-2_fr,1500.0,-inf , +inf
mic-2_fr,1600.0,-inf , +inf
mic-2_fr,1700.0,-inf , +inf
mic-2_fr,1800.0,-inf , +inf
mic-2_fr,1900.0,-inf , +inf
mic-2_fr,2000.0,-inf , +inf
mic-2_fr,2120.0,-inf , +inf
mic-2_fr,2240.0,-inf , +inf
mic-2_fr,2360.0,-inf , +inf
mic-2_fr,2500.0,-inf , +inf
mic-2_fr,2650.0,-inf , +inf
mic-2_fr,2800.0,-inf , +inf
mic-2_fr,3000.0,-inf , +inf
mic-2_fr,3150.0,-inf , +inf
mic-2_fr,3350.0,-inf , +inf
mic-2_fr,3550.0,-inf , +inf
mic-2_fr,3750.0,-inf , +inf
mic-2_fr,4000.0,-inf , +inf
mic-2_fr,4250.0,-inf , +inf
mic-2_fr,4500.0,-inf , +inf
mic-2_fr,4750.0,-inf , +inf
mic-2_fr,5000.0,-inf , +inf
mic-2_fr,5300.0,-inf , +inf
mic-2_fr,5600.0,-inf , +inf
mic-2_fr,6000.0,-inf , +inf
mic-2_fr,6300.0,-inf , +inf
mic-2_fr,6700.0,-inf , +inf
mic-2_fr,7100.0,-inf , +inf
mic-2_fr,7500.0,-inf , +inf
mic-2_fr,8000.0,-inf , +inf
mic-2_fr,8500.0,-inf , +inf
mic-2_fr,9000.0,-inf , +inf
mic-2_fr,9500.0,-inf , +inf
mic-2_fr,10000.0,-inf , +inf
mic-2_fr,10600.0,-inf , +inf
mic-2_fr,11200.0,-inf , +inf
mic-2_fr,11800.0,-inf , +inf
mic-2_fr,12500.0,-inf , +inf
mic-2_fr,13200.0,-inf , +inf
mic-2_fr,14000.0,-inf , +inf
mic-2_fr,15000.0,-inf , +inf
mic-2_fr,16000.0,-inf , +inf
mic-2_fr,17000.0,-inf , +inf
mic-2_fr,18000.0,-inf , +inf
mic-2_fr,19000.0,-inf , +inf
mic-2_fr,20000.0,-inf , +inf
mic-2_fr,21200.0,-inf , +inf
mic-2_fr,22400.0,-inf , +inf
mic-2_fr_norm,100.0,-2.4 , 1.6
mic-2_fr_norm,106.0,-2.5 , 1.5
mic-2_fr_norm,112.0,-2.4 , 1.6
mic-2_fr_norm,118.0,-2.3 , 1.7
mic-2_fr_norm,125.0,-2.2 , 1.8
mic-2_fr_norm,132.0,-2.3 , 1.7
mic-2_fr_norm,140.0,-2.3 , 1.7
mic-2_fr_norm,150.0,-2.3 , 1.7
mic-2_fr_norm,160.0,-2.4 , 1.6
mic-2_fr_norm,170.0,-2.5 , 1.5
mic-2_fr_norm,180.0,-2.5 , 1.5
mic-2_fr_norm,190.0,-2.5 , 1.5
mic-2_fr_norm,200.0,-2.4 , 1.6
mic-2_fr_norm,212.0,-2.4 , 1.6
mic-2_fr_norm,224.0,-2.4 , 1.6
mic-2_fr_norm,236.0,-2.3 , 1.7
mic-2_fr_norm,250.0,-2.3 , 1.7
mic-2_fr_norm,265.0,-2.2 , 1.8
mic-2_fr_norm,280.0,-2.2 , 1.8
mic-2_fr_norm,300.0,-2.2 , 1.8
mic-2_fr_norm,315.0,-2.2 , 1.8
mic-2_fr_norm,335.0,-2.1 , 1.9
mic-2_fr_norm,355.0,-2.2 , 1.8
mic-2_fr_norm,375.0,-2.2 , 1.8
mic-2_fr_norm,400.0,-2.1 , 1.9
mic-2_fr_norm,425.0,-2.0 , 2.0
mic-2_fr_norm,450.0,-2.0 , 2.0
mic-2_fr_norm,475.0,-2.1 , 1.9
mic-2_fr_norm,500.0,-2.0 , 2.0
mic-2_fr_norm,530.0,-2.1 , 1.9
mic-2_fr_norm,560.0,-2.1 , 1.9
mic-2_fr_norm,600.0,-2.0 , 2.0
mic-2_fr_norm,630.0,-2.0 , 2.0
mic-2_fr_norm,670.0,-2.0 , 2.0
mic-2_fr_norm,710.0,-2.0 , 2.0
mic-2_fr_norm,750.0,-2.0 , 2.0
mic-2_fr_norm,800.0,-2.1 , 1.9
mic-2_fr_norm,850.0,-2.1 , 1.9
mic-2_fr_norm,900.0,-2.1 , 1.9
mic-2_fr_norm,950.0,-2.0 , 2.0
mic-2_fr_norm,1000.0,-2.0 , 2.0
mic-2_fr_norm,1060.0,-1.9 , 2.1
mic-2_fr_norm,1120.0,-1.8 , 2.2
mic-2_fr_norm,1180.0,-1.8 , 2.2
mic-2_fr_norm,1250.0,-1.8 , 2.2
mic-2_fr_norm,1320.0,-1.8 , 2.2
mic-2_fr_norm,1400.0,-1.8 , 2.2
mic-2_fr_norm,1500.0,-1.7 , 2.3
mic-2_fr_norm,1600.0,-1.6 , 2.4
mic-2_fr_norm,1700.0,-1.5 , 2.5
mic-2_fr_norm,1800.0,-1.6 , 2.4
mic-2_fr_norm,1900.0,-1.6 , 2.5
mic-2_fr_norm,2000.0,-1.6 , 2.5
mic-2_fr_norm,2120.0,-1.6 , 2.5
mic-2_fr_norm,2240.0,-1.5 , 2.6
mic-2_fr_norm,2360.0,-1.5 , 2.7
mic-2_fr_norm,2500.0,-1.5 , 2.8
mic-2_fr_norm,2650.0,-1.5 , 3.1
mic-2_fr_norm,2800.0,-1.5 , 3.2
mic-2_fr_norm,3000.0,-1.4 , 3.3
mic-2_fr_norm,3150.0,-1.4 , 3.7
mic-2_fr_norm,3350.0,-1.4 , 4.0
mic-2_fr_norm,3550.0,-1.4 , 4.1
mic-2_fr_norm,3750.0,-1.3 , 4.3
mic-2_fr_norm,4000.0,-1.1 , 4.8
mic-2_fr_norm,4250.0,-0.9 , 5.2
mic-2_fr_norm,4500.0,-0.6 , 5.6
mic-2_fr_norm,4750.0,-0.6 , 5.7
mic-2_fr_norm,5000.0,-0.4 , 6.0
mic-2_fr_norm,5300.0,0.0 , 6.5
mic-2_fr_norm,5600.0,0.3 , 6.8
mic-2_fr_norm,6000.0,0.9 , 7.6
mic-2_fr_norm,6300.0,1.1 , 8.0
mic-2_fr_norm,6700.0,1.6 , 8.9
mic-2_fr_norm,7100.0,2.3 , 9.8
mic-2_fr_norm,7500.0,3.1 , 10.9
mic-2_fr_norm,8000.0,3.3 , 11.5
mic-2_fr_norm,8500.0,3.5 , 12.1
mic-2_fr_norm,9000.0,3.0 , 11.9
mic-2_fr_norm,9500.0,2.5 , 11.8
mic-2_fr_norm,10000.0,2.0 , 11.6
mic-2_fr_norm,10600.0,-inf , +inf
mic-2_fr_norm,11200.0,-inf , +inf
mic-2_fr_norm,11800.0,-inf , +inf
mic-2_fr_norm,12500.0,-inf , +inf
mic-2_fr_norm,13200.0,-inf , +inf
mic-2_fr_norm,14000.0,-inf , +inf
mic-2_fr_norm,15000.0,-inf , +inf
mic-2_fr_norm,16000.0,-inf , +inf
mic-2_fr_norm,17000.0,-inf , +inf
mic-2_fr_norm,18000.0,-inf , +inf
mic-2_fr_norm,19000.0,-inf , +inf
mic-2_fr_norm,20000.0,-inf , +inf
mic-2_fr_norm,21200.0,-inf , +inf
mic-2_fr_norm,22400.0,-inf , +inf
mic-2_thd,100.0,-inf , +inf
mic-2_thd,106.0,-inf , +inf
mic-2_thd,112.0,-inf , +inf
mic-2_thd,118.0,-inf , +inf
mic-2_thd,125.0,-inf , +inf
mic-2_thd,132.0,-inf , +inf
mic-2_thd,140.0,-inf , +inf
mic-2_thd,150.0,-inf , +inf
mic-2_thd,160.0,-inf , +inf
mic-2_thd,170.0,-inf , +inf
mic-2_thd,180.0,-inf , +inf
mic-2_thd,190.0,-inf , +inf
mic-2_thd,200.0,-inf , 1.0
mic-2_thd,212.0,-inf , 1.0
mic-2_thd,224.0,-inf , 1.0
mic-2_thd,236.0,-inf , 1.0
mic-2_thd,250.0,-inf , 1.0
mic-2_thd,265.0,-inf , 1.0
mic-2_thd,280.0,-inf , 1.0
mic-2_thd,300.0,-inf , 1.0
mic-2_thd,315.0,-inf , 1.0
mic-2_thd,335.0,-inf , 1.0
mic-2_thd,355.0,-inf , 1.0
mic-2_thd,375.0,-inf , 1.0
mic-2_thd,400.0,-inf , 1.0
mic-2_thd,425.0,-inf , 1.0
mic-2_thd,450.0,-inf , 1.0
mic-2_thd,475.0,-inf , 1.0
mic-2_thd,500.0,-inf , 1.0
mic-2_thd,530.0,-inf , 1.0
mic-2_thd,560.0,-inf , 1.0
mic-2_thd,600.0,-inf , 1.0
mic-2_thd,630.0,-inf , 1.0
mic-2_thd,670.0,-inf , 1.0
mic-2_thd,710.0,-inf , 1.0
mic-2_thd,750.0,-inf , 1.0
mic-2_thd,800.0,-inf , 1.0
mic-2_thd,850.0,-inf , 1.0
mic-2_thd,900.0,-inf , 1.0
mic-2_thd,950.0,-inf , 1.0
mic-2_thd,1000.0,-inf , 1.0
mic-2_thd,1060.0,-inf , 1.0
mic-2_thd,1120.0,-inf , 1.0
mic-2_thd,1180.0,-inf , 1.0
mic-2_thd,1250.0,-inf , 1.0
mic-2_thd,1320.0,-inf , 1.0
mic-2_thd,1400.0,-inf , 1.0
mic-2_thd,1500.0,-inf , 1.0
mic-2_thd,1600.0,-inf , 1.0
mic-2_thd,1700.0,-inf , 1.0
mic-2_thd,1800.0,-inf , 1.0
mic-2_thd,1900.0,-inf , 1.0
mic-2_thd,2000.0,-inf , 1.0
mic-2_thd,2120.0,-inf , 1.0
mic-2_thd,2240.0,-inf , 1.0
mic-2_thd,2360.0,-inf , 1.0
mic-2_thd,2500.0,-inf , 1.0
mic-2_thd,2650.0,-inf , 1.0
mic-2_thd,2800.0,-inf , 1.0
mic-2_thd,3000.0,-inf , 1.0
mic-2_thd,3150.0,-inf , 1.0
mic-2_thd,3350.0,-inf , 1.0
mic-2_thd,3550.0,-inf , 1.0
mic-2_thd,3750.0,-inf , 1.0
mic-2_thd,4000.0,-inf , 1.0
mic-2_thd,4250.0,-inf , 1.0
mic-2_thd,4500.0,-inf , 1.0
mic-2_thd,4750.0,-inf , 1.0
mic-2_thd,5000.0,-inf , 1.0
mic-2_thd,5300.0,-inf , 1.0
mic-2_thd,5600.0,-inf , 1.0
mic-2_thd,6000.0,-inf , 1.0
mic-2_thd,6300.0,-inf , 1.0
mic-2_thd,6700.0,-inf , 1.0
mic-2_thd,7100.0,-inf , 1.0
mic-2_thd,7500.0,-inf , 1.0
mic-2_thd,8000.0,-inf , 1.0
mic-2_thd,8500.0,-inf , 1.0
mic-2_thd,9000.0,-inf , 1.0
mic-2_thd,9500.0,-inf , 1.0
mic-2_thd,10000.0,-inf , 1.0
mic-2_seal_chirp,100.0,20.0 , +inf
mic-2_seal_chirp,106.0,20.4 , +inf
mic-2_seal_chirp,112.0,20.8 , +inf
mic-2_seal_chirp,118.0,21.2 , +inf
mic-2_seal_chirp,125.0,21.6 , +inf
mic-2_seal_chirp,132.0,22.0 , +inf
mic-2_seal_chirp,140.0,22.4 , +inf
mic-2_seal_chirp,150.0,22.9 , +inf
mic-2_seal_chirp,160.0,23.4 , +inf
mic-2_seal_chirp,170.0,23.8 , +inf
mic-2_seal_chirp,180.0,24.2 , +inf
mic-2_seal_chirp,190.0,24.6 , +inf
mic-2_seal_chirp,200.0,25.0 , +inf
mic-2_seal_chirp,212.0,25.0 , +inf
mic-2_seal_chirp,224.0,25.0 , +inf
mic-2_seal_chirp,236.0,25.0 , +inf
mic-2_seal_chirp,250.0,25.0 , +inf
mic-2_seal_chirp,265.0,25.0 , +inf
mic-2_seal_chirp,280.0,25.0 , +inf
mic-2_seal_chirp,300.0,25.0 , +inf
mic-2_seal_chirp,315.0,25.0 , +inf
mic-2_seal_chirp,335.0,25.0 , +inf
mic-2_seal_chirp,355.0,25.0 , +inf
mic-2_seal_chirp,375.0,25.0 , +inf
mic-2_seal_chirp,400.0,25.0 , +inf
mic-2_seal_chirp,425.0,25.0 , +inf
mic-2_seal_chirp,450.0,25.0 , +inf
mic-2_seal_chirp,475.0,25.0 , +inf
mic-2_seal_chirp,500.0,25.0 , +inf
mic-2_seal_chirp,530.0,25.0 , +inf
mic-2_seal_chirp,560.0,25.0 , +inf
mic-2_seal_chirp,600.0,25.0 , +inf
mic-2_seal_chirp,630.0,25.0 , +inf
mic-2_seal_chirp,670.0,25.0 , +inf
mic-2_seal_chirp,710.0,25.0 , +inf
mic-2_seal_chirp,750.0,25.0 , +inf
mic-2_seal_chirp,800.0,25.0 , +inf
mic-2_seal_chirp,850.0,25.0 , +inf
mic-2_seal_chirp,900.0,25.0 , +inf
mic-2_seal_chirp,950.0,25.0 , +inf
mic-2_seal_chirp,1000.0,25.0 , +inf
mic-2_seal_chirp,1060.0,25.0 , +inf
mic-2_seal_chirp,1120.0,25.0 , +inf
mic-2_seal_chirp,1180.0,25.0 , +inf
mic-2_seal_chirp,1250.0,25.0 , +inf
mic-2_seal_chirp,1320.0,25.0 , +inf
mic-2_seal_chirp,1400.0,25.0 , +inf
mic-2_seal_chirp,1500.0,25.0 , +inf
mic-2_seal_chirp,1600.0,25.0 , +inf
mic-2_seal_chirp,1700.0,25.0 , +inf
mic-2_seal_chirp,1800.0,25.0 , +inf
mic-2_seal_chirp,1900.0,25.0 , +inf
mic-2_seal_chirp,2000.0,25.0 , +inf
mic-2_seal_chirp,2120.0,25.0 , +inf
mic-2_seal_chirp,2240.0,25.0 , +inf
mic-2_seal_chirp,2360.0,25.0 , +inf
mic-2_seal_chirp,2500.0,25.0 , +inf
mic-2_seal_chirp,2650.0,25.0 , +inf
mic-2_seal_chirp,2800.0,25.0 , +inf
mic-2_seal_chirp,3000.0,25.0 , +inf
mic-2_seal_chirp,3150.0,25.0 , +inf
mic-2_seal_chirp,3350.0,25.0 , +inf
mic-2_seal_chirp,3550.0,25.0 , +inf
mic-2_seal_chirp,3750.0,25.0 , +inf
mic-2_seal_chirp,4000.0,25.0 , +inf
mic-2_seal_chirp,4250.0,25.0 , +inf
mic-2_seal_chirp,4500.0,25.0 , +inf
mic-2_seal_chirp,4750.0,25.0 , +inf
mic-2_seal_chirp,5000.0,26.5 , +inf
mic-2_seal_chirp,5300.0,28.2 , +inf
mic-2_seal_chirp,5600.0,29.8 , +inf
mic-2_seal_chirp,6000.0,31.8 , +inf
mic-2_seal_chirp,6300.0,33.2 , +inf
mic-2_seal_chirp,6700.0,35.0 , +inf
mic-2_seal_chirp,7100.0,35.0 , +inf
mic-2_seal_chirp,7500.0,35.0 , +inf
mic-2_seal_chirp,8000.0,35.0 , +inf
mic-2_seal_chirp,8500.0,35.0 , +inf
mic-2_seal_chirp,9000.0,35.0 , +inf
mic-2_seal_chirp,9500.0,35.0 , +inf
mic-2_seal_chirp,10000.0,35.0 , +inf
mic-2_seal_chirp,10600.0,-inf , +inf
mic-2_seal_chirp,11200.0,-inf , +inf
mic-2_seal_chirp,11800.0,-inf , +inf
mic-2_seal_chirp,12500.0,-inf , +inf
mic-2_seal_chirp,13200.0,-inf , +inf
mic-2_seal_chirp,14000.0,-inf , +inf
mic-2_seal_chirp,15000.0,-inf , +inf
mic-2_seal_chirp,16000.0,-inf , +inf
mic-2_seal_chirp,17000.0,-inf , +inf
mic-2_seal_chirp,18000.0,-inf , +inf
mic-2_seal_chirp,19000.0,-inf , +inf
mic-2_seal_chirp,20000.0,-inf , +inf
mic-2_seal_chirp,21200.0,-inf , +inf
mic-2_seal_chirp,22400.0,-inf , +inf
mic-3_fr,100.0,-inf , +inf
mic-3_fr,106.0,-inf , +inf
mic-3_fr,112.0,-inf , +inf
mic-3_fr,118.0,-inf , +inf
mic-3_fr,125.0,-inf , +inf
mic-3_fr,132.0,-inf , +inf
mic-3_fr,140.0,-inf , +inf
mic-3_fr,150.0,-inf , +inf
mic-3_fr,160.0,-inf , +inf
mic-3_fr,170.0,-inf , +inf
mic-3_fr,180.0,-inf , +inf
mic-3_fr,190.0,-inf , +inf
mic-3_fr,200.0,-inf , +inf
mic-3_fr,212.0,-inf , +inf
mic-3_fr,224.0,-inf , +inf
mic-3_fr,236.0,-inf , +inf
mic-3_fr,250.0,-inf , +inf
mic-3_fr,265.0,-inf , +inf
mic-3_fr,280.0,-inf , +inf
mic-3_fr,300.0,-inf , +inf
mic-3_fr,315.0,-inf , +inf
mic-3_fr,335.0,-inf , +inf
mic-3_fr,355.0,-inf , +inf
mic-3_fr,375.0,-inf , +inf
mic-3_fr,400.0,-inf , +inf
mic-3_fr,425.0,-inf , +inf
mic-3_fr,450.0,-inf , +inf
mic-3_fr,475.0,-inf , +inf
mic-3_fr,500.0,-inf , +inf
mic-3_fr,530.0,-inf , +inf
mic-3_fr,560.0,-inf , +inf
mic-3_fr,600.0,-inf , +inf
mic-3_fr,630.0,-inf , +inf
mic-3_fr,670.0,-inf , +inf
mic-3_fr,710.0,-inf , +inf
mic-3_fr,750.0,-inf , +inf
mic-3_fr,800.0,-inf , +inf
mic-3_fr,850.0,-inf , +inf
mic-3_fr,900.0,-inf , +inf
mic-3_fr,950.0,-inf , +inf
mic-3_fr,1000.0,-inf , +inf
mic-3_fr,1060.0,-inf , +inf
mic-3_fr,1120.0,-inf , +inf
mic-3_fr,1180.0,-inf , +inf
mic-3_fr,1250.0,-inf , +inf
mic-3_fr,1320.0,-inf , +inf
mic-3_fr,1400.0,-inf , +inf
mic-3_fr,1500.0,-inf , +inf
mic-3_fr,1600.0,-inf , +inf
mic-3_fr,1700.0,-inf , +inf
mic-3_fr,1800.0,-inf , +inf
mic-3_fr,1900.0,-inf , +inf
mic-3_fr,2000.0,-inf , +inf
mic-3_fr,2120.0,-inf , +inf
mic-3_fr,2240.0,-inf , +inf
mic-3_fr,2360.0,-inf , +inf
mic-3_fr,2500.0,-inf , +inf
mic-3_fr,2650.0,-inf , +inf
mic-3_fr,2800.0,-inf , +inf
mic-3_fr,3000.0,-inf , +inf
mic-3_fr,3150.0,-inf , +inf
mic-3_fr,3350.0,-inf , +inf
mic-3_fr,3550.0,-inf , +inf
mic-3_fr,3750.0,-inf , +inf
mic-3_fr,4000.0,-inf , +inf
mic-3_fr,4250.0,-inf , +inf
mic-3_fr,4500.0,-inf , +inf
mic-3_fr,4750.0,-inf , +inf
mic-3_fr,5000.0,-inf , +inf
mic-3_fr,5300.0,-inf , +inf
mic-3_fr,5600.0,-inf , +inf
mic-3_fr,6000.0,-inf , +inf
mic-3_fr,6300.0,-inf , +inf
mic-3_fr,6700.0,-inf , +inf
mic-3_fr,7100.0,-inf , +inf
mic-3_fr,7500.0,-inf , +inf
mic-3_fr,8000.0,-inf , +inf
mic-3_fr,8500.0,-inf , +inf
mic-3_fr,9000.0,-inf , +inf
mic-3_fr,9500.0,-inf , +inf
mic-3_fr,10000.0,-inf , +inf
mic-3_fr,10600.0,-inf , +inf
mic-3_fr,11200.0,-inf , +inf
mic-3_fr,11800.0,-inf , +inf
mic-3_fr,12500.0,-inf , +inf
mic-3_fr,13200.0,-inf , +inf
mic-3_fr,14000.0,-inf , +inf
mic-3_fr,15000.0,-inf , +inf
mic-3_fr,16000.0,-inf , +inf
mic-3_fr,17000.0,-inf , +inf
mic-3_fr,18000.0,-inf , +inf
mic-3_fr,19000.0,-inf , +inf
mic-3_fr,20000.0,-inf , +inf
mic-3_fr,21200.0,-inf , +inf
mic-3_fr,22400.0,-inf , +inf
mic-3_fr_norm,100.0,-3.1 , 0.9
mic-3_fr_norm,106.0,-3.0 , 1.0
mic-3_fr_norm,112.0,-2.8 , 1.2
mic-3_fr_norm,118.0,-2.7 , 1.3
mic-3_fr_norm,125.0,-2.6 , 1.4
mic-3_fr_norm,132.0,-2.5 , 1.5
mic-3_fr_norm,140.0,-2.5 , 1.5
mic-3_fr_norm,150.0,-2.5 , 1.5
mic-3_fr_norm,160.0,-2.5 , 1.5
mic-3_fr_norm,170.0,-2.5 , 1.5
mic-3_fr_norm,180.0,-2.4 , 1.6
mic-3_fr_norm,190.0,-2.4 , 1.6
mic-3_fr_norm,200.0,-2.4 , 1.6
mic-3_fr_norm,212.0,-2.3 , 1.7
mic-3_fr_norm,224.0,-2.3 , 1.7
mic-3_fr_norm,236.0,-2.2 , 1.8
mic-3_fr_norm,250.0,-2.2 , 1.8
mic-3_fr_norm,265.0,-2.2 , 1.8
mic-3_fr_norm,280.0,-2.2 , 1.8
mic-3_fr_norm,300.0,-2.1 , 1.9
mic-3_fr_norm,315.0,-2.1 , 1.9
mic-3_fr_norm,335.0,-2.1 , 1.9
mic-3_fr_norm,355.0,-2.1 , 1.9
mic-3_fr_norm,375.0,-2.1 , 1.9
mic-3_fr_norm,400.0,-2.0 , 2.0
mic-3_fr_norm,425.0,-2.0 , 2.0
mic-3_fr_norm,450.0,-2.0 , 2.0
mic-3_fr_norm,475.0,-2.0 , 2.0
mic-3_fr_norm,500.0,-2.0 , 2.0
mic-3_fr_norm,530.0,-2.0 , 2.0
mic-3_fr_norm,560.0,-2.0 , 2.0
mic-3_fr_norm,600.0,-2.0 , 2.0
mic-3_fr_norm,630.0,-2.0 , 2.0
mic-3_fr_norm,670.0,-2.0 , 2.0
mic-3_fr_norm,710.0,-2.0 , 2.0
mic-3_fr_norm,750.0,-2.0 , 2.0
mic-3_fr_norm,800.0,-2.0 , 2.0
mic-3_fr_norm,850.0,-2.0 , 2.0
mic-3_fr_norm,900.0,-2.0 , 2.0
mic-3_fr_norm,950.0,-2.0 , 2.0
mic-3_fr_norm,1000.0,-2.0 , 2.0
mic-3_fr_norm,1060.0,-2.0 , 2.0
mic-3_fr_norm,1120.0,-2.0 , 2.0
mic-3_fr_norm,1180.0,-2.0 , 2.0
mic-3_fr_norm,1250.0,-2.0 , 2.0
mic-3_fr_norm,1320.0,-2.0 , 2.0
mic-3_fr_norm,1400.0,-2.0 , 2.0
mic-3_fr_norm,1500.0,-2.1 , 2.0
mic-3_fr_norm,1600.0,-2.1 , 2.0
mic-3_fr_norm,1700.0,-2.1 , 2.0
mic-3_fr_norm,1800.0,-2.2 , 2.0
mic-3_fr_norm,1900.0,-2.2 , 2.0
mic-3_fr_norm,2000.0,-2.2 , 2.0
mic-3_fr_norm,2120.0,-2.1 , 2.2
mic-3_fr_norm,2240.0,-2.1 , 2.1
mic-3_fr_norm,2360.0,-2.1 , 2.2
mic-3_fr_norm,2500.0,-2.0 , 2.2
mic-3_fr_norm,2650.0,-2.1 , 2.2
mic-3_fr_norm,2800.0,-2.2 , 2.2
mic-3_fr_norm,3000.0,-2.4 , 2.2
mic-3_fr_norm,3150.0,-2.4 , 2.2
mic-3_fr_norm,3350.0,-2.5 , 2.2
mic-3_fr_norm,3550.0,-2.8 , 2.3
mic-3_fr_norm,3750.0,-2.9 , 2.3
mic-3_fr_norm,4000.0,-3.0 , 2.4
mic-3_fr_norm,4250.0,-3.2 , 2.5
mic-3_fr_norm,4500.0,-3.2 , 2.7
mic-3_fr_norm,4750.0,-3.3 , 2.8
mic-3_fr_norm,5000.0,-3.4 , 2.9
mic-3_fr_norm,5300.0,-3.4 , 3.1
mic-3_fr_norm,5600.0,-3.4 , 3.4
mic-3_fr_norm,6000.0,-3.4 , 3.8
mic-3_fr_norm,6300.0,-3.4 , 4.1
mic-3_fr_norm,6700.0,-3.3 , 4.5
mic-3_fr_norm,7100.0,-3.3 , 5.1
mic-3_fr_norm,7500.0,-3.3 , 5.9
mic-3_fr_norm,8000.0,-3.2 , 6.6
mic-3_fr_norm,8500.0,-3.0 , 7.8
mic-3_fr_norm,9000.0,-2.7 , 8.4
mic-3_fr_norm,9500.0,-2.2 , 9.3
mic-3_fr_norm,10000.0,-1.6 , 10.4
mic-3_fr_norm,10600.0,-inf , +inf
mic-3_fr_norm,11200.0,-inf , +inf
mic-3_fr_norm,11800.0,-inf , +inf
mic-3_fr_norm,12500.0,-inf , +inf
mic-3_fr_norm,13200.0,-inf , +inf
mic-3_fr_norm,14000.0,-inf , +inf
mic-3_fr_norm,15000.0,-inf , +inf
mic-3_fr_norm,16000.0,-inf , +inf
mic-3_fr_norm,17000.0,-inf , +inf
mic-3_fr_norm,18000.0,-inf , +inf
mic-3_fr_norm,19000.0,-inf , +inf
mic-3_fr_norm,20000.0,-inf , +inf
mic-3_fr_norm,21200.0,-inf , +inf
mic-3_fr_norm,22400.0,-inf , +inf
mic-3_thd,100.0,-inf , +inf
mic-3_thd,106.0,-inf , +inf
mic-3_thd,112.0,-inf , +inf
mic-3_thd,118.0,-inf , +inf
mic-3_thd,125.0,-inf , +inf
mic-3_thd,132.0,-inf , +inf
mic-3_thd,140.0,-inf , +inf
mic-3_thd,150.0,-inf , +inf
mic-3_thd,160.0,-inf , +inf
mic-3_thd,170.0,-inf , +inf
mic-3_thd,180.0,-inf , +inf
mic-3_thd,190.0,-inf , +inf
mic-3_thd,200.0,-inf , 1.0
mic-3_thd,212.0,-inf , 1.0
mic-3_thd,224.0,-inf , 1.0
mic-3_thd,236.0,-inf , 1.0
mic-3_thd,250.0,-inf , 1.0
mic-3_thd,265.0,-inf , 1.0
mic-3_thd,280.0,-inf , 1.0
mic-3_thd,300.0,-inf , 1.0
mic-3_thd,315.0,-inf , 1.0
mic-3_thd,335.0,-inf , 1.0
mic-3_thd,355.0,-inf , 1.0
mic-3_thd,375.0,-inf , 1.0
mic-3_thd,400.0,-inf , 1.0
mic-3_thd,425.0,-inf , 1.0
mic-3_thd,450.0,-inf , 1.0
mic-3_thd,475.0,-inf , 1.0
mic-3_thd,500.0,-inf , 1.0
mic-3_thd,530.0,-inf , 1.0
mic-3_thd,560.0,-inf , 1.0
mic-3_thd,600.0,-inf , 1.0
mic-3_thd,630.0,-inf , 1.0
mic-3_thd,670.0,-inf , 1.0
mic-3_thd,710.0,-inf , 1.0
mic-3_thd,750.0,-inf , 1.0
mic-3_thd,800.0,-inf , 1.0
mic-3_thd,850.0,-inf , 1.0
mic-3_thd,900.0,-inf , 1.0
mic-3_thd,950.0,-inf , 1.0
mic-3_thd,1000.0,-inf , 1.0
mic-3_thd,1060.0,-inf , 1.0
mic-3_thd,1120.0,-inf , 1.0
mic-3_thd,1180.0,-inf , 1.0
mic-3_thd,1250.0,-inf , 1.0
mic-3_thd,1320.0,-inf , 1.0
mic-3_thd,1400.0,-inf , 1.0
mic-3_thd,1500.0,-inf , 1.0
mic-3_thd,1600.0,-inf , 1.0
mic-3_thd,1700.0,-inf , 1.0
mic-3_thd,1800.0,-inf , 1.0
mic-3_thd,1900.0,-inf , 1.0
mic-3_thd,2000.0,-inf , 1.0
mic-3_thd,2120.0,-inf , 1.0
mic-3_thd,2240.0,-inf , 1.0
mic-3_thd,2360.0,-inf , 1.0
mic-3_thd,2500.0,-inf , 1.0
mic-3_thd,2650.0,-inf , 1.0
mic-3_thd,2800.0,-inf , 1.0
mic-3_thd,3000.0,-inf , 1.0
mic-3_thd,3150.0,-inf , 1.0
mic-3_thd,3350.0,-inf , 1.0
mic-3_thd,3550.0,-inf , 1.0
mic-3_thd,3750.0,-inf , 1.0
mic-3_thd,4000.0,-inf , 1.0
mic-3_thd,4250.0,-inf , 1.0
mic-3_thd,4500.0,-inf , 1.0
mic-3_thd,4750.0,-inf , 1.0
mic-3_thd,5000.0,-inf , 1.0
mic-3_thd,5300.0,-inf , 1.0
mic-3_thd,5600.0,-inf , 1.0
mic-3_thd,6000.0,-inf , 1.0
mic-3_thd,6300.0,-inf , 1.0
mic-3_thd,6700.0,-inf , 1.0
mic-3_thd,7100.0,-inf , 1.0
mic-3_thd,7500.0,-inf , 1.0
mic-3_thd,8000.0,-inf , 1.0
mic-3_thd,8500.0,-inf , 1.0
mic-3_thd,9000.0,-inf , 1.0
mic-3_thd,9500.0,-inf , 1.0
mic-3_thd,10000.0,-inf , 1.0
mic-3_seal_chirp,100.0,25.0 , +inf
mic-3_seal_chirp,106.0,25.8 , +inf
mic-3_seal_chirp,112.0,26.6 , +inf
mic-3_seal_chirp,118.0,27.4 , +inf
mic-3_seal_chirp,125.0,28.2 , +inf
mic-3_seal_chirp,132.0,29.0 , +inf
mic-3_seal_chirp,140.0,29.9 , +inf
mic-3_seal_chirp,150.0,30.8 , +inf
mic-3_seal_chirp,160.0,31.8 , +inf
mic-3_seal_chirp,170.0,32.7 , +inf
mic-3_seal_chirp,180.0,33.5 , +inf
mic-3_seal_chirp,190.0,34.3 , +inf
mic-3_seal_chirp,200.0,35.0 , +inf
mic-3_seal_chirp,212.0,35.0 , +inf
mic-3_seal_chirp,224.0,35.0 , +inf
mic-3_seal_chirp,236.0,35.0 , +inf
mic-3_seal_chirp,250.0,35.0 , +inf
mic-3_seal_chirp,265.0,35.0 , +inf
mic-3_seal_chirp,280.0,35.0 , +inf
mic-3_seal_chirp,300.0,35.0 , +inf
mic-3_seal_chirp,315.0,35.0 , +inf
mic-3_seal_chirp,335.0,35.0 , +inf
mic-3_seal_chirp,355.0,35.0 , +inf
mic-3_seal_chirp,375.0,35.0 , +inf
mic-3_seal_chirp,400.0,35.0 , +inf
mic-3_seal_chirp,425.0,35.0 , +inf
mic-3_seal_chirp,450.0,35.0 , +inf
mic-3_seal_chirp,475.0,35.0 , +inf
mic-3_seal_chirp,500.0,35.0 , +inf
mic-3_seal_chirp,530.0,35.0 , +inf
mic-3_seal_chirp,560.0,35.0 , +inf
mic-3_seal_chirp,600.0,35.0 , +inf
mic-3_seal_chirp,630.0,35.0 , +inf
mic-3_seal_chirp,670.0,35.0 , +inf
mic-3_seal_chirp,710.0,35.0 , +inf
mic-3_seal_chirp,750.0,35.0 , +inf
mic-3_seal_chirp,800.0,35.0 , +inf
mic-3_seal_chirp,850.0,35.0 , +inf
mic-3_seal_chirp,900.0,35.0 , +inf
mic-3_seal_chirp,950.0,35.0 , +inf
mic-3_seal_chirp,1000.0,35.0 , +inf
mic-3_seal_chirp,1060.0,35.0 , +inf
mic-3_seal_chirp,1120.0,35.0 , +inf
mic-3_seal_chirp,1180.0,35.0 , +inf
mic-3_seal_chirp,1250.0,35.0 , +inf
mic-3_seal_chirp,1320.0,35.0 , +inf
mic-3_seal_chirp,1400.0,35.0 , +inf
mic-3_seal_chirp,1500.0,35.0 , +inf
mic-3_seal_chirp,1600.0,35.0 , +inf
mic-3_seal_chirp,1700.0,35.0 , +inf
mic-3_seal_chirp,1800.0,35.0 , +inf
mic-3_seal_chirp,1900.0,35.0 , +inf
mic-3_seal_chirp,2000.0,35.0 , +inf
mic-3_seal_chirp,2120.0,35.0 , +inf
mic-3_seal_chirp,2240.0,35.0 , +inf
mic-3_seal_chirp,2360.0,35.0 , +inf
mic-3_seal_chirp,2500.0,35.0 , +inf
mic-3_seal_chirp,2650.0,35.0 , +inf
mic-3_seal_chirp,2800.0,35.0 , +inf
mic-3_seal_chirp,3000.0,35.0 , +inf
mic-3_seal_chirp,3150.0,35.0 , +inf
mic-3_seal_chirp,3350.0,35.0 , +inf
mic-3_seal_chirp,3550.0,35.0 , +inf
mic-3_seal_chirp,3750.0,35.0 , +inf
mic-3_seal_chirp,4000.0,35.0 , +inf
mic-3_seal_chirp,4250.0,35.0 , +inf
mic-3_seal_chirp,4500.0,35.0 , +inf
mic-3_seal_chirp,4750.0,35.0 , +inf
mic-3_seal_chirp,5000.0,35.0 , +inf
mic-3_seal_chirp,5300.0,35.0 , +inf
mic-3_seal_chirp,5600.0,35.0 , +inf
mic-3_seal_chirp,6000.0,35.0 , +inf
mic-3_seal_chirp,6300.0,35.0 , +inf
mic-3_seal_chirp,6700.0,35.0 , +inf
mic-3_seal_chirp,7100.0,35.0 , +inf
mic-3_seal_chirp,7500.0,35.0 , +inf
mic-3_seal_chirp,8000.0,35.0 , +inf
mic-3_seal_chirp,8500.0,35.0 , +inf
mic-3_seal_chirp,9000.0,35.0 , +inf
mic-3_seal_chirp,9500.0,35.0 , +inf
mic-3_seal_chirp,10000.0,35.0 , +inf
mic-3_seal_chirp,10600.0,-inf , +inf
mic-3_seal_chirp,11200.0,-inf , +inf
mic-3_seal_chirp,11800.0,-inf , +inf
mic-3_seal_chirp,12500.0,-inf , +inf
mic-3_seal_chirp,13200.0,-inf , +inf
mic-3_seal_chirp,14000.0,-inf , +inf
mic-3_seal_chirp,15000.0,-inf , +inf
mic-3_seal_chirp,16000.0,-inf , +inf
mic-3_seal_chirp,17000.0,-inf , +inf
mic-3_seal_chirp,18000.0,-inf , +inf
mic-3_seal_chirp,19000.0,-inf , +inf
mic-3_seal_chirp,20000.0,-inf , +inf
mic-3_seal_chirp,21200.0,-inf , +inf
mic-3_seal_chirp,22400.0,-inf , +inf
spk-1_fr,100.0,71.9 , 79.9
spk-1_fr,106.0,73.1 , 81.1
spk-1_fr,112.0,74.2 , 82.2
spk-1_fr,118.0,75.2 , 83.2
spk-1_fr,125.0,76.4 , 84.4
spk-1_fr,132.0,77.4 , 85.4
spk-1_fr,140.0,78.5 , 86.5
spk-1_fr,150.0,79.8 , 87.8
spk-1_fr,160.0,81.0 , 89.0
spk-1_fr,170.0,82.2 , 90.2
spk-1_fr,180.0,83.2 , 91.2
spk-1_fr,190.0,84.2 , 92.2
spk-1_fr,200.0,85.1 , 93.1
spk-1_fr,212.0,86.2 , 94.2
spk-1_fr,224.0,87.2 , 95.2
spk-1_fr,236.0,88.2 , 96.2
spk-1_fr,250.0,89.2 , 97.2
spk-1_fr,265.0,90.3 , 98.3
spk-1_fr,280.0,91.3 , 99.3
spk-1_fr,300.0,92.5 , 100.5
spk-1_fr,315.0,93.5 , 101.5
spk-1_fr,335.0,94.8 , 102.8
spk-1_fr,355.0,95.9 , 103.9
spk-1_fr,375.0,97.1 , 105.1
spk-1_fr,400.0,98.4 , 106.4
spk-1_fr,425.0,99.4 , 107.4
spk-1_fr,450.0,100.4 , 108.4
spk-1_fr,475.0,101.4 , 109.4
spk-1_fr,500.0,102.1 , 110.1
spk-1_fr,530.0,103.2 , 111.2
spk-1_fr,560.0,104.7 , 111.7
spk-1_fr,600.0,106.0 , 113.0
spk-1_fr,630.0,106.6 , 113.6
spk-1_fr,670.0,107.6 , 114.6
spk-1_fr,710.0,107.5 , 114.5
spk-1_fr,750.0,107.4 , 114.4
spk-1_fr,800.0,107.2 , 114.2
spk-1_fr,850.0,107.0 , 113.5
spk-1_fr,900.0,107.5 , 113.5
spk-1_fr,950.0,107.5 , 113.5
spk-1_fr,1000.0,107.3 , 113.3
spk-1_fr,1060.0,107.1 , 113.1
spk-1_fr,1120.0,107.1 , 113.1
spk-1_fr,1180.0,106.8 , 112.8
spk-1_fr,1250.0,106.5 , 112.5
spk-1_fr,1320.0,106.2 , 112.2
spk-1_fr,1400.0,106.2 , 112.2
spk-1_fr,1500.0,106.6 , 112.6
spk-1_fr,1600.0,106.9 , 112.9
spk-1_fr,1700.0,106.5 , 112.5
spk-1_fr,1800.0,106.1 , 112.1
spk-1_fr,1900.0,106.5 , 112.5
spk-1_fr,2000.0,107.1 , 113.1
spk-1_fr,2120.0,107.5 , 114.5
spk-1_fr,2240.0,108.2 , 115.2
spk-1_fr,2360.0,108.8 , 115.8
spk-1_fr,2500.0,109.2 , 116.2
spk-1_fr,2650.0,109.6 , 116.8
spk-1_fr,2800.0,109.2 , 117.2
spk-1_fr,3000.0,109.8 , 118.4
spk-1_fr,3150.0,111.1 , 120.5
spk-1_fr,3350.0,112.1 , 121.9
spk-1_fr,3550.0,111.7 , 121.5
spk-1_fr,3750.0,109.9 , 119.7
spk-1_fr,4000.0,107.1 , 116.9
spk-1_fr,4250.0,104.5 , 114.3
spk-1_fr,4500.0,101.9 , 111.7
spk-1_fr,4750.0,100.3 , 110.1
spk-1_fr,5000.0,99.8 , 109.2
spk-1_fr,5300.0,99.1 , 107.5
spk-1_fr,5600.0,97.9 , 106.9
spk-1_fr,6000.0,96.9 , 106.3
spk-1_fr,6300.0,96.6 , 106.0
spk-1_fr,6700.0,95.1 , 104.9
spk-1_fr,7100.0,92.5 , 102.3
spk-1_fr,7500.0,90.9 , 100.5
spk-1_fr,8000.0,89.8 , 99.4
spk-1_fr,8500.0,92.4 , 102.0
spk-1_fr,9000.0,92.5 , 102.1
spk-1_fr,9500.0,92.1 , 102.1
spk-1_fr,10000.0,89.6 , 101.6
spk-1_fr,10600.0,-inf , +inf
spk-1_fr,11200.0,-inf , +inf
spk-1_fr,11800.0,-inf , +inf
spk-1_fr,12500.0,-inf , +inf
spk-1_fr,13200.0,-inf , +inf
spk-1_fr,14000.0,-inf , +inf
spk-1_fr,15000.0,-inf , +inf
spk-1_fr,16000.0,-inf , +inf
spk-1_fr,17000.0,-inf , +inf
spk-1_fr,18000.0,-inf , +inf
spk-1_fr,19000.0,-inf , +inf
spk-1_fr,20000.0,-inf , +inf
spk-1_fr,21200.0,-inf , +inf
spk-1_fr,22400.0,-inf , +inf
spk-1_fr,23600.0,-inf , +inf
spk-1_thd,100.0,-inf , 90.0
spk-1_thd,106.0,-inf , 93.8
spk-1_thd,112.0,-inf , 97.4
spk-1_thd,118.0,-inf , 100.7
spk-1_thd,125.0,-inf , 104.5
spk-1_thd,132.0,-inf , 108.0
spk-1_thd,140.0,-inf , 111.8
spk-1_thd,150.0,-inf , 116.3
spk-1_thd,160.0,-inf , 120.5
spk-1_thd,170.0,-inf , 124.4
spk-1_thd,180.0,-inf , 128.2
spk-1_thd,190.0,-inf , 131.7
spk-1_thd,200.0,-inf , 135.0
spk-1_thd,212.0,-inf , 135.0
spk-1_thd,224.0,-inf , 135.0
spk-1_thd,236.0,-inf , 135.0
spk-1_thd,250.0,-inf , 135.0
spk-1_thd,265.0,-inf , 135.0
spk-1_thd,280.0,-inf , 135.0
spk-1_thd,300.0,-inf , 135.0
spk-1_thd,315.0,-inf , 127.8
spk-1_thd,335.0,-inf , 118.8
spk-1_thd,355.0,-inf , 110.3
spk-1_thd,375.0,-inf , 102.2
spk-1_thd,400.0,-inf , 92.8
spk-1_thd,425.0,-inf , 83.9
spk-1_thd,450.0,-inf , 75.5
spk-1_thd,475.0,-inf , 67.5
spk-1_thd,500.0,-inf , 60.0
spk-1_thd,530.0,-inf , 55.9
spk-1_thd,560.0,-inf , 52.1
spk-1_thd,600.0,-inf , 47.2
spk-1_thd,630.0,-inf , 43.8
spk-1_thd,670.0,-inf , 39.5
spk-1_thd,710.0,-inf , 35.4
spk-1_thd,750.0,-inf , 31.6
spk-1_thd,800.0,-inf , 27.0
spk-1_thd,850.0,-inf , 22.8
spk-1_thd,900.0,-inf , 18.8
spk-1_thd,950.0,-inf , 15.0
spk-1_thd,1000.0,-inf , 15.0
spk-1_thd,1060.0,-inf , 15.0
spk-1_thd,1120.0,-inf , 15.0
spk-1_thd,1180.0,-inf , 15.0
spk-1_thd,1250.0,-inf , 15.0
spk-1_thd,1320.0,-inf , 15.0
spk-1_thd,1400.0,-inf , 15.0
spk-1_thd,1500.0,-inf , 15.0
spk-1_thd,1600.0,-inf , 15.0
spk-1_thd,1700.0,-inf , 15.0
spk-1_thd,1800.0,-inf , 15.0
spk-1_thd,1900.0,-inf , 15.0
spk-1_thd,2000.0,-inf , 13.8
spk-1_thd,2120.0,-inf , 12.5
spk-1_thd,2240.0,-inf , 11.2
spk-1_thd,2360.0,-inf , 10.0
spk-1_thd,2500.0,-inf , 10.0
spk-1_thd,2650.0,-inf , 10.0
spk-1_thd,2800.0,-inf , 10.0
spk-1_thd,3000.0,-inf , 10.0
spk-1_thd,3150.0,-inf , 10.0
spk-1_thd,3350.0,-inf , 10.0
spk-1_thd,3550.0,-inf , 10.0
spk-1_thd,3750.0,-inf , 10.0
spk-1_thd,4000.0,-inf , 10.0
spk-1_thd,4250.0,-inf , 10.0
spk-1_thd,4500.0,-inf , 10.0
spk-1_thd,4750.0,-inf , 10.0
spk-1_thd,5000.0,-inf , 10.0
spk-1_thd,5300.0,-inf , 10.0
spk-1_thd,5600.0,-inf , 10.0
spk-1_thd,6000.0,-inf , 10.0
spk-1_thd,6300.0,-inf , 10.0
spk-1_thd,6700.0,-inf , 10.0
spk-1_thd,7100.0,-inf , 10.0
spk-1_thd,7500.0,-inf , 10.0
spk-1_thd,8000.0,-inf , 10.0
spk-1_thd,8500.0,-inf , 10.0
spk-1_thd,9000.0,-inf , 10.0
spk-1_thd,9500.0,-inf , 10.0
spk-1_thd,10000.0,-inf , 10.0
spk-1_rb,100.0,-inf , 5.0
spk-1_rb,106.0,-inf , 4.4
spk-1_rb,112.0,-inf , 3.9
spk-1_rb,118.0,-inf , 3.4
spk-1_rb,125.0,-inf , 2.8
spk-1_rb,132.0,-inf , 2.3
spk-1_rb,140.0,-inf , 1.7
spk-1_rb,150.0,-inf , 1.5
spk-1_rb,160.0,-inf , 1.5
spk-1_rb,170.0,-inf , 1.5
spk-1_rb,180.0,-inf , 1.5
spk-1_rb,190.0,-inf , 1.5
spk-1_rb,200.0,-inf , 1.9
spk-1_rb,212.0,-inf , 2.3
spk-1_rb,224.0,-inf , 2.7
spk-1_rb,236.0,-inf , 3.1
spk-1_rb,250.0,-inf , 3.6
spk-1_rb,265.0,-inf , 4.0
spk-1_rb,280.0,-inf , 4.0
spk-1_rb,300.0,-inf , 4.0
spk-1_rb,315.0,-inf , 4.0
spk-1_rb,335.0,-inf , 4.0
spk-1_rb,355.0,-inf , 4.0
spk-1_rb,375.0,-inf , 4.0
spk-1_rb,400.0,-inf , 4.0
spk-1_rb,425.0,-inf , 3.5
spk-1_rb,450.0,-inf , 3.1
spk-1_rb,475.0,-inf , 2.7
spk-1_rb,500.0,-inf , 2.3
spk-1_rb,530.0,-inf , 1.8
spk-1_rb,560.0,-inf , 1.8
spk-1_rb,600.0,-inf , 1.8
spk-1_rb,630.0,-inf , 1.8
spk-1_rb,670.0,-inf , 1.8
spk-1_rb,710.0,-inf , 1.8
spk-1_rb,750.0,-inf , 1.8
spk-1_rb,800.0,-inf , 1.7
spk-1_rb,850.0,-inf , 1.5
spk-1_rb,900.0,-inf , 1.4
spk-1_rb,950.0,-inf , 1.3
spk-1_rb,1000.0,-inf , 1.2
spk-1_rb,1060.0,-inf , 1.2
spk-1_rb,1120.0,-inf , 1.2
spk-1_rb,1180.0,-inf , 1.2
spk-1_rb,1250.0,-inf , 1.2
spk-1_rb,1320.0,-inf , 1.2
spk-1_rb,1400.0,-inf , 1.2
spk-1_rb,1500.0,-inf , 1.2
spk-1_rb,1600.0,-inf , 1.2
spk-1_rb,1700.0,-inf , 1.2
spk-1_rb,1800.0,-inf , 1.2
spk-1_rb,1900.0,-inf , 1.2
spk-1_rb,2000.0,-inf , 1.2
spk-2_fr,100.0,73.7 , 81.7
spk-2_fr,106.0,74.8 , 82.8
spk-2_fr,112.0,75.8 , 83.8
spk-2_fr,118.0,76.9 , 84.9
spk-2_fr,125.0,77.9 , 85.9
spk-2_fr,132.0,79.0 , 87.0
spk-2_fr,140.0,80.1 , 88.1
spk-2_fr,150.0,81.4 , 89.4
spk-2_fr,160.0,82.6 , 90.6
spk-2_fr,170.0,83.7 , 91.7
spk-2_fr,180.0,84.8 , 92.8
spk-2_fr,190.0,85.8 , 93.8
spk-2_fr,200.0,86.8 , 94.8
spk-2_fr,212.0,88.0 , 96.0
spk-2_fr,224.0,89.0 , 97.0
spk-2_fr,236.0,90.0 , 98.0
spk-2_fr,250.0,91.1 , 99.1
spk-2_fr,265.0,92.1 , 100.1
spk-2_fr,280.0,93.2 , 101.2
spk-2_fr,300.0,94.5 , 102.5
spk-2_fr,315.0,95.5 , 103.5
spk-2_fr,335.0,96.7 , 104.7
spk-2_fr,355.0,97.6 , 105.6
spk-2_fr,375.0,98.6 , 106.6
spk-2_fr,400.0,99.6 , 107.6
spk-2_fr,425.0,100.5 , 108.5
spk-2_fr,450.0,101.6 , 109.6
spk-2_fr,475.0,102.6 , 110.6
spk-2_fr,500.0,103.5 , 111.5
spk-2_fr,530.0,104.4 , 112.4
spk-2_fr,560.0,105.8 , 112.8
spk-2_fr,600.0,106.8 , 113.8
spk-2_fr,630.0,107.5 , 114.5
spk-2_fr,670.0,108.1 , 115.1
spk-2_fr,710.0,108.6 , 115.6
spk-2_fr,750.0,109.0 , 116.0
spk-2_fr,800.0,109.6 , 116.6
spk-2_fr,850.0,110.2 , 116.7
spk-2_fr,900.0,110.6 , 116.6
spk-2_fr,950.0,110.7 , 116.7
spk-2_fr,1000.0,110.7 , 116.7
spk-2_fr,1060.0,110.6 , 116.6
spk-2_fr,1120.0,110.5 , 116.5
spk-2_fr,1180.0,110.3 , 116.3
spk-2_fr,1250.0,109.9 , 115.9
spk-2_fr,1320.0,109.5 , 115.5
spk-2_fr,1400.0,109.3 , 115.3
spk-2_fr,1500.0,109.2 , 115.2
spk-2_fr,1600.0,109.4 , 115.4
spk-2_fr,1700.0,109.3 , 115.3
spk-2_fr,1800.0,109.2 , 115.2
spk-2_fr,1900.0,109.4 , 115.4
spk-2_fr,2000.0,109.6 , 115.6
spk-2_fr,2120.0,109.1 , 116.1
spk-2_fr,2240.0,109.4 , 116.4
spk-2_fr,2360.0,109.7 , 116.7
spk-2_fr,2500.0,110.3 , 117.3
spk-2_fr,2650.0,111.3 , 118.3
spk-2_fr,2800.0,112.7 , 119.7
spk-2_fr,3000.0,114.7 , 121.7
spk-2_fr,3150.0,115.3 , 122.3
spk-2_fr,3350.0,114.8 , 121.8
spk-2_fr,3550.0,115.5 , 122.9
spk-2_fr,3750.0,115.9 , 123.3
spk-2_fr,4000.0,115.4 , 123.2
spk-2_fr,4250.0,116.0 , 124.0
spk-2_fr,4500.0,116.6 , 125.3
spk-2_fr,4750.0,118.0 , 127.0
spk-2_fr,5000.0,118.3 , 127.3
spk-2_fr,5300.0,115.5 , 124.5
spk-2_fr,5600.0,112.7 , 121.7
spk-2_fr,6000.0,109.2 , 118.2
spk-2_fr,6300.0,108.2 , 117.1
spk-2_fr,6700.0,106.7 , 115.7
spk-2_fr,7100.0,105.8 , 114.8
spk-2_fr,7500.0,106.1 , 115.0
spk-2_fr,8000.0,104.7 , 114.2
spk-2_fr,8500.0,103.0 , 112.7
spk-2_fr,9000.0,101.1 , 110.9
spk-2_fr,9500.0,99.3 , 109.4
spk-2_fr,10000.0,99.4 , 109.3
spk-2_fr,10600.0,-inf , +inf
spk-2_fr,11200.0,-inf , +inf
spk-2_fr,11800.0,-inf , +inf
spk-2_fr,12500.0,-inf , +inf
spk-2_fr,13200.0,-inf , +inf
spk-2_fr,14000.0,-inf , +inf
spk-2_fr,15000.0,-inf , +inf
spk-2_fr,16000.0,-inf , +inf
spk-2_fr,17000.0,-inf , +inf
spk-2_fr,18000.0,-inf , +inf
spk-2_fr,19000.0,-inf , +inf
spk-2_fr,20000.0,-inf , +inf
spk-2_fr,21200.0,-inf , +inf
spk-2_fr,22400.0,-inf , +inf
spk-2_fr,23600.0,-inf , +inf
spk-2_thd,100.0,-inf , 50.0
spk-2_thd,106.0,-inf , 51.3
spk-2_thd,112.0,-inf , 52.5
spk-2_thd,118.0,-inf , 53.6
spk-2_thd,125.0,-inf , 54.8
spk-2_thd,132.0,-inf , 56.0
spk-2_thd,140.0,-inf , 57.3
spk-2_thd,150.0,-inf , 58.8
spk-2_thd,160.0,-inf , 60.2
spk-2_thd,170.0,-inf , 61.5
spk-2_thd,180.0,-inf , 62.7
spk-2_thd,190.0,-inf , 63.9
spk-2_thd,200.0,-inf , 65.0
spk-2_thd,212.0,-inf , 65.0
spk-2_thd,224.0,-inf , 65.0
spk-2_thd,236.0,-inf , 65.0
spk-2_thd,250.0,-inf , 65.0
spk-2_thd,265.0,-inf , 65.0
spk-2_thd,280.0,-inf , 65.0
spk-2_thd,300.0,-inf , 65.0
spk-2_thd,315.0,-inf , 61.1
spk-2_thd,335.0,-inf , 56.3
spk-2_thd,355.0,-inf , 51.7
spk-2_thd,375.0,-inf , 47.4
spk-2_thd,400.0,-inf , 42.3
spk-2_thd,425.0,-inf , 37.5
spk-2_thd,450.0,-inf , 32.9
spk-2_thd,475.0,-inf , 28.7
spk-2_thd,500.0,-inf , 24.6
spk-2_thd,530.0,-inf , 20.0
spk-2_thd,560.0,-inf , 18.4
spk-2_thd,600.0,-inf , 16.3
spk-2_thd,630.0,-inf , 14.8
spk-2_thd,670.0,-inf , 13.0
spk-2_thd,710.0,-inf , 13.0
spk-2_thd,750.0,-inf , 13.0
spk-2_thd,800.0,-inf , 13.0
spk-2_thd,850.0,-inf , 13.0
spk-2_thd,900.0,-inf , 13.0
spk-2_thd,950.0,-inf , 13.0
spk-2_thd,1000.0,-inf , 13.0
spk-2_thd,1060.0,-inf , 13.0
spk-2_thd,1120.0,-inf , 13.0
spk-2_thd,1180.0,-inf , 13.0
spk-2_thd,1250.0,-inf , 13.0
spk-2_thd,1320.0,-inf , 13.0
spk-2_thd,1400.0,-inf , 13.0
spk-2_thd,1500.0,-inf , 13.0
spk-2_thd,1600.0,-inf , 13.0
spk-2_thd,1700.0,-inf , 13.0
spk-2_thd,1800.0,-inf , 13.0
spk-2_thd,1900.0,-inf , 12.3
spk-2_thd,2000.0,-inf , 11.6
spk-2_thd,2120.0,-inf , 10.8
spk-2_thd,2240.0,-inf , 10.0
spk-2_thd,2360.0,-inf , 10.0
spk-2_thd,2500.0,-inf , 10.0
spk-2_thd,2650.0,-inf , 10.0
spk-2_thd,2800.0,-inf , 10.0
spk-2_thd,3000.0,-inf , 10.0
spk-2_thd,3150.0,-inf , 10.0
spk-2_thd,3350.0,-inf , 10.0
spk-2_thd,3550.0,-inf , 10.0
spk-2_thd,3750.0,-inf , 10.0
spk-2_thd,4000.0,-inf , 10.0
spk-2_thd,4250.0,-inf , 10.0
spk-2_thd,4500.0,-inf , 10.0
spk-2_thd,4750.0,-inf , 10.0
spk-2_thd,5000.0,-inf , 10.0
spk-2_thd,5300.0,-inf , 10.0
spk-2_thd,5600.0,-inf , 10.0
spk-2_thd,6000.0,-inf , 10.0
spk-2_thd,6300.0,-inf , 10.0
spk-2_thd,6700.0,-inf , 10.0
spk-2_thd,7100.0,-inf , 10.0
spk-2_thd,7500.0,-inf , 10.0
spk-2_thd,8000.0,-inf , 10.0
spk-2_thd,8500.0,-inf , 10.0
spk-2_thd,9000.0,-inf , 10.0
spk-2_thd,9500.0,-inf , 10.0
spk-2_thd,10000.0,-inf , 10.0
spk-2_rb,100.0,-inf , 2.5
spk-2_rb,106.0,-inf , 2.3
spk-2_rb,112.0,-inf , 2.2
spk-2_rb,118.0,-inf , 2.0
spk-2_rb,125.0,-inf , 1.8
spk-2_rb,132.0,-inf , 1.7
spk-2_rb,140.0,-inf , 1.5
spk-2_rb,150.0,-inf , 1.3
spk-2_rb,160.0,-inf , 1.1
spk-2_rb,170.0,-inf , 1.0
spk-2_rb,180.0,-inf , 1.0
spk-2_rb,190.0,-inf , 1.0
spk-2_rb,200.0,-inf , 1.0
spk-2_rb,212.0,-inf , 1.0
spk-2_rb,224.0,-inf , 1.0
spk-2_rb,236.0,-inf , 1.0
spk-2_rb,250.0,-inf , 1.0
spk-2_rb,265.0,-inf , 1.1
spk-2_rb,280.0,-inf , 1.2
spk-2_rb,300.0,-inf , 1.3
spk-2_rb,315.0,-inf , 1.4
spk-2_rb,335.0,-inf , 1.5
spk-2_rb,355.0,-inf , 1.6
spk-2_rb,375.0,-inf , 1.6
spk-2_rb,400.0,-inf , 1.6
spk-2_rb,425.0,-inf , 1.6
spk-2_rb,450.0,-inf , 1.6
spk-2_rb,475.0,-inf , 1.6
spk-2_rb,500.0,-inf , 1.6
spk-2_rb,530.0,-inf , 1.6
spk-2_rb,560.0,-inf , 1.6
spk-2_rb,600.0,-inf , 1.6
spk-2_rb,630.0,-inf , 1.5
spk-2_rb,670.0,-inf , 1.4
spk-2_rb,710.0,-inf , 1.2
spk-2_rb,750.0,-inf , 1.1
spk-2_rb,800.0,-inf , 1.0
spk-2_rb,850.0,-inf , 1.0
spk-2_rb,900.0,-inf , 1.0
spk-2_rb,950.0,-inf , 1.0
spk-2_rb,1000.0,-inf , 1.0
spk-2_rb,1060.0,-inf , 1.0
spk-2_rb,1120.0,-inf , 1.0
spk-2_rb,1180.0,-inf , 1.0
spk-2_rb,1250.0,-inf , 1.0
spk-2_rb,1320.0,-inf , 1.0
spk-2_rb,1400.0,-inf , 1.0
spk-2_rb,1500.0,-inf , 1.0
spk-2_rb,1600.0,-inf , 1.0
spk-2_rb,1700.0,-inf , 1.0
spk-2_rb,1800.0,-inf , 1.0
spk-2_rb,1900.0,-inf , 1.0
spk-2_rb,2000.0,-inf , 1.0
hac-1_fr,300.0,-48.7 , -36.7
hac-1_fr,315.0,-48.3 , -36.3
hac-1_fr,335.0,-47.8 , -35.8
hac-1_fr,355.0,-47.4 , -35.4
hac-1_fr,375.0,-46.9 , -34.9
hac-1_fr,400.0,-46.4 , -34.4
hac-1_fr,425.0,-45.9 , -33.9
hac-1_fr,450.0,-45.5 , -33.5
hac-1_fr,475.0,-45.1 , -33.1
hac-1_fr,500.0,-44.7 , -32.7
hac-1_fr,530.0,-44.2 , -32.2
hac-1_fr,560.0,-43.8 , -31.8
hac-1_fr,600.0,-43.3 , -31.3
hac-1_fr,630.0,-43.0 , -31.0
hac-1_fr,670.0,-42.5 , -30.5
hac-1_fr,710.0,-42.2 , -30.2
hac-1_fr,750.0,-41.9 , -29.9
hac-1_fr,800.0,-41.6 , -29.6
hac-1_fr,850.0,-41.5 , -29.5
hac-1_fr,900.0,-41.1 , -29.1
hac-1_fr,950.0,-40.8 , -28.8
hac-1_fr,1000.0,-40.5 , -28.5
hac-1_fr,1060.0,-40.1 , -28.1
hac-1_fr,1120.0,-39.8 , -27.8
hac-1_fr,1180.0,-39.5 , -27.5
hac-1_fr,1250.0,-39.2 , -27.2
hac-1_fr,1320.0,-38.9 , -26.9
hac-1_fr,1400.0,-38.6 , -26.6
hac-1_fr,1500.0,-38.3 , -26.3
hac-1_fr,1600.0,-38.0 , -26.0
hac-1_fr,1700.0,-37.7 , -25.7
hac-1_fr,1800.0,-37.4 , -25.4
hac-1_fr,1900.0,-37.2 , -25.2
hac-1_fr,2000.0,-37.0 , -25.0
hac-1_fr,2120.0,-36.8 , -24.8
hac-1_fr,2240.0,-36.6 , -24.6
hac-1_fr,2360.0,-36.4 , -24.4
hac-1_fr,2500.0,-36.3 , -24.3
hac-1_fr,2650.0,-36.1 , -24.1
hac-1_fr,2800.0,-36.0 , -24.0
hac-1_fr,3000.0,-35.9 , -23.9
hac-1_fr,3150.0,-35.9 , -23.9
hac-1_fr,3350.0,-35.9 , -23.9
hac-1_fr,3550.0,-36.0 , -24.0
hac-1_fr,3750.0,-36.2 , -24.2
hac-1_fr,4000.0,-36.5 , -24.5
hac-1_thdn,300.0,-inf , 100.0
hac-1_thdn,315.0,-inf , 97.7
hac-1_thdn,335.0,-inf , 94.9
hac-1_thdn,355.0,-inf , 92.2
hac-1_thdn,375.0,-inf , 89.6
hac-1_thdn,400.0,-inf , 86.6
hac-1_thdn,425.0,-inf , 83.8
hac-1_thdn,450.0,-inf , 81.2
hac-1_thdn,475.0,-inf , 78.7
hac-1_thdn,500.0,-inf , 76.3
hac-1_thdn,530.0,-inf , 73.6
hac-1_thdn,560.0,-inf , 71.0
hac-1_thdn,600.0,-inf , 67.8
hac-1_thdn,630.0,-inf , 65.6
hac-1_thdn,670.0,-inf , 62.7
hac-1_thdn,710.0,-inf , 60.0
hac-1_thdn,750.0,-inf , 56.0
hac-1_thdn,800.0,-inf , 51.3
hac-1_thdn,850.0,-inf , 46.9
hac-1_thdn,900.0,-inf , 42.7
hac-1_thdn,950.0,-inf , 38.7
hac-1_thdn,1000.0,-inf , 35.0
hac-1_thdn,1060.0,-inf , 34.2
hac-1_thdn,1120.0,-inf , 33.4
hac-1_thdn,1180.0,-inf , 32.6
hac-1_thdn,1250.0,-inf , 31.8
hac-1_thdn,1320.0,-inf , 31.0
hac-1_thdn,1400.0,-inf , 30.1
hac-1_thdn,1500.0,-inf , 29.2
hac-1_thdn,1600.0,-inf , 28.2
hac-1_thdn,1700.0,-inf , 27.3
hac-1_thdn,1800.0,-inf , 26.5
hac-1_thdn,1900.0,-inf , 25.7
hac-1_thdn,2000.0,-inf , 25.0
hac-1_thdn,2120.0,-inf , 24.2
hac-1_thdn,2240.0,-inf , 23.4
hac-1_thdn,2360.0,-inf , 22.6
hac-1_thdn,2500.0,-inf , 21.8
hac-1_thdn,2650.0,-inf , 20.9
hac-1_thdn,2800.0,-inf , 20.1
hac-1_thdn,3000.0,-inf , 19.2
hac-1_thdn,3150.0,-inf , 18.4
hac-1_thdn,3350.0,-inf , 17.6
hac-1_thdn,3550.0,-inf , 16.7
hac-1_thdn,3750.0,-inf , 15.9
hac-1_thdn,4000.0,-inf , 15.0
