,0,1609,1610,1611,1612,1613,1614,1615,1616,1617,1618,1619,1620,1621,1622,1623,1624,1625,1626,1627,1628,1629,1630,1631,1632,1633,1634,1635,1636,1637,1638,1639,1640,1641,1642,1643,1644,1645,1646,1647,1648,1649,1650,1651,1652,1653,1654
phase,dut_id,hac-1_thdn,hac-1_thdn,hac-1_thdn,hac-1_thdn,hac-1_thdn,hac-1_thdn,hac-1_thdn,hac-1_thdn,hac-1_thdn,hac-1_thdn,hac-1_thdn,hac-1_thdn,hac-1_thdn,hac-1_thdn,hac-1_thdn,hac-1_thdn,hac-1_thdn,hac-1_thdn,hac-1_thdn,hac-1_thdn,hac-1_thdn,hac-1_thdn,hac-1_thdn,hac-1_thdn,hac-1_thdn,hac-1_thdn,hac-1_thdn,hac-1_thdn,hac-1_thdn,hac-1_thdn,hac-1_thdn,hac-1_thdn,hac-1_thdn,hac-1_thdn,hac-1_thdn,hac-1_thdn,hac-1_thdn,hac-1_thdn,hac-1_thdn,hac-1_thdn,hac-1_thdn,hac-1_thdn,hac-1_thdn,hac-1_thdn,hac-1_thdn,hac-1_thdn
freq,,300.0,315.0,335.0,355.0,375.0,400.0,425.0,450.0,475.0,500.0,530.0,560.0,600.0,630.0,670.0,710.0,750.0,800.0,850.0,900.0,950.0,1000.0,1060.0,1120.0,1180.0,1250.0,1320.0,1400.0,1500.0,1600.0,1700.0,1800.0,1900.0,2000.0,2120.0,2240.0,2360.0,2500.0,2650.0,2800.0,3000.0,3150.0,3350.0,3550.0,3750.0,4000.0
0,5B031FDDX00004,75.051,71.605,69.129,66.774,64.329,61.855,59.359,55.688,53.115,49.537,46.568,43.631,40.78,38.074,34.888,30.659,22.376,12.624,1.786,1.685,1.568,1.473,1.346,1.215,1.103,0.992,0.888,0.798,0.681,0.607,0.537,0.523,0.475,0.473,0.507,0.499,0.489,0.454,0.497,0.545,0.499,0.522,0.548,0.551,0.556,0.51
1,5B031FDDX00004,75.001,71.541,69.094,66.728,64.407,61.807,59.371,55.595,53.146,49.393,46.615,43.61,40.851,38.04,34.961,30.664,22.431,12.596,1.797,1.699,1.576,1.471,1.338,1.225,1.12,0.992,0.883,0.792,0.691,0.622,0.548,0.513,0.475,0.481,0.509,0.49,0.497,0.451,0.493,0.506,0.478,0.515,0.542,0.523,0.595,0.524
2,5B031FDDX00004,75.076,71.623,69.284,66.862,64.472,61.911,59.438,55.709,53.242,49.52,46.699,43.644,40.889,38.118,35.006,30.745,22.439,12.681,1.793,1.689,1.571,1.48,1.348,1.214,1.114,0.991,0.889,0.804,0.682,0.608,0.54,0.531,0.489,0.471,0.499,0.482,0.499,0.47,0.541,0.515,0.487,0.525,0.533,0.545,0.566,0.569
3,5B031FDDX00004,75.008,71.561,69.219,66.854,64.423,61.897,59.413,55.716,53.207,49.477,46.615,43.639,40.851,38.095,34.948,30.691,22.4,12.634,1.799,1.691,1.578,1.468,1.343,1.226,1.108,0.992,0.88,0.792,0.684,0.603,0.547,0.511,0.484,0.482,0.498,0.488,0.472,0.464,0.497,0.499,0.483,0.514,0.527,0.516,0.538,0.535
4,5B031FDDX00004,75.263,71.795,69.393,66.876,64.523,61.92,59.407,55.748,53.212,49.523,46.67,43.694,40.877,38.106,34.937,30.75,22.445,12.711,1.795,1.686,1.579,1.47,1.336,1.222,1.1,0.988,0.885,0.79,0.681,0.601,0.545,0.512,0.477,0.473,0.489,0.485,0.471,0.445,0.485,0.491,0.477,0.503,0.519,0.516,0.531,0.531
5,5B031FDDX00004,75.114,71.651,69.259,66.935,64.514,61.959,59.471,55.732,53.354,49.554,46.741,43.699,40.929,38.149,35.231,30.738,22.564,12.684,1.795,1.684,1.578,1.478,1.345,1.215,1.107,0.993,0.901,0.794,0.68,0.616,0.529,0.516,0.476,0.467,0.492,0.485,0.488,0.451,0.484,0.5,0.502,0.522,0.534,0.523,0.538,0.538
6,5B031FDDX00004,74.644,71.114,68.694,66.391,63.969,61.391,58.986,55.208,52.744,48.987,46.203,43.179,40.447,37.618,34.521,30.263,22.09,12.311,1.777,1.669,1.554,1.454,1.331,1.211,1.092,0.995,0.86,0.771,0.678,0.617,0.553,0.517,0.496,0.482,0.499,0.489,0.481,0.456,0.487,0.492,0.463,0.497,0.508,0.512,0.526,0.526
7,5B031FDDX00004,74.624,71.15,68.767,66.407,63.998,61.581,58.998,55.264,52.78,49.088,46.237,43.194,40.445,37.667,34.537,30.326,22.106,12.424,1.797,1.698,1.56,1.55,1.326,1.213,1.097,0.976,0.881,0.784,0.677,0.597,0.548,0.52,0.483,0.491,0.496,0.483,0.475,0.459,0.486,0.492,0.478,0.499,0.515,0.512,0.527,0.52
8,5B031FDDX00004,74.705,71.19,68.776,66.386,64.072,61.466,59.03,55.288,52.771,49.09,46.246,43.253,40.474,37.737,34.627,30.319,22.149,12.383,1.78,1.638,1.552,1.452,1.322,1.205,1.094,0.981,0.872,0.783,0.673,0.602,0.548,0.526,0.491,0.479,0.492,0.484,0.471,0.447,0.479,0.488,0.468,0.495,0.509,0.507,0.523,0.51
9,5B031FDDX00004,74.654,71.186,68.747,66.418,64.017,61.433,58.967,55.234,52.801,49.066,46.233,43.225,40.418,37.646,34.544,30.259,22.08,12.306,1.776,1.664,1.557,1.454,1.335,1.21,1.091,0.982,0.87,0.783,0.681,0.605,0.545,0.526,0.487,0.479,0.501,0.487,0.475,0.454,0.491,0.49,0.463,0.526,0.506,0.518,0.525,0.54
10,5B031FDDX00004,74.75,71.268,68.832,66.494,64.081,61.551,59.015,55.33,52.802,49.129,46.263,43.309,40.471,37.769,34.591,30.41,22.149,12.428,1.774,1.662,1.551,1.455,1.327,1.201,1.095,0.981,0.88,0.777,0.674,0.61,0.547,0.524,0.482,0.48,0.499,0.485,0.462,0.452,0.486,0.491,0.475,0.54,0.562,0.516,0.563,0.547
11,5B031FDDX00004,74.694,71.221,68.767,66.407,64.078,61.506,59.035,55.311,52.818,49.133,46.291,43.263,40.488,37.694,34.573,30.296,22.096,12.343,1.779,1.672,1.555,1.457,1.329,1.205,1.096,0.97,0.869,0.817,0.675,0.601,0.539,0.521,0.479,0.477,0.494,0.485,0.473,0.456,0.491,0.489,0.469,0.5,0.507,0.51,0.526,0.523
12,5B031FDDX00004,74.609,73.714,72.537,71.264,70.075,68.613,63.757,60.198,56.577,53.068,48.901,46.124,43.203,40.628,37.446,30.32,22.049,12.311,1.811,1.695,1.582,1.466,1.35,1.231,1.125,1.006,0.905,0.797,0.694,0.614,0.559,0.534,0.511,0.494,0.485,0.471,0.456,0.436,0.442,0.428,0.446,0.467,0.508,0.505,0.479,0.487
13,5B031FDDX00004,74.69,73.821,72.588,71.392,70.157,68.625,63.806,60.215,56.607,53.109,48.917,46.149,43.227,40.647,37.453,30.299,22.028,12.301,1.803,1.699,1.579,1.47,1.35,1.229,1.121,1.009,0.901,0.796,0.692,0.617,0.56,0.541,0.507,0.5,0.487,0.469,0.458,0.444,0.447,0.432,0.446,0.467,0.513,0.507,0.479,0.492
14,5B031FDDX00004,74.804,73.836,72.629,71.433,70.182,68.677,63.915,60.27,56.736,53.134,49.067,46.16,43.363,40.694,37.569,30.335,22.12,12.292,1.813,1.69,1.574,1.471,1.348,1.223,1.122,1.003,0.897,0.799,0.689,0.619,0.553,0.532,0.526,0.502,0.523,0.48,0.462,0.446,0.444,0.433,0.45,0.47,0.504,0.506,0.474,0.474
15,5B031FDDX00004,75.333,74.347,73.114,71.918,70.709,69.187,64.366,60.726,57.157,53.438,49.426,46.401,43.551,40.886,37.73,30.498,22.304,12.533,1.804,1.691,1.567,1.456,1.337,1.217,1.141,1.0,0.931,0.885,0.689,0.613,0.56,0.527,0.512,0.497,0.488,0.472,0.453,0.438,0.447,0.435,0.452,0.465,0.507,0.508,0.477,0.473
16,5B031FDDX00004,74.758,73.871,72.646,71.459,70.355,68.709,64.02,60.313,56.757,53.143,49.084,46.175,43.401,40.717,37.618,30.38,22.145,12.341,1.809,1.693,1.57,1.47,1.345,1.225,1.126,1.001,0.899,0.794,0.69,0.604,0.551,0.519,0.51,0.494,0.484,0.473,0.453,0.44,0.445,0.431,0.442,0.462,0.505,0.51,0.476,0.47
17,5B031FDDX00004,75.384,74.464,73.228,71.937,70.713,69.168,64.465,60.791,57.264,53.649,49.493,46.692,43.828,41.216,38.057,30.879,22.628,12.991,1.859,1.749,1.658,1.489,1.36,1.23,1.129,1.026,0.928,0.831,0.736,0.64,0.594,0.524,0.49,0.466,0.464,0.468,0.509,0.489,0.455,0.456,0.495,0.511,0.553,0.545,0.511,0.498
18,5B031FDDX00004,65.063,61.823,59.497,57.526,55.219,52.875,50.566,46.895,44.452,40.644,37.88,34.91,32.175,29.344,26.196,21.631,12.234,3.635,1.8,1.711,1.575,1.468,1.341,1.242,1.193,1.166,0.931,0.853,0.764,0.673,0.586,0.563,0.507,0.503,0.52,0.479,0.47,0.446,0.507,0.495,0.453,0.493,0.498,0.523,0.528,0.525
19,5B031FDDX00004,65.202,61.751,59.647,57.533,55.323,53.006,50.7,46.937,44.547,40.799,37.97,34.899,32.279,29.471,26.238,21.715,12.265,3.666,1.801,1.716,1.585,1.485,1.473,1.26,1.16,1.034,0.953,0.86,0.753,0.67,0.616,0.596,0.532,0.527,0.525,0.488,0.476,0.444,0.491,0.541,0.468,0.529,0.516,0.522,0.55,0.575
20,5B031FDDX00004,65.207,61.812,59.635,57.503,55.37,52.993,50.733,47.044,44.635,40.905,38.051,35.059,32.333,29.557,26.309,21.809,12.354,3.62,1.789,1.675,1.562,1.546,1.379,1.235,1.131,1.043,0.961,0.845,0.751,0.656,0.643,0.601,0.525,0.528,0.501,0.616,0.497,0.443,0.531,0.527,0.519,0.553,0.515,0.531,0.529,0.554
21,5B031FDDX00004,65.249,61.925,59.774,57.624,55.386,53.035,50.725,47.124,44.665,40.815,38.123,35.096,32.356,29.567,26.386,21.871,12.412,3.639,1.804,1.748,1.634,1.487,1.367,1.254,1.177,1.062,0.958,0.896,0.771,0.741,0.684,0.632,0.598,0.541,0.572,0.547,0.5,0.488,0.53,0.568,0.528,0.56,0.59,0.537,0.583,0.562
22,5B031FDDX00004,65.345,61.944,59.801,57.638,55.514,53.129,50.872,47.108,44.805,40.929,38.215,35.099,32.437,29.594,26.556,21.875,12.559,3.619,1.769,1.668,1.583,1.504,1.383,1.272,1.13,1.052,0.976,0.865,0.774,0.676,0.628,0.599,0.538,0.521,0.59,0.501,0.483,0.47,0.549,0.495,0.477,0.507,0.512,0.587,0.56,0.537
23,5B031FDDX00004,65.34,62.006,59.967,57.592,55.488,53.208,50.894,47.06,44.753,41.042,38.179,35.199,32.46,29.676,26.487,21.951,12.542,3.622,1.771,1.669,1.546,1.444,1.364,1.223,1.133,1.016,0.941,0.921,0.746,0.688,0.627,0.578,0.569,0.522,0.586,0.47,0.502,0.527,0.488,0.49,0.467,0.491,0.51,0.5,0.533,0.531
24,5B031FDDX00004,66.652,63.312,61.094,58.948,56.711,54.353,52.112,48.29,45.921,42.112,39.333,36.252,33.606,30.768,27.63,23.126,14.028,3.621,1.777,1.658,1.548,1.447,1.339,1.217,1.129,1.021,0.944,0.851,0.738,0.658,0.593,0.561,0.501,0.48,0.485,0.462,0.49,0.431,0.458,0.457,0.426,0.456,0.47,0.466,0.493,0.493
25,5B031FDDX00004,66.72,63.373,61.122,58.97,56.757,54.349,52.019,48.279,45.9,42.136,39.362,36.331,33.647,30.814,27.681,23.177,14.075,3.616,1.778,1.682,1.555,1.446,1.325,1.226,1.128,1.02,0.929,0.838,0.742,0.656,0.598,0.555,0.501,0.483,0.481,0.464,0.492,0.422,0.479,0.474,0.444,0.479,0.471,0.493,0.493,0.509
26,5B031FDDX00004,66.767,63.402,61.211,58.982,56.738,54.421,52.05,48.405,45.922,42.167,39.327,36.422,33.657,30.917,27.716,23.229,14.076,3.608,1.782,1.659,1.556,1.44,1.331,1.224,1.124,1.026,0.925,0.845,0.737,0.7,0.599,0.564,0.508,0.487,0.485,0.471,0.453,0.428,0.486,0.468,0.435,0.464,0.471,0.465,0.504,0.504
27,5B031FDDX00004,66.796,63.414,61.173,59.08,56.927,54.436,52.106,48.387,46.003,42.187,39.421,36.415,33.701,30.86,27.721,23.221,14.129,3.596,1.773,1.656,1.542,1.448,1.325,1.221,1.121,1.025,0.93,0.844,0.733,0.672,0.594,0.559,0.507,0.486,0.479,0.489,0.451,0.456,0.509,0.461,0.458,0.482,0.478,0.483,0.519,0.521
28,5B031FDDX00004,66.776,63.462,61.269,59.043,56.833,54.527,52.072,48.485,46.028,42.318,39.398,36.529,33.726,30.955,27.773,23.325,14.189,3.666,1.763,1.658,1.557,1.452,1.357,1.272,1.123,1.024,0.928,0.838,0.739,0.653,0.598,0.557,0.503,0.481,0.475,0.465,0.444,0.427,0.464,0.466,0.43,0.457,0.472,0.477,0.491,0.494
29,5B031FDDX00004,75.227,71.727,69.308,66.923,64.514,61.766,59.443,55.72,53.224,49.467,46.686,43.661,40.914,38.118,35.023,30.742,22.579,12.804,1.799,1.673,1.568,1.449,1.325,1.216,1.109,0.994,0.891,0.801,0.691,0.611,0.544,0.511,0.458,0.454,0.477,0.478,0.467,0.456,0.492,0.524,0.501,0.541,0.552,0.55,0.559,0.553
30,5B031FDDX00004,75.196,71.731,69.242,66.968,64.708,62.034,59.484,55.792,53.325,49.631,46.79,43.816,40.891,38.163,35.043,30.788,22.642,12.866,1.8,1.677,1.578,1.454,1.329,1.208,1.104,0.987,0.892,0.795,0.698,0.761,0.557,0.511,0.462,0.466,0.471,0.472,0.464,0.45,0.491,0.516,0.541,0.556,0.56,0.594,0.566,0.555
31,5B031FDDX00004,75.229,71.679,69.255,66.886,64.544,61.95,59.603,55.804,53.253,49.537,46.682,43.708,40.889,38.216,35.053,30.843,22.603,12.9,1.794,1.678,1.573,1.457,1.345,1.209,1.106,0.986,0.9,0.797,0.7,0.605,0.55,0.505,0.455,0.448,0.47,0.472,0.462,0.455,0.495,0.503,0.504,0.534,0.553,0.546,0.638,0.585
32,5B031FDDX00004,75.317,71.767,69.242,66.919,64.572,61.929,59.427,55.708,53.26,49.5,46.72,43.673,40.933,38.149,35.08,30.773,22.593,12.807,1.801,1.669,1.565,1.449,1.334,1.219,1.11,0.983,0.896,0.802,0.708,0.614,0.546,0.5,0.454,0.451,0.467,0.464,0.462,0.448,0.491,0.509,0.503,0.542,0.552,0.553,0.557,0.549
33,5B031FDDX00004,75.152,71.665,69.298,66.935,64.542,61.976,59.528,55.819,53.484,49.568,46.796,43.741,41.016,38.22,35.13,30.837,22.633,12.881,1.803,1.697,1.57,1.468,1.327,1.203,1.099,0.99,0.889,0.799,0.684,0.613,0.544,0.512,0.464,0.446,0.47,0.471,0.46,0.45,0.497,0.503,0.504,0.549,0.552,0.551,0.559,0.552
34,5B031FDDX00004,75.208,71.726,69.394,67.156,64.664,62.142,59.59,55.895,53.362,49.641,46.898,43.82,41.054,38.294,35.138,30.898,22.623,12.939,1.797,1.693,1.574,1.496,1.327,1.221,1.115,1.005,0.901,0.842,0.815,0.627,0.554,0.511,0.456,0.445,0.495,0.512,0.462,0.455,0.528,0.536,0.511,0.544,0.556,0.558,0.593,0.558
