,0,642,643,644,645,646,647,648,649,650,651,652,653,654,655,656,657,658,659,660,661,662,663,664,665,666,667,668,669,670,671,672,673,674,675,676,677,678,679,680,681,682,683,684,685,686,687,688,689,690,691,692,693,694,695,696,697,698,699,700,701,702,703,704,705,706,707,708,709,710,711,712,713,714,715,716,717,718,719,720,721,722,723,724,725,726,727,728,729,730,731,732,733,734,735,736
phase,dut_id,mic-2_seal_chirp,mic-2_seal_chirp,mic-2_seal_chirp,mic-2_seal_chirp,mic-2_seal_chirp,mic-2_seal_chirp,mic-2_seal_chirp,mic-2_seal_chirp,mic-2_seal_chirp,mic-2_seal_chirp,mic-2_seal_chirp,mic-2_seal_chirp,mic-2_seal_chirp,mic-2_seal_chirp,mic-2_seal_chirp,mic-2_seal_chirp,mic-2_seal_chirp,mic-2_seal_chirp,mic-2_seal_chirp,mic-2_seal_chirp,mic-2_seal_chirp,mic-2_seal_chirp,mic-2_seal_chirp,mic-2_seal_chirp,mic-2_seal_chirp,mic-2_seal_chirp,mic-2_seal_chirp,mic-2_seal_chirp,mic-2_seal_chirp,mic-2_seal_chirp,mic-2_seal_chirp,mic-2_seal_chirp,mic-2_seal_chirp,mic-2_seal_chirp,mic-2_seal_chirp,mic-2_seal_chirp,mic-2_seal_chirp,mic-2_seal_chirp,mic-2_seal_chirp,mic-2_seal_chirp,mic-2_seal_chirp,mic-2_seal_chirp,mic-2_seal_chirp,mic-2_seal_chirp,mic-2_seal_chirp,mic-2_seal_chirp,mic-2_seal_chirp,mic-2_seal_chirp,mic-2_seal_chirp,mic-2_seal_chirp,mic-2_seal_chirp,mic-2_seal_chirp,mic-2_seal_chirp,mic-2_seal_chirp,mic-2_seal_chirp,mic-2_seal_chirp,mic-2_seal_chirp,mic-2_seal_chirp,mic-2_seal_chirp,mic-2_seal_chirp,mic-2_seal_chirp,mic-2_seal_chirp,mic-2_seal_chirp,mic-2_seal_chirp,mic-2_seal_chirp,mic-2_seal_chirp,mic-2_seal_chirp,mic-2_seal_chirp,mic-2_seal_chirp,mic-2_seal_chirp,mic-2_seal_chirp,mic-2_seal_chirp,mic-2_seal_chirp,mic-2_seal_chirp,mic-2_seal_chirp,mic-2_seal_chirp,mic-2_seal_chirp,mic-2_seal_chirp,mic-2_seal_chirp,mic-2_seal_chirp,mic-2_seal_chirp,mic-2_seal_chirp,mic-2_seal_chirp,mic-2_seal_chirp,mic-2_seal_chirp,mic-2_seal_chirp,mic-2_seal_chirp,mic-2_seal_chirp,mic-2_seal_chirp,mic-2_seal_chirp,mic-2_seal_chirp,mic-2_seal_chirp,mic-2_seal_chirp,mic-2_seal_chirp,mic-2_seal_chirp
freq,,100.0,106.0,112.0,118.0,125.0,132.0,140.0,150.0,160.0,170.0,180.0,190.0,200.0,212.0,224.0,236.0,250.0,265.0,280.0,300.0,315.0,335.0,355.0,375.0,400.0,425.0,450.0,475.0,500.0,530.0,560.0,600.0,630.0,670.0,710.0,750.0,800.0,850.0,900.0,950.0,1000.0,1060.0,1120.0,1180.0,1250.0,1320.0,1400.0,1500.0,1600.0,1700.0,1800.0,1900.0,2000.0,2120.0,2240.0,2360.0,2500.0,2650.0,2800.0,3000.0,3150.0,3350.0,3550.0,3750.0,4000.0,4250.0,4500.0,4750.0,5000.0,5300.0,5600.0,6000.0,6300.0,6700.0,7100.0,7500.0,8000.0,8500.0,9000.0,9500.0,10000.0,10600.0,11200.0,11800.0,12500.0,13200.0,14000.0,15000.0,16000.0,17000.0,18000.0,19000.0,20000.0,21200.0,22400.0
0,5B031FDDX00004,33.724000000000004,31.958,31.958,31.338,31.338,31.363,31.682000000000002,31.42,32.80200000000001,34.007000000000005,34.566,35.873999999999995,39.27,39.47,39.025999999999996,40.338,40.931999999999995,41.986999999999995,43.971000000000004,43.714000000000006,43.16,42.01499999999999,42.086999999999996,41.672000000000004,42.707,43.237,42.85399999999999,41.832,40.89699999999999,42.029999999999994,41.379999999999995,40.843,41.468,41.453,41.647000000000006,42.599000000000004,41.711000000000006,40.723000000000006,39.899,40.071000000000005,41.464999999999996,43.069,42.06099999999999,40.00299999999999,38.690999999999995,38.569,38.652,39.71,40.30800000000001,40.79200000000001,40.105000000000004,37.124,36.98,38.736999999999995,40.286,40.554,40.83800000000001,41.842000000000006,45.07300000000001,46.16,45.714,38.903999999999996,36.739000000000004,37.25299999999999,38.885,42.535000000000004,41.45,45.64399999999999,45.06099999999999,47.190000000000005,50.376,51.021,53.288000000000004,55.63999999999999,53.567,53.73499999999999,48.588,49.89800000000001,49.24000000000001,48.217,45.01199999999999,46.68,45.870000000000005,46.459,54.708999999999996,42.626999999999995,41.775,49.347,38.116,42.876000000000005,37.06699999999999,40.48400000000001,47.794000000000004,44.807,35.149
1,5B031FDDX00004,35.577000000000005,32.224999999999994,32.224999999999994,31.628,31.628,30.183,29.917,30.261999999999993,31.900999999999996,32.67300000000001,34.068000000000005,36.388000000000005,39.746,40.025999999999996,39.903999999999996,41.603,41.715,42.157000000000004,43.291999999999994,42.983,42.84100000000001,42.023,42.312,41.92,42.79,43.144,42.49700000000001,41.528,41.257999999999996,42.455999999999996,41.47,41.58200000000001,41.626,41.748000000000005,42.153000000000006,42.361000000000004,41.115,39.84,40.153,39.5,41.400999999999996,43.517,41.804,39.693000000000005,38.849999999999994,38.521,37.989999999999995,39.50200000000001,40.803,40.772999999999996,41.453,37.577000000000005,36.266,38.222,40.52200000000001,41.150999999999996,40.39999999999999,42.06399999999999,46.267999999999994,45.87500000000001,47.288,39.359,36.255,37.278999999999996,39.35600000000001,42.245,41.34,47.919999999999995,46.19899999999999,47.062999999999995,50.44200000000001,52.031,53.91900000000001,55.581999999999994,53.82900000000001,54.187000000000005,49.009,49.702000000000005,48.509,47.998,45.711000000000006,47.564,46.431,47.512,55.172000000000004,42.697,44.877,47.78200000000001,38.542,45.994,36.468999999999994,39.931,46.62599999999999,40.68299999999999,37.76599999999999
2,5B031FDDX00004,34.527,32.081999999999994,32.081999999999994,32.286,32.286,30.964,30.755999999999993,31.089,32.634,33.187,34.571999999999996,36.86399999999999,40.480999999999995,40.26,39.981,41.833000000000006,41.876999999999995,42.43,43.739999999999995,43.591,43.46699999999999,42.357,42.799,42.464,43.129999999999995,43.52199999999999,43.32599999999999,42.221000000000004,41.010999999999996,42.185,42.284,42.32600000000001,42.45099999999999,42.375,42.14600000000001,42.020999999999994,41.309000000000005,40.198,39.568,40.056000000000004,42.075,43.625,42.02400000000001,39.989999999999995,39.23500000000001,39.045,38.328,39.36300000000001,41.18300000000001,42.77,42.599,38.427,36.553999999999995,38.955000000000005,41.926,41.344,41.672000000000004,42.980000000000004,46.574,46.84400000000001,48.614000000000004,38.998999999999995,36.654,37.885,39.948,42.937999999999995,42.30900000000001,49.031,46.151999999999994,47.38100000000001,51.84700000000001,51.974999999999994,52.746,55.922999999999995,53.965,52.463,48.626,49.145999999999994,49.428,49.730999999999995,46.077999999999996,46.92099999999999,47.206999999999994,48.138000000000005,51.392999999999994,42.61500000000001,46.552,50.17000000000001,37.37599999999999,41.81500000000001,38.545,40.33899999999999,48.483999999999995,42.641000000000005,39.584
3,5B031FDDX00004,31.953000000000003,31.113999999999997,31.113999999999997,30.912,30.912,30.954000000000008,31.396,31.531999999999996,32.998000000000005,34.025999999999996,34.507,35.822,38.979,39.318999999999996,39.008,41.031,41.704,42.233000000000004,43.577,43.449,43.285999999999994,42.253,43.010999999999996,42.371,43.155,43.457,42.838,41.66,41.60300000000001,42.758,41.798,41.327000000000005,41.92400000000001,42.205,42.997,42.68600000000001,41.138000000000005,40.308,40.162,40.01299999999999,41.650000000000006,43.229,42.457,40.652,39.736,39.023999999999994,39.275000000000006,40.065999999999995,40.75800000000001,41.689,40.679,37.256,36.31,38.104,40.758,40.339,40.364000000000004,41.931999999999995,45.437999999999995,46.370000000000005,46.975,39.306000000000004,36.672,37.872,38.77,42.40500000000001,42.492000000000004,47.827,46.00300000000001,47.218999999999994,50.30400000000001,52.147999999999996,52.53100000000001,55.486,53.717,52.80800000000001,48.221,48.613,49.318000000000005,48.517,45.308,47.062000000000005,46.842,47.50300000000001,52.224,42.944,44.714,49.31699999999999,37.628,43.269999999999996,38.361000000000004,39.32399999999999,49.757999999999996,42.059,43.218
4,5B031FDDX00004,34.56100000000001,31.904000000000003,31.904000000000003,32.825,32.825,32.937,32.181,32.234,33.976,33.855,34.053000000000004,36.108999999999995,39.116,39.289,40.153,41.61900000000001,41.878,42.396,43.232,43.45399999999999,43.047000000000004,42.54699999999999,42.956,42.315000000000005,43.010000000000005,43.157999999999994,43.406,42.64,42.154999999999994,42.51299999999999,41.248000000000005,41.63700000000001,41.65800000000001,42.958999999999996,43.07,42.515,41.466,41.485,40.714,40.989999999999995,43.019,43.888,44.11000000000001,41.719,40.415000000000006,39.18600000000001,38.026999999999994,39.57699999999999,40.55499999999999,41.39,42.071000000000005,38.876999999999995,37.038999999999994,38.51,41.44700000000002,41.228,41.330000000000005,42.038000000000004,46.150999999999996,46.346000000000004,46.644,38.809000000000005,36.495,37.73,38.86299999999999,42.717999999999996,42.431,47.897,46.73700000000001,47.084999999999994,51.464,52.38,54.894000000000005,56.038000000000004,55.38000000000001,52.098,48.931000000000004,49.907,49.928999999999995,49.778000000000006,45.531000000000006,47.018,46.942,47.722,49.263999999999996,41.705,43.257000000000005,48.97199999999999,37.818,42.84200000000001,48.785000000000004,44.67100000000001,51.562000000000005,40.879000000000005,43.891000000000005
5,5B031FDDX00004,34.300999999999995,31.833,31.833,31.423999999999992,31.423999999999992,30.791000000000004,30.763000000000005,30.741,32.045,32.83,33.7,35.26199999999999,38.295,38.809,38.8,40.403,40.967999999999996,41.86699999999999,42.607,42.561,42.434999999999995,42.294000000000004,42.358000000000004,41.663000000000004,42.248000000000005,43.22,43.554,42.382,40.85,41.516999999999996,41.912000000000006,41.50700000000001,41.778000000000006,42.752,42.637,42.399,41.625,40.324999999999996,39.968999999999994,40.41599999999999,42.278,43.949,42.114999999999995,40.854,39.554,38.89,38.98100000000001,39.901,40.36200000000001,41.056999999999995,40.915000000000006,36.919,36.514,38.333,40.859,40.160000000000004,40.32599999999999,42.248999999999995,45.39099999999999,44.175999999999995,47.038000000000004,38.505,36.328,37.692,39.361000000000004,41.913,41.735,47.409000000000006,45.67,47.096999999999994,51.44100000000001,53.397000000000006,53.02700000000001,56.065999999999995,54.18900000000001,52.239,49.148,49.915,48.862,48.562000000000005,45.56100000000001,46.714999999999996,46.275,47.244,52.905,42.681,43.068999999999996,48.431999999999995,38.11800000000001,45.29900000000001,35.97800000000001,41.443000000000005,49.56700000000001,44.08,37.718
6,5B031FDDX00004,36.656000000000006,34.3,34.3,34.995999999999995,29.456000000000003,31.072000000000003,31.058000000000007,32.44,34.569,35.30500000000001,42.391000000000005,47.02700000000001,47.37799999999999,45.516999999999996,42.469,41.230000000000004,41.497,44.190999999999995,44.913000000000004,45.083999999999996,44.556999999999995,43.935,44.019999999999996,43.50900000000001,44.108999999999995,44.74999999999999,43.91000000000001,42.61099999999999,42.875,43.06699999999999,42.556000000000004,41.40299999999999,41.947,42.655,42.749,42.85000000000001,41.129,41.218,40.625,40.357000000000006,42.434,42.765,41.022999999999996,40.09,39.55800000000001,39.346000000000004,38.58899999999999,39.891999999999996,40.24600000000001,41.156,42.471,42.663000000000004,41.54600000000001,40.278999999999996,41.545,43.242000000000004,42.980999999999995,44.65100000000001,45.141000000000005,46.355999999999995,49.407,47.906,44.74,42.43199999999999,41.292,42.275000000000006,43.89999999999999,45.86600000000001,48.026999999999994,47.584,49.743,55.154999999999994,51.478,55.208000000000006,59.169,52.61900000000001,49.144999999999996,49.37200000000001,48.536,51.166,48.869,48.00300000000001,47.96,47.085,45.454,49.63699999999999,58.54800000000001,38.615,37.695000000000014,46.09700000000001,39.625,36.344999999999985,45.839,42.47099999999999,38.352999999999994
7,5B031FDDX00004,36.215999999999994,35.07300000000001,35.07300000000001,33.41,29.929999999999993,31.549999999999997,31.613999999999997,32.757999999999996,34.512,36.152,41.163000000000004,44.471999999999994,46.480999999999995,43.95399999999999,42.65,41.39,41.49399999999999,43.667,44.126,44.843999999999994,43.846999999999994,43.11299999999999,42.785000000000004,43.001,43.23399999999999,43.638,42.817000000000014,42.322,42.65,42.959,42.227999999999994,41.971,42.046,42.418,42.795,41.571,40.659,40.634,40.13300000000001,40.729000000000006,42.102000000000004,43.017,41.329,39.838,38.721000000000004,38.851,38.59499999999999,39.754999999999995,40.382000000000005,41.064,42.349,42.016,40.833000000000006,40.236000000000004,42.258,43.185,42.49,44.27,45.718999999999994,46.845000000000006,50.501000000000005,47.714000000000006,44.62200000000001,42.764999999999986,41.422,42.485,44.876000000000005,47.915,47.718,47.324,50.019999999999996,53.997,52.903999999999996,54.08,58.50700000000001,53.32300000000001,49.904,48.674,48.270999999999994,51.48400000000001,49.300999999999995,48.63000000000001,48.300999999999995,48.840999999999994,45.788,50.294000000000004,64.373,38.653,38.038000000000004,46.03800000000001,39.025000000000006,35.96799999999999,46.69600000000001,38.736000000000004,41.69200000000001
8,5B031FDDX00004,27.417,30.211999999999996,30.211999999999996,31.377000000000002,31.85,33.475,33.528999999999996,34.791999999999994,38.02700000000001,41.599,40.974999999999994,43.723,45.620000000000005,44.21300000000001,42.099,41.38,41.382999999999996,43.437000000000005,44.775999999999996,45.907000000000004,45.573,44.1,43.61600000000001,43.449000000000005,43.400999999999996,43.907999999999994,43.23000000000001,42.398,42.992999999999995,43.001000000000005,42.54899999999999,41.638999999999996,42.134,42.597,42.769,42.00600000000001,40.958999999999996,41.05,40.54700000000001,40.77,42.653,42.729000000000006,40.973,40.278000000000006,39.202,38.81,39.269999999999996,39.804,40.62799999999999,41.214000000000006,42.748999999999995,42.154,40.650999999999996,40.04,42.425000000000004,42.938,42.71499999999999,45.08500000000001,45.55700000000001,46.607,50.481,49.24700000000001,44.724,41.85799999999999,41.849999999999994,42.616000000000014,44.49600000000001,45.70799999999999,47.909,47.138,51.503,55.291999999999994,53.522,52.98,57.58499999999999,52.397,48.977999999999994,49.24700000000001,48.454,51.52700000000001,48.36999999999999,47.637,48.338,47.660999999999994,45.70799999999999,51.77799999999999,61.465,38.272999999999996,38.12900000000001,44.95,39.473000000000006,36.343,48.7,41.60600000000001,42.52199999999999
9,5B031FDDX00004,38.24699999999999,36.114,36.114,33.202999999999996,30.476000000000006,32.072,31.760999999999996,32.513,33.932,36.613,40.050000000000004,44.067,46.44799999999999,45.81100000000001,43.271,42.037000000000006,41.876999999999995,43.528,44.51499999999999,44.65,43.442,43.168000000000006,43.544000000000004,43.32000000000001,43.58399999999999,45.370000000000005,43.905,42.178999999999995,42.507999999999996,42.733000000000004,41.965,41.78699999999999,42.327999999999996,43.019999999999996,42.907,41.58200000000001,41.352999999999994,41.176,40.18300000000001,40.793,42.70399999999999,43.264,41.96000000000001,40.368,39.43000000000001,39.079,39.01299999999999,39.983999999999995,39.958999999999996,41.357,42.394999999999996,42.397000000000006,41.018,40.168,42.541,42.520999999999994,42.48499999999999,44.55400000000001,46.041000000000004,45.733,49.349,47.983,44.044000000000004,41.80800000000001,41.64800000000001,41.69300000000001,44.075,46.399,47.63999999999999,47.627,50.484,53.873,51.79500000000001,53.63300000000001,58.274,53.38000000000001,49.467,48.712999999999994,48.744,51.096,48.693,47.951,48.707,47.2,45.775999999999996,54.364000000000004,65.04400000000001,38.355000000000004,38.580000000000005,45.584999999999994,40.080999999999996,37.539,49.209999999999994,39.379000000000005,41.941
10,5B031FDDX00004,35.422999999999995,36.331,36.331,35.72899999999999,34.83899999999999,36.41199999999999,36.992999999999995,37.605000000000004,39.369,42.067,43.442,43.844,44.724,44.16199999999999,41.60399999999999,41.55499999999999,41.72,43.88799999999999,44.888000000000005,45.76899999999999,44.40899999999999,43.138999999999996,43.239000000000004,43.00900000000001,44.05299999999999,45.109,43.95,41.859,42.16,43.085,42.128,41.679,42.29,43.006,43.392,42.135999999999996,40.730000000000004,40.88100000000001,40.446,40.660999999999994,42.120999999999995,42.681000000000004,41.93099999999999,40.937000000000005,39.92100000000001,39.278000000000006,39.12299999999999,40.128,40.56499999999999,40.898999999999994,43.311,42.885000000000005,40.774,39.675999999999995,41.931999999999995,41.739000000000004,42.48900000000001,44.58000000000001,46.733000000000004,44.626,49.399,47.311,43.94,41.803,42.059,42.376999999999995,45.149,47.406,47.932,48.428000000000004,50.608000000000004,55.683,51.266,54.855,58.962,53.833000000000006,48.629,48.965,49.258,51.463,49.247,47.263000000000005,48.034000000000006,48.68,46.089000000000006,52.498000000000005,57.498999999999995,38.208999999999996,37.37400000000001,46.559,40.718999999999994,37.402,46.43799999999999,39.128,38.50800000000001
11,5B031FDDX00004,36.635999999999996,35.814,35.814,34.90299999999999,31.703999999999994,33.346999999999994,33.468,34.56799999999999,35.806,38.018,42.643,44.708000000000006,43.959999999999994,43.509,40.956,41.404,41.945,44.75,44.987,45.385999999999996,44.041999999999994,43.675999999999995,43.684000000000005,43.602000000000004,43.818999999999996,43.677,43.374,42.614000000000004,42.864000000000004,43.437000000000005,42.203,41.82099999999999,42.355000000000004,43.083999999999996,43.654999999999994,42.354,41.36000000000001,41.129,41.188,41.22,42.699,44.578,41.93800000000001,40.747,39.983999999999995,39.751999999999995,39.337999999999994,40.361000000000004,40.806999999999995,41.623000000000005,43.103,42.393,40.504,39.37100000000001,41.49700000000001,41.953,42.49800000000001,44.342000000000006,46.32599999999999,45.399,48.025,47.602,44.675,41.51899999999999,41.958,42.093999999999994,44.702999999999996,46.695,47.553,47.27400000000001,51.038,55.394000000000005,51.954,54.13699999999999,58.64200000000001,53.272000000000006,49.148,49.11200000000001,48.821,50.43299999999999,48.288000000000004,46.922999999999995,48.525999999999996,47.602000000000004,45.098,49.938,54.54899999999999,38.02,37.587,47.084999999999994,41.30500000000001,36.88199999999999,46.40100000000001,37.824,40.708
12,5B031FDDX00004,34.812999999999995,34.623999999999995,34.623999999999995,33.857,30.205,31.995999999999995,30.994000000000007,32.269,33.613,34.57399999999999,37.184,42.572,42.161,41.326,41.563,42.978,42.77,43.650999999999996,43.547000000000004,43.86600000000001,44.004,43.728,44.231,44.023,44.211999999999996,42.787,41.534000000000006,42.025999999999996,42.620999999999995,42.376000000000005,41.198,40.57600000000001,41.01199999999999,40.70099999999999,41.43000000000001,40.806000000000004,39.58,39.1,39.306000000000004,39.42399999999999,41.402,42.346999999999994,42.178,40.63,39.75000000000001,38.097,37.480999999999995,38.016,38.849000000000004,40.37199999999999,41.966,39.854000000000006,36.089000000000006,37.013000000000005,40.937,41.88000000000001,43.370000000000005,42.824,41.544999999999995,42.781,47.08699999999999,44.211999999999996,36.83,35.251000000000005,36.537000000000006,39.422000000000004,39.82900000000001,43.605999999999995,43.369,43.065,44.651,48.69200000000001,47.976,50.662,49.864,46.774,44.727,46.327999999999996,44.08500000000001,46.17000000000001,41.399,42.92700000000001,42.115,42.072,43.053999999999995,27.754999999999995,39.634,51.861000000000004,51.675,38.608000000000004,34.488,35.08699999999999,33.852000000000004,43.18300000000001,42.095
13,5B031FDDX00004,37.592000000000006,38.379999999999995,38.379999999999995,35.476000000000006,32.768,34.517,32.178000000000004,32.912000000000006,33.729,35.29900000000001,36.267,41.217,41.353,41.574,43.03,45.269999999999996,45.689,44.923,44.443,43.564,44.297999999999995,44.50599999999999,44.778,44.24699999999999,44.634,43.603,42.26800000000001,42.404999999999994,43.02,42.376000000000005,41.342999999999996,41.272,40.980000000000004,40.93999999999999,40.465,40.154999999999994,39.63999999999999,38.538,39.38,39.43,41.26199999999999,41.940999999999995,40.94200000000001,39.882,37.925000000000004,37.049,37.531,38.82000000000001,39.495999999999995,41.36,43.047000000000004,40.807,37.09400000000001,37.012,41.404999999999994,42.961999999999996,43.17,42.14899999999999,41.087,42.861,47.718,43.874,37.434999999999995,35.105999999999995,36.325,39.501999999999995,39.269999999999996,42.66999999999999,42.512,42.833,45.044999999999995,48.333000000000006,49.25399999999999,51.048,50.272999999999996,46.699,44.892,46.227,44.114999999999995,46.734,41.61800000000001,43.361,41.94299999999999,41.712,43.272,27.518,39.54899999999999,50.325,50.155,36.727999999999994,33.269000000000005,35.321,33.83100000000001,43.259000000000015,42.491
14,5B031FDDX00004,36.908,36.982000000000006,36.982000000000006,35.382000000000005,29.510999999999996,31.299999999999997,30.401000000000003,31.621000000000002,32.476,33.592,38.830999999999996,44.733,43.191,43.097,43.644000000000005,43.843,43.985,44.93600000000001,44.713,44.001,44.117000000000004,45.134,45.63599999999999,44.443000000000005,44.492000000000004,43.13,41.753,42.416,43.257000000000005,42.617999999999995,41.622,40.961000000000006,41.105000000000004,41.77400000000001,41.349,41.047000000000004,39.98499999999999,39.18899999999999,39.50000000000001,40.647999999999996,41.785000000000004,42.583999999999996,41.38099999999999,40.266000000000005,38.979,38.301,37.757999999999996,37.731,38.763000000000005,40.69199999999999,42.29600000000001,39.581,35.93500000000001,37.557,41.99100000000001,42.594,43.63400000000001,42.051999999999985,41.166,43.25000000000001,47.357,43.324000000000005,36.53900000000001,35.29899999999999,36.394000000000005,39.693,39.26499999999999,43.215999999999994,43.20099999999999,42.80899999999998,44.885000000000005,48.445000000000014,49.035,50.22400000000001,50.437,47.30400000000001,44.519999999999996,46.345000000000006,44.13799999999999,46.464,41.586,42.956,42.143,42.062,43.289,27.253,38.74399999999999,50.494,51.183,36.922,33.19,34.95099999999999,34.13000000000001,44.163,41.354
15,5B031FDDX00004,35.260999999999996,36.427,36.427,35.562,32.141000000000005,33.89600000000001,32.836999999999996,33.470000000000006,34.199,35.086,37.108000000000004,40.824000000000005,42.553,43.159,44.016000000000005,44.888,44.324000000000005,44.74000000000001,44.772,45.205,45.13000000000001,44.616,44.85,44.626000000000005,44.284,42.317,41.951,43.177,43.00699999999999,42.045,41.621,41.421,41.761,41.58599999999999,41.95000000000001,41.467000000000006,40.111000000000004,39.833,39.693000000000005,40.224,42.584,42.688,41.59799999999999,40.852000000000004,39.19800000000001,37.49099999999999,37.409,38.471000000000004,39.086999999999996,40.495999999999995,42.332,39.67700000000001,35.739000000000004,36.916000000000004,41.159,42.29,43.004999999999995,42.090999999999994,41.038,42.923,46.218999999999994,43.647999999999996,36.897,35.20299999999999,36.406,39.489000000000004,39.497,44.144000000000005,43.733000000000004,42.775999999999996,44.82599999999999,48.51900000000001,48.664,50.066,51.36000000000001,47.117000000000004,45.28999999999999,46.659,44.29,46.357,41.06200000000001,42.647,42.660999999999994,42.003,42.682,28.400000000000006,36.70399999999999,48.39,50.68000000000001,37.239999999999995,34.328,34.62299999999999,35.85100000000001,46.629999999999995,41.867999999999995
16,5B031FDDX00004,34.725,33.998000000000005,33.998000000000005,33.336,28.775000000000006,30.531000000000006,30.201999999999998,30.782000000000004,31.735,32.982000000000006,37.017,40.916,43.441,43.42799999999999,43.408,43.525000000000006,43.46,44.294,44.686,44.451,44.473,44.657000000000004,44.397,43.81999999999999,43.421,42.135,41.32899999999999,42.218,42.62800000000001,42.56200000000001,41.579,40.56199999999999,40.952999999999996,41.386,41.278000000000006,41.38,39.778999999999996,39.375,39.812,39.789999999999985,41.626,42.48100000000001,42.18,40.669000000000004,38.690999999999995,38.213,37.52,37.98499999999999,38.872,40.672999999999995,42.105,39.275000000000006,35.214999999999996,37.159,41.202,42.144000000000005,42.976000000000006,42.64199999999999,41.117999999999995,43.54899999999999,47.536,42.790000000000006,36.274,35.05499999999999,36.408,39.27799999999999,38.784,43.016999999999996,42.737,42.503,44.28,47.37700000000001,47.608,49.959,49.871,46.896,44.84,45.847,43.491,46.406000000000006,41.547,43.20499999999999,42.633,41.56800000000001,43.552,27.798000000000002,39.935,50.543000000000006,53.897,38.033,32.086,34.44799999999999,33.949000000000005,42.608999999999995,39.15299999999999
17,5B031FDDX00004,36.04600000000001,35.361,35.361,33.809,28.852000000000004,30.571000000000005,30.291999999999994,31.657999999999994,32.503,34.057,38.296,42.702000000000005,42.68599999999999,42.895999999999994,41.911,42.562999999999995,42.925,44.403999999999996,44.315999999999995,43.115,43.574,44.483000000000004,44.604,44.480999999999995,44.108999999999995,43.548,42.919,42.648,42.879,42.82000000000001,41.724,40.782999999999994,41.348000000000006,41.727,41.421,40.595,39.935,39.158,39.91,40.43399999999999,41.928,43.14,42.37800000000001,41.066,39.339999999999996,38.518,37.52799999999999,38.586999999999996,39.066,41.01199999999999,42.953,39.410000000000004,35.385000000000005,37.333000000000006,41.943000000000005,42.300999999999995,42.947,42.06599999999999,40.934999999999995,43.856,46.331999999999994,43.080999999999996,36.39900000000001,34.834,36.442,39.034,39.059999999999995,43.50800000000001,42.40500000000001,42.65499999999999,45.089999999999996,48.338,48.055,50.11200000000001,50.019000000000005,46.82000000000001,44.139,46.331999999999994,44.156,46.531000000000006,41.721999999999994,43.212999999999994,42.434999999999995,41.769000000000005,42.544999999999995,27.474000000000004,39.555,49.339,53.757000000000005,36.495999999999995,32.107,35.0,34.40000000000001,42.46900000000001,40.153999999999996
18,5B031FDDX00004,35.49,37.784,37.784,35.712999999999994,33.399,35.381,37.431000000000004,38.139,38.534,41.379000000000005,44.335,42.785000000000004,44.682,45.132999999999996,42.362,42.417,42.366,44.444,44.166,43.542,42.68899999999999,42.71300000000001,42.881,42.885999999999996,42.92100000000001,43.60699999999999,42.71300000000001,41.286,41.638000000000005,42.751000000000005,41.86300000000001,41.038,40.794000000000004,41.158999999999985,41.42400000000001,41.134,39.85900000000001,39.791,39.346000000000004,38.562000000000005,39.809000000000005,40.76200000000001,40.59,38.772999999999996,38.227999999999994,37.167,36.699000000000005,37.919,38.21099999999999,38.925999999999995,39.458999999999996,36.044000000000004,36.068000000000005,39.327000000000005,40.608000000000004,43.118,44.705,44.322,43.869,46.922000000000004,48.10099999999999,42.47500000000001,36.809000000000005,38.862,39.446,43.062000000000005,43.83800000000001,46.06699999999999,44.81599999999999,46.397999999999996,49.660000000000004,49.09999999999999,51.803,54.712,54.685,52.683,50.815999999999995,50.111000000000004,50.31699999999999,50.307,46.769999999999996,49.441,51.071,49.839000000000006,45.602,43.01899999999999,40.456,37.242999999999995,40.941,46.488,34.846000000000004,33.27699999999999,41.53,46.88000000000001,52.831999999999994
19,5B031FDDX00004,38.65899999999999,37.11600000000001,37.11600000000001,35.355000000000004,32.516999999999996,34.486,36.138,36.90500000000001,37.948,40.272999999999996,43.05799999999999,42.392999999999994,43.297999999999995,44.82,43.214999999999996,42.976,42.92300000000001,44.21900000000001,44.643,44.252,43.544999999999995,42.848,43.03600000000001,42.93199999999999,43.096,43.323,42.56,41.274,41.242,41.984,41.59400000000001,40.714,40.64,41.09799999999999,41.221,41.412,40.219,39.597,39.127,39.401999999999994,39.93300000000001,41.004,40.295,39.48100000000001,38.353,37.681,37.303000000000004,37.851,38.462999999999994,39.51400000000001,39.826,36.06,36.391999999999996,39.108999999999995,41.321,43.059000000000005,44.547999999999995,44.461,43.638999999999996,45.583999999999996,47.315,42.074999999999996,36.81,38.832,39.173,43.374,43.75500000000001,45.619,45.53899999999999,47.144,49.06200000000001,49.085999999999984,52.03099999999999,54.31999999999999,55.204,51.965,51.228,49.243,50.597,50.745999999999995,46.68000000000001,50.998,51.001000000000005,49.962999999999994,44.059000000000005,43.048,40.108000000000004,37.523,41.17200000000001,44.59800000000001,33.544999999999995,33.105999999999995,41.766999999999996,48.593,49.52900000000001
20,5B031FDDX00004,32.468,33.55,33.55,32.663000000000004,31.931000000000004,33.9,36.026,36.871,37.541000000000004,40.093,42.48500000000001,40.945,43.327999999999996,44.532000000000004,43.07699999999999,42.58800000000001,42.254999999999995,44.07799999999999,44.662,44.392999999999994,43.632999999999996,43.607000000000006,43.705,43.54099999999998,43.870000000000005,44.275000000000006,43.087,41.30199999999999,41.276,42.182,41.618,41.348,41.093,41.155999999999985,41.117,41.349,40.074,40.146,39.49,38.751,40.43600000000001,41.083000000000006,40.379000000000005,39.081,38.199000000000005,37.587,37.38100000000001,38.187,38.67000000000001,39.576,39.727999999999994,36.084,36.262,39.639,41.651,42.91199999999999,44.275,44.521000000000015,43.762,47.013000000000005,47.90599999999999,42.131,37.13700000000001,38.741,39.384,43.15,43.92500000000001,45.76499999999999,45.574,46.591,48.53200000000001,48.385999999999996,51.64099999999999,53.894999999999996,54.348,52.541,50.499,48.782000000000004,49.547,51.038000000000004,47.266999999999996,50.202999999999996,51.562,50.61299999999999,44.20399999999999,45.32999999999999,42.337999999999994,38.11299999999999,41.748000000000005,42.575,33.013999999999996,33.955,44.13799999999999,48.833000000000006,42.57000000000001
21,5B031FDDX00004,33.669000000000004,33.754000000000005,33.754000000000005,33.004000000000005,32.149,34.106,35.223000000000006,35.885,37.167,39.76,40.687000000000005,41.082,43.221000000000004,44.254,42.202000000000005,42.285,41.913,43.55799999999999,43.736000000000004,44.07000000000001,43.713,43.811,43.800999999999995,44.09,44.155,43.796,42.92300000000001,41.29899999999999,41.156000000000006,42.15200000000001,41.685,41.173,40.931,42.028,42.236000000000004,41.798,40.992000000000004,40.316,39.857,40.17700000000001,41.230999999999995,41.94899999999999,42.003,40.761,39.525999999999996,38.319,37.778,38.703,39.05700000000001,40.279,40.352,36.37400000000001,36.46999999999999,39.247,41.169999999999995,43.802,44.83899999999999,43.27,43.483999999999995,46.714,47.028999999999996,41.89399999999999,36.745,38.662000000000006,38.986999999999995,42.804,44.06100000000001,45.803000000000004,45.434,46.044000000000004,48.38900000000001,49.082999999999984,53.73299999999999,54.794,56.301,51.986,51.126000000000005,49.45,50.441,51.23500000000001,46.056,48.797999999999995,52.30800000000001,49.51,45.358000000000004,42.384,38.68600000000001,36.20100000000001,40.784000000000006,43.59700000000001,34.734,32.931,41.384,50.775999999999996,60.41900000000001
22,5B031FDDX00004,33.392,34.547,34.547,33.98,32.611,34.592999999999996,36.839000000000006,37.791,38.489999999999995,41.21900000000001,44.519000000000005,42.61299999999999,44.120000000000005,44.282000000000004,41.901999999999994,42.211,42.33200000000001,44.617000000000004,44.517999999999994,44.375,43.715999999999994,43.698,43.542,43.881,43.993,43.998,43.117,41.43299999999999,41.492000000000004,42.196999999999996,41.741,40.922,41.281,42.246,42.57000000000001,42.249,41.541000000000004,40.861999999999995,40.898,40.795,41.98500000000001,43.044999999999995,42.992,41.45199999999999,40.187999999999995,38.351000000000006,37.957,38.601,39.41,40.232,40.804,36.48300000000001,37.081999999999994,39.513,41.016000000000005,43.922999999999995,45.275,43.24200000000001,42.918000000000006,45.172999999999995,48.58500000000001,41.897999999999996,36.73,38.660000000000004,39.025999999999996,43.17700000000001,43.53800000000001,45.614,45.113,46.108,49.042,48.757999999999996,52.70100000000001,54.67,56.608000000000004,52.016999999999996,50.29299999999999,49.977,50.545,50.447,46.379999999999995,49.37800000000001,50.821999999999996,49.89600000000001,45.394000000000005,42.627,38.605000000000004,35.144,40.85000000000001,44.024,34.824999999999996,32.979,41.944,49.626999999999995,58.18600000000001
23,5B031FDDX00004,35.327999999999996,34.781,34.781,34.781000000000006,33.647000000000006,35.6,37.243,38.291999999999994,39.81999999999999,41.572,43.252,42.435,44.212,45.64600000000001,43.34400000000001,43.266999999999996,42.986000000000004,45.31299999999999,44.842000000000006,44.129,43.175999999999995,43.824999999999996,43.977000000000004,43.95599999999999,44.528000000000006,44.467,42.775999999999996,41.114999999999995,41.226000000000006,42.211000000000006,41.951,41.191,41.344,42.06199999999999,42.419,41.581,40.777,40.478,40.16499999999999,39.929,41.614,42.032999999999994,41.291000000000004,40.627,39.315,38.67099999999999,38.375,38.983000000000004,39.572,40.69499999999999,39.986999999999995,36.000000000000014,36.296,39.573,41.51499999999999,43.88400000000001,44.74100000000001,43.522000000000006,43.528999999999996,46.476000000000006,48.642,41.691,36.414,38.585,39.00200000000001,42.887,43.507000000000005,45.703,44.602999999999994,46.87100000000001,48.51400000000001,49.22999999999999,52.669,53.839,55.667,52.239000000000004,50.68900000000001,50.093999999999994,50.358999999999995,50.407000000000004,45.981999999999985,49.576,51.401,49.63400000000001,45.751000000000005,42.998,39.59700000000001,37.18500000000001,41.19,45.038,33.971000000000004,32.63900000000001,41.643,50.462,51.432
24,5B031FDDX00004,39.90599999999999,40.467000000000006,40.467000000000006,40.590999999999994,40.59099999999999,39.09400000000001,39.863,40.885,42.120000000000005,44.526999999999994,47.18299999999999,48.721999999999994,46.391000000000005,45.012,42.40299999999999,42.411,42.818,43.053,44.10900000000001,43.656,43.528000000000006,42.82299999999999,43.635000000000005,43.003,43.553,43.482000000000006,43.45099999999999,43.120000000000005,42.37,42.462999999999994,42.53999999999999,42.931999999999995,42.79299999999999,43.68899999999999,44.294999999999995,43.381,42.31,41.69899999999999,41.797000000000004,43.25600000000001,44.849000000000004,45.217999999999996,43.931000000000004,42.300999999999995,42.412,41.535,40.033,40.36800000000001,38.06999999999999,36.867000000000004,39.30700000000001,39.18500000000001,38.765,39.824000000000005,41.136,41.608,42.551,43.164,43.652000000000015,40.34000000000001,38.651,37.99,39.69899999999999,39.113,40.675000000000004,41.445,43.549,45.173,49.978,51.597,51.405000000000015,51.271,48.506,49.47200000000001,50.399,50.87899999999999,48.626,53.17099999999999,48.919999999999995,51.14099999999999,48.851,48.696,48.96599999999999,49.44800000000001,47.33,36.882,47.222,52.722,48.026999999999994,41.613,38.31399999999999,40.24,31.241,34.42700000000001,39.81
25,5B031FDDX00004,39.438,38.75899999999999,38.75899999999999,39.465,36.309999999999995,38.387,38.419000000000004,40.022999999999996,41.467999999999996,43.129,46.451,49.82000000000001,47.342000000000006,46.831,44.47899999999999,43.909000000000006,43.824999999999996,43.78699999999999,43.304,43.166000000000004,43.041,43.088,43.75200000000001,44.05100000000001,44.075,43.93599999999999,43.031000000000006,41.977,42.029,42.38699999999999,41.989000000000004,42.003,42.553,42.768,43.525000000000006,44.27000000000001,42.502,42.211,42.059,42.559000000000005,43.994,45.391000000000005,43.254000000000005,42.165,40.986000000000004,40.474,40.842,39.632999999999996,38.202999999999996,36.666,39.053000000000004,38.714999999999996,38.24,38.934,39.458999999999996,40.412000000000006,40.965,42.825,43.528000000000006,40.17,39.056999999999995,37.3,38.75499999999999,38.47699999999999,40.227999999999994,41.007,41.952,42.882000000000005,47.76199999999999,52.75000000000001,50.441,51.919,49.35000000000001,49.798,50.45199999999999,51.128,48.69800000000001,52.873,48.3,49.374,48.522000000000006,47.846000000000004,48.87899999999999,49.707,48.30500000000001,37.79,44.62500000000001,55.319,46.224000000000004,45.776999999999994,39.521,41.293000000000006,33.548,34.85199999999999,34.400000000000006
26,5B031FDDX00004,37.267999999999994,36.275,36.275,35.387,35.38699999999999,35.428,36.496,37.98700000000001,39.794999999999995,42.27199999999999,45.635000000000005,47.04,45.10199999999999,43.89099999999999,42.492,42.735,42.775,43.103,43.969000000000015,44.208999999999996,44.129999999999995,43.132000000000005,43.202,42.821000000000005,43.004000000000005,43.074000000000005,43.23,42.545,42.169000000000004,42.790000000000006,42.307,42.821,43.300999999999995,43.192,42.93000000000001,42.658,42.21,41.975,42.373,43.073,44.602000000000004,44.633,44.057,43.212999999999994,42.173,41.761,40.86,40.792,38.23499999999999,36.783,40.09500000000001,39.623,38.775,39.376999999999995,40.373,41.05700000000001,42.261,43.89999999999999,44.45800000000001,41.30300000000001,38.419,36.937999999999995,39.36199999999999,38.613,39.902,41.797,43.658,44.385,49.174,52.446000000000005,51.42699999999999,53.364999999999995,49.802,49.729000000000006,51.157000000000004,51.35499999999999,48.367000000000004,52.313,49.159,50.589000000000006,48.417,47.97999999999999,49.114999999999995,49.701,47.1,37.35099999999999,47.723000000000006,56.36100000000001,46.78300000000001,40.57299999999999,37.804,41.83,31.92,33.25200000000001,38.925
27,5B031FDDX00004,37.562,37.721,37.721,37.756,37.75599999999999,37.74,39.354,41.313,42.665000000000006,45.77299999999999,49.513999999999996,48.562000000000005,46.022,45.187000000000005,43.086000000000006,42.665000000000006,43.36299999999999,43.457,43.91900000000001,43.824,43.80500000000001,43.16100000000001,43.45399999999999,42.983,43.618,43.28,42.351,41.806,41.51,41.779999999999994,41.729,42.362,42.979000000000006,43.413999999999994,43.470000000000006,42.74900000000001,42.046,41.97599999999999,42.538000000000004,43.31600000000001,44.79900000000001,45.458,44.977000000000004,43.42400000000001,42.098,41.093,40.793,40.855,38.59199999999999,37.023,39.848000000000006,39.343,39.073,39.71,40.163,40.702999999999996,42.082,43.795,45.727000000000004,40.56,38.071000000000005,37.00800000000001,39.156,38.53,40.105,41.717999999999996,43.279,45.318999999999996,48.44499999999999,50.857,51.80200000000001,52.54299999999999,50.592000000000006,50.05500000000001,51.43000000000001,51.28599999999999,48.919000000000004,51.944,48.868,50.86599999999999,48.17500000000001,47.82499999999999,48.59499999999999,49.534000000000006,46.31999999999999,37.913,49.00300000000001,53.81600000000002,47.840999999999994,41.53,37.183,41.295,30.666999999999987,34.61999999999999,38.281000000000006
28,5B031FDDX00004,35.830999999999996,37.077,37.077,37.300000000000004,37.3,36.728,37.55,39.35000000000001,40.482,42.824999999999996,46.626999999999995,47.583000000000006,45.977,44.763999999999996,43.135,42.85900000000001,42.91199999999999,43.363,43.27100000000001,43.230999999999995,43.307,43.034000000000006,43.842,42.903000000000006,43.382999999999996,43.195,42.416999999999994,42.126,41.876,42.785,42.442,41.98,42.688,43.239,42.99699999999999,42.477,41.334,41.973000000000006,41.776,43.410000000000004,44.84,44.595,43.884,42.632999999999996,42.602,41.533,41.082,40.51199999999999,38.416,36.446999999999996,39.56,39.742000000000004,38.704,39.575,40.144000000000005,40.913000000000004,41.70199999999999,43.85799999999999,45.32000000000001,41.191,38.937,36.910000000000004,39.09899999999999,38.13699999999999,39.808,42.083999999999996,43.64,44.272999999999996,48.171,51.579,51.997,52.876000000000005,49.840999999999994,50.998000000000005,51.001000000000005,50.929,48.815000000000005,53.041,48.677,50.974,48.59,48.471999999999994,48.79299999999999,49.187000000000005,47.315999999999995,37.306,47.358,55.403,45.041000000000004,42.898999999999994,38.477999999999994,42.037,31.98700000000001,34.40899999999999,35.605999999999995
29,5B031FDDX00004,29.187999999999995,28.327000000000005,28.326999999999998,28.41100000000001,25.698,27.346999999999994,27.364000000000004,28.144000000000005,28.849000000000004,29.348999999999997,31.237000000000002,33.241,34.897,37.161,39.227999999999994,41.045,41.633,44.476,45.488,44.848,43.763,43.04299999999999,42.75899999999999,43.678000000000004,43.79600000000001,43.023,41.884,42.461,43.14,42.473,41.449999999999996,41.044000000000004,41.321,42.092000000000006,42.626999999999995,41.78,41.13099999999999,40.27400000000001,40.467999999999996,41.14399999999999,42.013999999999996,42.482000000000006,41.484,40.955999999999996,40.108000000000004,39.90599999999999,39.352999999999994,40.339000000000006,41.123000000000005,42.004999999999995,45.023999999999994,43.288000000000004,40.230000000000004,42.762,45.173,46.65800000000001,46.998000000000005,47.05,46.98799999999999,48.020999999999994,46.08599999999999,41.056000000000004,38.247,38.95099999999999,40.94800000000001,44.159,44.42199999999999,45.928999999999995,44.854,48.271,52.522999999999996,51.98900000000001,51.522000000000006,51.565999999999995,51.726,51.599,50.038,50.36000000000001,50.888,49.98,46.564,52.314,49.303000000000004,48.777,59.394999999999996,43.723000000000006,45.994,61.31699999999999,42.452,39.04999999999999,34.724999999999994,35.747,40.021,43.95299999999999,40.617999999999995
30,5B031FDDX00004,30.148000000000003,29.628,29.627999999999993,29.747999999999998,27.053999999999995,28.702999999999996,27.589,27.413000000000004,27.768000000000008,28.141999999999996,29.234,31.673000000000002,34.826,37.486,39.125,40.57599999999999,41.507000000000005,45.156000000000006,46.631,45.25500000000001,43.50999999999999,42.64999999999999,43.01299999999999,43.354,43.650999999999996,42.9,42.10400000000001,42.156,42.386,41.95399999999999,41.568,41.239,41.107,42.282000000000004,42.24199999999999,42.013999999999996,41.454,41.041,40.918000000000006,40.408,42.510999999999996,43.05200000000001,41.519999999999996,41.16499999999999,39.867999999999995,39.81,39.728,40.492,40.635000000000005,42.019999999999996,44.735,43.37599999999999,40.146,43.705,45.501999999999995,45.614999999999995,47.044,46.904,47.01800000000001,46.721000000000004,46.010999999999996,41.171,38.344,38.736,40.755,44.19500000000001,44.97799999999999,46.54,44.999,48.735,53.028,51.582000000000015,50.932,50.80500000000001,51.184999999999995,51.62899999999999,50.268,49.89099999999999,50.924,50.051,46.226,52.86,49.54599999999999,49.162,62.65899999999999,43.992999999999995,45.609,59.205999999999996,43.63,39.673999999999985,35.093,35.763000000000005,39.354000000000006,44.23700000000001,43.24
31,5B031FDDX00004,31.643,30.36500000000001,30.365000000000002,30.316000000000003,28.206000000000003,29.883000000000003,28.265,28.199999999999996,28.656000000000006,28.778999999999996,29.429000000000002,31.860999999999997,34.434,36.708000000000006,39.562,40.870000000000005,41.474999999999994,44.366,44.863,43.92200000000001,42.751,42.727000000000004,42.75200000000001,43.022000000000006,42.82000000000001,42.479,41.40500000000001,41.508,42.799,42.53899999999999,41.393,41.62200000000001,41.445,41.559000000000005,42.458,42.629,41.758,41.239000000000004,40.596000000000004,40.857000000000006,42.477000000000004,43.25900000000001,41.357,40.576,40.047000000000004,39.731,39.934999999999995,40.61600000000001,41.241,42.84100000000001,45.21300000000001,42.917,39.739000000000004,42.711999999999996,45.117,46.422999999999995,46.318000000000005,45.785000000000004,46.493,48.208,45.668,40.736000000000004,37.886,38.734,40.50099999999999,43.60600000000001,45.18099999999999,46.297999999999995,46.03,47.8,52.718999999999994,52.93500000000001,51.471,51.948,51.831,51.968,49.384,49.865,50.661,49.791999999999994,46.617000000000004,52.593999999999994,50.094,50.659,63.052,43.68299999999999,45.918000000000006,65.88399999999999,44.802,39.43,34.784000000000006,35.652,38.864,44.487999999999985,42.935
32,5B031FDDX00004,31.332000000000008,30.063999999999993,30.063999999999986,29.724000000000004,27.49199999999999,29.190999999999995,27.353,27.041999999999994,27.502999999999993,27.860000000000007,28.439000000000007,30.882999999999996,34.016999999999996,36.699000000000005,38.89099999999999,40.651,41.341,43.885999999999996,44.14699999999999,44.037000000000006,43.009,42.55,43.247,43.424,42.977000000000004,42.73800000000001,41.98200000000001,42.416999999999994,43.174,42.754999999999995,41.829,42.07599999999999,41.431000000000004,42.778,43.028999999999996,41.967,41.359,41.36,41.108,41.05499999999999,42.29600000000001,43.69500000000001,42.06300000000001,41.771,40.535,40.31499999999999,39.868,40.886,41.719,42.407,45.339,42.517,39.81500000000001,43.212999999999994,44.321999999999996,45.583999999999996,46.329,46.217999999999996,46.57299999999999,47.537000000000006,45.825,40.399,37.593999999999994,38.6,40.865,44.297,45.04999999999999,46.353,44.704,48.163,51.83,50.41600000000001,51.724000000000004,51.45000000000001,50.767,50.125,49.693999999999996,50.071000000000005,50.642,49.026999999999994,46.332,51.53000000000001,50.779999999999994,49.410999999999994,62.019999999999996,43.543000000000006,47.227999999999994,67.975,45.562,38.98899999999998,34.726,35.81700000000001,38.629000000000005,46.092,40.88400000000001
33,5B031FDDX00004,30.985999999999997,29.952999999999996,29.95299999999999,30.226000000000006,30.226000000000006,29.352999999999994,27.455,26.799000000000007,27.283999999999992,27.285999999999994,27.897000000000006,30.392999999999994,34.104,36.590999999999994,38.768,40.497,41.138,42.28699999999999,44.859,44.194,43.363,42.568,42.638999999999996,42.44100000000001,43.164,43.129000000000005,42.40200000000001,42.48400000000001,42.971000000000004,42.751999999999995,42.167,40.976000000000006,41.51200000000001,42.85,42.974000000000004,41.901,41.390999999999984,41.641,40.836000000000006,41.339000000000006,43.53699999999999,43.142999999999994,41.964999999999996,40.744,40.407000000000004,40.175999999999995,40.163000000000004,40.601,41.419999999999995,43.563,45.174,43.388,39.679,42.355,44.754000000000005,45.289,45.861,46.532000000000004,46.185,47.363,45.167,40.361,37.562999999999995,38.54,40.868,44.274,44.11599999999999,46.011,43.68000000000001,48.544000000000004,53.68200000000001,51.376000000000005,51.279,52.63,51.14399999999999,50.537000000000006,49.20399999999999,50.208999999999996,50.82999999999999,49.830999999999996,46.39,53.269,51.034000000000006,49.57300000000001,63.441,43.99099999999999,45.762,61.81799999999999,44.676,38.656,35.004999999999995,35.67100000000001,39.73,46.19799999999999,45.075
34,5B031FDDX00004,31.182000000000002,30.363999999999997,30.36399999999999,29.864000000000004,29.864000000000004,28.882999999999996,27.779000000000003,27.601,27.956000000000003,28.375,29.185000000000002,31.241999999999997,33.988,36.556999999999995,38.744,41.29600000000001,41.736000000000004,42.41199999999999,45.441,44.24000000000001,43.486999999999995,42.876,43.28900000000001,42.21600000000001,42.785,43.262,42.29800000000001,42.366,42.65200000000001,42.55599999999998,42.056,41.132999999999996,41.47599999999999,42.272000000000006,42.444,42.093,41.448,41.117,41.08299999999999,41.765,43.489999999999995,43.031000000000006,41.858000000000004,41.347,40.839999999999996,40.715,40.004999999999995,41.26599999999999,41.266999999999996,43.532,45.397999999999996,42.587999999999994,39.650999999999996,43.361000000000004,44.522,45.147,45.964999999999996,46.727,45.92999999999999,47.484,45.16899999999999,40.532000000000004,37.251,38.683,41.07699999999999,44.031000000000006,44.144,46.644000000000005,44.06700000000001,48.497,53.401,50.75000000000001,51.965,51.086999999999996,50.967,50.699999999999996,49.089999999999996,49.212,50.523,49.825,46.87700000000001,53.461,50.611999999999995,49.18600000000001,66.875,43.660999999999994,45.501,64.781,44.983000000000004,38.90199999999999,34.56200000000001,35.32700000000001,39.303000000000004,46.078,44.121
