,0,466,467,468,469,470,471,472,473,474,475,476,477,478,479,480,481,482,483,484,485,486,487,488,489,490,491,492,493,494,495,496,497,498,499,500,501,502,503,504,505,506,507,508,509,510,511,512,513,514,515,516,517,518,519,520,521,522,523,524,525,526,527,528,529,530,531,532,533,534,535,536,537,538,539,540,541,542,543,544,545,546,547,548,549,550,551,552,553,554,555,556,557,558,559,560
phase,dut_id,mic-2_fr_norm,mic-2_fr_norm,mic-2_fr_norm,mic-2_fr_norm,mic-2_fr_norm,mic-2_fr_norm,mic-2_fr_norm,mic-2_fr_norm,mic-2_fr_norm,mic-2_fr_norm,mic-2_fr_norm,mic-2_fr_norm,mic-2_fr_norm,mic-2_fr_norm,mic-2_fr_norm,mic-2_fr_norm,mic-2_fr_norm,mic-2_fr_norm,mic-2_fr_norm,mic-2_fr_norm,mic-2_fr_norm,mic-2_fr_norm,mic-2_fr_norm,mic-2_fr_norm,mic-2_fr_norm,mic-2_fr_norm,mic-2_fr_norm,mic-2_fr_norm,mic-2_fr_norm,mic-2_fr_norm,mic-2_fr_norm,mic-2_fr_norm,mic-2_fr_norm,mic-2_fr_norm,mic-2_fr_norm,mic-2_fr_norm,mic-2_fr_norm,mic-2_fr_norm,mic-2_fr_norm,mic-2_fr_norm,mic-2_fr_norm,mic-2_fr_norm,mic-2_fr_norm,mic-2_fr_norm,mic-2_fr_norm,mic-2_fr_norm,mic-2_fr_norm,mic-2_fr_norm,mic-2_fr_norm,mic-2_fr_norm,mic-2_fr_norm,mic-2_fr_norm,mic-2_fr_norm,mic-2_fr_norm,mic-2_fr_norm,mic-2_fr_norm,mic-2_fr_norm,mic-2_fr_norm,mic-2_fr_norm,mic-2_fr_norm,mic-2_fr_norm,mic-2_fr_norm,mic-2_fr_norm,mic-2_fr_norm,mic-2_fr_norm,mic-2_fr_norm,mic-2_fr_norm,mic-2_fr_norm,mic-2_fr_norm,mic-2_fr_norm,mic-2_fr_norm,mic-2_fr_norm,mic-2_fr_norm,mic-2_fr_norm,mic-2_fr_norm,mic-2_fr_norm,mic-2_fr_norm,mic-2_fr_norm,mic-2_fr_norm,mic-2_fr_norm,mic-2_fr_norm,mic-2_fr_norm,mic-2_fr_norm,mic-2_fr_norm,mic-2_fr_norm,mic-2_fr_norm,mic-2_fr_norm,mic-2_fr_norm,mic-2_fr_norm,mic-2_fr_norm,mic-2_fr_norm,mic-2_fr_norm,mic-2_fr_norm,mic-2_fr_norm,mic-2_fr_norm
freq,,100.0,106.0,112.0,118.0,125.0,132.0,140.0,150.0,160.0,170.0,180.0,190.0,200.0,212.0,224.0,236.0,250.0,265.0,280.0,300.0,315.0,335.0,355.0,375.0,400.0,425.0,450.0,475.0,500.0,530.0,560.0,600.0,630.0,670.0,710.0,750.0,800.0,850.0,900.0,950.0,1000.0,1060.0,1120.0,1180.0,1250.0,1320.0,1400.0,1500.0,1600.0,1700.0,1800.0,1900.0,2000.0,2120.0,2240.0,2360.0,2500.0,2650.0,2800.0,3000.0,3150.0,3350.0,3550.0,3750.0,4000.0,4250.0,4500.0,4750.0,5000.0,5300.0,5600.0,6000.0,6300.0,6700.0,7100.0,7500.0,8000.0,8500.0,9000.0,9500.0,10000.0,10600.0,11200.0,11800.0,12500.0,13200.0,14000.0,15000.0,16000.0,17000.0,18000.0,19000.0,20000.0,21200.0,22400.0
0,5B031FDDX00004,-0.26300000000000523,0.21999999999998465,-0.24900000000000233,-0.5440000000000111,-0.7680000000000149,-0.886000000000017,-0.8460000000000036,-0.8420000000000272,-0.8090000000000259,-0.7390000000000185,-0.6890000000000285,-0.6700000000000159,-0.6250000000000213,-0.585000000000008,-0.5160000000000124,-0.5040000000000191,-0.472999999999999,-0.40900000000001313,-0.3510000000000133,-0.3440000000000012,-0.19400000000000972,-0.22200000000001552,-0.2670000000000101,-0.24400000000000688,-0.25200000000001666,-0.21700000000002717,-0.21300000000001518,-0.18900000000000716,-0.14500000000002444,-0.13500000000002643,-0.13700000000000756,-0.10500000000000398,-0.11800000000001631,-0.07500000000001705,-0.062000000000026034,-0.05500000000001393,-0.09000000000001762,-0.14200000000001722,-0.13900000000001,-0.1010000000000062,0.0,0.15799999999997993,0.15499999999999403,0.15199999999999392,0.1279999999999859,0.006999999999990791,-0.22300000000000608,0.009999999999969589,0.4369999999999692,0.5899999999999821,0.4049999999999727,0.6939999999999742,1.0879999999999725,0.053999999999987836,1.698999999999998,0.8179999999999836,0.7539999999999907,1.0089999999999932,1.1489999999999867,0.9069999999999823,1.3539999999999779,1.4579999999999984,1.4259999999999735,1.9549999999999912,2.1369999999999933,2.846999999999973,2.353999999999999,3.580999999999996,3.4099999999999895,4.008999999999979,4.0619999999999905,5.018999999999984,5.561999999999994,6.16899999999999,6.564999999999991,8.407999999999994,8.347999999999985,9.849999999999987,9.624999999999993,9.347999999999978,9.192999999999977,8.353999999999974,7.58799999999999,7.583999999999978,5.036999999999999,7.644999999999996,3.955999999999996,3.184999999999988,4.420999999999999,2.3349999999999937,0.5790000000000006,2.4499999999999886,2.2549999999999955,3.522999999999982,0.8769999999999811
1,5B031FDDX00004,-0.23199999999999932,0.2499999999999929,-0.22099999999999653,-0.5160000000000053,-0.7390000000000114,-0.8560000000000088,-0.8120000000000047,-0.805000000000021,-0.771000000000015,-0.7010000000000076,-0.6540000000000248,-0.6380000000000123,-0.5950000000000131,-0.5549999999999997,-0.487000000000009,-0.4720000000000155,-0.4399999999999977,-0.3760000000000048,-0.3200000000000074,-0.3149999999999977,-0.16600000000000392,-0.19600000000001216,-0.24099999999999966,-0.22000000000000597,-0.22800000000000864,-0.19100000000002382,-0.18200000000000927,-0.15700000000000358,-0.10600000000001586,-0.08900000000001995,-0.09600000000000364,-0.07299999999999329,-0.09200000000000585,-0.05800000000001404,-0.06800000000001916,-0.07200000000000983,-0.0940000000000154,-0.1390000000000171,-0.12600000000000477,-0.09200000000000585,0.0,0.1589999999999847,0.1600000000000037,0.15800000000000125,0.1389999999999887,0.024999999999991473,-0.18900000000000006,0.05599999999997607,0.45599999999997465,0.6059999999999874,0.4399999999999835,0.711999999999982,1.082999999999977,0.09399999999999409,1.7349999999999994,0.8219999999999885,0.7639999999999958,1.0289999999999964,1.1459999999999937,0.9339999999999904,1.3789999999999836,1.5150000000000077,1.47499999999998,1.9719999999999942,2.1699999999999946,2.887999999999977,2.433000000000007,3.629000000000005,3.458999999999996,4.018999999999984,4.089999999999996,5.03799999999999,5.573,6.191999999999993,6.615999999999996,8.450000000000003,8.380999999999993,9.85199999999999,9.657,9.451999999999984,9.228999999999981,8.373999999999977,7.594999999999995,7.654999999999983,5.07200000000001,7.647000000000002,3.9979999999999976,3.2439999999999998,4.552,2.364999999999995,0.622000000000007,2.4799999999999898,2.3149999999999977,3.4879999999999853,0.7599999999999909
2,5B031FDDX00004,-0.2260000000000062,0.26199999999998624,-0.20199999999999818,-0.4940000000000069,-0.7150000000000105,-0.832000000000015,-0.7930000000000064,-0.7910000000000252,-0.7620000000000218,-0.6960000000000122,-0.6490000000000222,-0.6330000000000169,-0.5900000000000176,-0.5510000000000019,-0.48400000000000887,-0.4720000000000155,-0.44200000000000017,-0.38000000000000966,-0.3240000000000123,-0.3200000000000003,-0.17100000000000648,-0.2020000000000124,-0.24800000000000466,-0.22400000000000375,-0.22800000000001575,-0.18900000000002137,-0.1810000000000116,-0.15800000000000836,-0.11200000000002319,-0.09500000000002018,-0.09500000000000597,-0.06899999999999551,-0.08900000000001285,-0.05500000000001393,-0.06700000000002149,-0.07500000000000995,-0.09500000000001307,-0.1430000000000149,-0.13000000000000256,-0.09000000000000341,0.0,0.1589999999999847,0.15800000000000125,0.15899999999999892,0.1349999999999909,0.02099999999999369,-0.1810000000000045,0.061999999999976296,0.4569999999999723,0.6059999999999874,0.4429999999999765,0.7109999999999772,1.079999999999977,0.09399999999999409,1.7409999999999997,0.8109999999999928,0.7609999999999886,1.0239999999999938,1.1509999999999891,0.9299999999999855,1.3779999999999788,1.5200000000000031,1.461999999999982,1.9729999999999919,2.174999999999997,2.8789999999999765,2.436,3.646000000000001,3.4949999999999903,4.013999999999982,4.1299999999999955,5.05599999999999,5.538999999999998,6.21299999999999,6.618999999999996,8.433,8.361999999999988,9.830999999999989,9.698999999999998,9.54199999999998,9.28599999999998,8.429999999999978,7.5469999999999935,7.664999999999981,5.033000000000008,7.684999999999999,4.1469999999999985,3.3019999999999996,4.564,2.496999999999993,0.9549999999999983,2.6489999999999867,2.3840000000000003,3.2349999999999923,0.2499999999999929
3,5B031FDDX00004,-0.21100000000000563,0.2669999999999888,-0.20700000000000074,-0.5030000000000072,-0.727000000000011,-0.8460000000000178,-0.8050000000000068,-0.802000000000028,-0.7690000000000197,-0.700000000000017,-0.650000000000027,-0.6310000000000215,-0.5850000000000151,-0.5460000000000065,-0.4790000000000134,-0.4690000000000154,-0.44000000000000483,-0.379000000000012,-0.3230000000000146,-0.31800000000000495,-0.16800000000000637,-0.19700000000001694,-0.24400000000000688,-0.22300000000000608,-0.22900000000001342,-0.19100000000002382,-0.18600000000001415,-0.16400000000000858,-0.11700000000002575,-0.10100000000002751,-0.10900000000000887,-0.0870000000000033,-0.10400000000001342,-0.06200000000001893,-0.06800000000001916,-0.07200000000000983,-0.09200000000002007,-0.13800000000001944,-0.12800000000000722,-0.09000000000001052,0.0,0.15799999999998704,0.1670000000000016,0.17099999999999227,0.1519999999999868,0.0309999999999917,-0.18900000000000006,0.04699999999997573,0.45599999999997465,0.6079999999999899,0.4439999999999742,0.7139999999999773,1.0989999999999753,0.08899999999999153,1.708999999999996,0.8329999999999842,0.7649999999999864,1.0279999999999916,1.1609999999999872,0.9139999999999802,1.3799999999999812,1.5200000000000031,1.4609999999999772,1.9969999999999928,2.181999999999995,2.8749999999999716,2.4000000000000057,3.6340000000000003,3.4839999999999876,4.017999999999979,4.109999999999992,5.063999999999986,5.556999999999995,6.214999999999989,6.621999999999993,8.390999999999998,8.352999999999987,9.834999999999987,9.687999999999995,9.478999999999981,9.240999999999978,8.421999999999976,7.554999999999989,7.670999999999978,5.062000000000005,7.658999999999995,4.126999999999995,3.329999999999991,4.472000000000001,2.519999999999996,0.9029999999999987,2.5709999999999837,2.384999999999998,3.3989999999999867,0.7619999999999862
4,5B031FDDX00004,-0.2610000000000028,0.22799999999998732,-0.2359999999999971,-0.5280000000000129,-0.7470000000000141,-0.8640000000000114,-0.8230000000000075,-0.8190000000000239,-0.7860000000000227,-0.7140000000000128,-0.6630000000000251,-0.6430000000000149,-0.5970000000000155,-0.5590000000000046,-0.494000000000014,-0.48500000000001364,-0.46000000000000085,-0.4000000000000128,-0.3450000000000131,-0.3400000000000034,-0.19000000000001194,-0.22000000000001307,-0.26600000000000534,-0.24400000000000688,-0.24800000000001177,-0.2090000000000245,-0.20400000000001484,-0.1810000000000045,-0.13400000000002166,-0.12000000000002586,-0.12800000000000722,-0.10699999999999932,-0.1250000000000071,-0.08600000000001984,-0.09000000000002473,-0.09000000000001052,-0.10900000000001597,-0.14800000000001745,-0.13400000000000745,-0.09300000000000352,0.0,0.15699999999998226,0.16499999999999915,0.17399999999999238,0.15399999999998926,0.010999999999988574,-0.2150000000000034,0.03299999999997283,0.44599999999997664,0.6029999999999873,0.43499999999998096,0.6969999999999743,1.0549999999999784,0.07499999999999574,1.7129999999999939,0.789999999999992,0.7369999999999877,1.009999999999998,1.1389999999999887,0.9069999999999823,1.390999999999977,1.5180000000000007,1.4469999999999814,1.9869999999999948,2.1729999999999947,2.879999999999974,2.4380000000000024,3.6440000000000055,3.505999999999993,4.011999999999979,4.133999999999993,5.066999999999986,5.5639999999999965,6.227999999999991,6.665999999999993,8.498999999999995,8.429999999999989,9.87599999999999,9.781999999999996,9.60599999999998,9.326999999999977,8.484999999999975,7.515999999999991,7.66399999999998,5.076000000000008,7.6739999999999995,4.148999999999994,3.280999999999999,4.625999999999998,2.593999999999987,1.0900000000000034,2.6089999999999876,2.0209999999999937,2.765999999999984,-0.17300000000000892
5,5B031FDDX00004,-0.23400000000000176,0.25199999999998823,-0.2149999999999963,-0.5080000000000098,-0.7300000000000111,-0.8470000000000155,-0.804000000000002,-0.7960000000000278,-0.7590000000000217,-0.6860000000000142,-0.6370000000000218,-0.6200000000000188,-0.5790000000000148,-0.544000000000004,-0.4790000000000134,-0.4690000000000154,-0.4410000000000025,-0.3780000000000072,-0.3200000000000074,-0.3149999999999977,-0.1670000000000087,-0.19700000000000983,-0.2430000000000021,-0.22000000000000597,-0.22500000000001563,-0.1880000000000237,-0.18200000000001637,-0.15900000000000603,-0.11100000000001842,-0.09600000000002495,-0.1010000000000062,-0.07600000000000051,-0.09500000000001307,-0.060000000000016485,-0.06600000000002382,-0.07100000000001216,-0.09500000000001307,-0.136000000000017,-0.12400000000000233,-0.0870000000000033,0.0,0.1559999999999846,0.16100000000000136,0.1669999999999945,0.1529999999999916,0.032999999999994145,-0.19500000000000028,0.042999999999977945,0.45199999999997686,0.6019999999999897,0.44599999999997664,0.7159999999999798,1.0989999999999753,0.09499999999999176,1.7109999999999985,0.8409999999999869,0.7749999999999915,1.036999999999992,1.1709999999999923,0.9199999999999875,1.3819999999999837,1.5250000000000057,1.4639999999999773,1.9849999999999923,2.167999999999992,2.8619999999999735,2.384999999999998,3.6260000000000048,3.4609999999999914,4.007999999999981,4.091999999999992,5.032999999999987,5.544999999999998,6.20099999999999,6.590999999999994,8.405999999999999,8.34299999999999,9.837999999999987,9.673999999999996,9.458999999999982,9.24299999999998,8.423999999999978,7.570999999999991,7.676999999999982,5.015000000000008,7.695999999999998,4.067999999999998,3.316999999999993,4.550000000000004,2.503999999999998,0.6340000000000003,2.647999999999989,2.5629999999999953,3.7209999999999965,0.7919999999999945
6,5B031FDDX00004,-1.0809999999999889,-0.7339999999999804,-0.495999999999988,-0.4439999999999813,-0.5169999999999817,-0.5989999999999682,-0.6539999999999964,-0.7079999999999842,-0.6829999999999927,-0.6599999999999824,-0.671999999999997,-0.634999999999998,-0.546999999999997,-0.5309999999999917,-0.480000000000004,-0.4379999999999882,-0.4509999999999863,-0.4129999999999825,-0.34799999999997766,-0.34499999999998465,-0.32099999999999795,-0.23699999999998056,-0.2319999999999851,-0.1729999999999805,-0.21100000000000563,-0.1839999999999833,-0.16899999999997561,-0.12899999999999068,-0.10199999999998255,-0.120999999999988,-0.11199999999998766,-0.09499999999999176,-0.0969999999999871,-0.08099999999999596,-0.06599999999998829,-0.07699999999999818,-0.08399999999997476,-0.10800000000000409,-0.06499999999998352,-0.030999999999984595,0.0,0.06799999999999784,0.0800000000000054,0.11400000000001853,0.036000000000015575,0.1710000000000207,-0.004999999999988347,0.17500000000001137,0.4310000000000258,0.5579999999999998,0.2850000000000037,0.5940000000000154,0.9940000000000069,0.10600000000000875,1.3750000000000142,0.8130000000000095,0.7940000000000111,0.9610000000000127,0.8880000000000194,1.2269999999999968,1.2610000000000028,1.514000000000017,1.0970000000000226,1.6910000000000025,1.8629999999999995,2.6620000000000203,2.034000000000013,3.6110000000000113,3.0020000000000024,3.858000000000004,3.713000000000015,4.526000000000018,5.202000000000012,5.5230000000000175,6.221000000000011,7.495000000000019,7.841000000000015,8.474000000000004,8.053000000000019,9.135000000000016,8.082999999999991,7.291000000000004,6.575000000000006,6.643000000000033,3.933000000000007,3.919000000000004,3.699000000000005,0.5770000000000124,3.6200000000000117,-1.0209999999999724,0.386000000000017,-0.6989999999999981,0.4340000000000046,-0.23800000000000665,-1.2779999999999845
7,5B031FDDX00004,-1.0719999999999885,-0.7269999999999754,-0.4919999999999831,-0.4409999999999812,-0.5159999999999769,-0.5989999999999682,-0.654999999999994,-0.7089999999999819,-0.681999999999988,-0.6579999999999799,-0.6709999999999923,-0.6329999999999956,-0.5469999999999899,-0.529999999999994,-0.47800000000000153,-0.43599999999998573,-0.45299999999998164,-0.4169999999999803,-0.35199999999997544,-0.343999999999987,-0.31699999999999307,-0.231999999999978,-0.2249999999999801,-0.1629999999999754,-0.20400000000000063,-0.18099999999998317,-0.16899999999997561,-0.12999999999998835,-0.10299999999998022,-0.12199999999998568,-0.113999999999983,-0.09599999999998943,-0.0969999999999871,-0.0799999999999983,-0.06499999999999062,-0.07699999999999108,-0.08199999999997232,-0.10499999999999687,-0.061999999999976296,-0.03299999999998704,0.0,0.07100000000000506,0.07700000000000529,0.11300000000002086,0.028000000000027114,0.16600000000002524,-0.002999999999985903,0.19200000000001438,0.45300000000002427,0.5700000000000074,0.30000000000001137,0.6020000000000181,0.9910000000000068,0.12800000000001432,1.3990000000000151,0.8140000000000143,0.8040000000000092,0.9760000000000204,0.9070000000000249,1.2370000000000019,1.2580000000000027,1.5200000000000173,1.1450000000000244,1.7120000000000104,1.9110000000000085,2.6860000000000284,2.072000000000017,3.657000000000018,3.054000000000009,3.9269999999999996,3.7500000000000213,4.559000000000026,5.2390000000000185,5.554000000000016,6.267000000000014,7.556000000000019,7.908000000000023,8.525000000000006,8.07800000000002,9.147000000000016,8.083999999999996,7.378000000000007,6.606000000000009,6.664000000000037,3.9950000000000117,3.9340000000000046,3.774000000000008,0.693000000000005,3.6640000000000157,-0.913999999999966,0.35300000000002285,-0.6240000000000023,0.6060000000000088,0.09100000000000108,-0.9529999999999816
8,5B031FDDX00004,-1.0639999999999858,-0.7169999999999774,-0.47999999999998977,-0.4299999999999784,-0.5049999999999812,-0.5889999999999702,-0.6459999999999937,-0.7009999999999863,-0.6739999999999924,-0.6499999999999773,-0.6629999999999896,-0.6269999999999953,-0.5409999999999897,-0.5239999999999938,-0.472999999999999,-0.4299999999999855,-0.44299999999998363,-0.4049999999999798,-0.339999999999975,-0.33799999999998676,-0.3149999999999977,-0.23099999999998033,-0.22599999999998488,-0.1659999999999755,-0.20600000000000307,-0.1799999999999855,-0.1659999999999755,-0.12399999999998812,-0.0969999999999871,-0.11599999999998545,-0.10799999999998278,-0.09199999999999164,-0.09399999999998698,-0.07899999999999352,-0.0689999999999884,-0.07899999999999352,-0.08199999999997232,-0.10600000000000165,-0.06099999999998573,-0.026999999999986812,0.0,0.06700000000000017,0.08100000000000307,0.1150000000000233,0.03800000000001802,0.17500000000002558,-0.003999999999983572,0.18900000000001427,0.44700000000002404,0.5700000000000074,0.29700000000000415,0.5970000000000155,1.007000000000005,0.12600000000001188,1.386000000000017,0.8220000000000098,0.7970000000000113,0.9690000000000154,0.9130000000000251,1.230000000000004,1.2390000000000043,1.5100000000000193,1.143000000000022,1.7040000000000148,1.9000000000000128,2.673000000000023,2.071000000000012,3.636000000000017,3.0320000000000107,3.893000000000008,3.758000000000017,4.565000000000026,5.2050000000000125,5.53700000000002,6.224000000000014,7.538000000000018,7.852000000000018,8.555000000000007,8.05100000000002,9.135000000000016,8.100999999999999,7.363000000000007,6.602000000000011,6.642000000000035,3.933000000000014,4.064000000000007,3.7090000000000103,0.7360000000000113,3.5830000000000197,-0.886999999999972,0.3310000000000244,-0.7149999999999963,0.6030000000000086,0.0899999999999963,-0.9149999999999849
9,5B031FDDX00004,-1.076999999999984,-0.7289999999999779,-0.4889999999999901,-0.43199999999998084,-0.4999999999999787,-0.5789999999999651,-0.634999999999998,-0.691999999999986,-0.6779999999999902,-0.6619999999999777,-0.6759999999999948,-0.6329999999999956,-0.5359999999999943,-0.5149999999999935,-0.4650000000000034,-0.4309999999999832,-0.44899999999998386,-0.41099999999998005,-0.3439999999999799,-0.3459999999999823,-0.32799999999999585,-0.24699999999997857,-0.23799999999997823,-0.17499999999997584,-0.2120000000000033,-0.18299999999998562,-0.16899999999997561,-0.1279999999999859,-0.09799999999998477,-0.11499999999998778,-0.10699999999998511,-0.09399999999998698,-0.0969999999999871,-0.08199999999999363,-0.07199999999998852,-0.07899999999999352,-0.08099999999997465,-0.10599999999999454,-0.061999999999976296,-0.029999999999986926,0.0,0.06900000000000261,0.08300000000000551,0.1150000000000233,0.037000000000027455,0.1740000000000279,-0.003999999999983572,0.19600000000000506,0.45400000000002905,0.5720000000000027,0.2960000000000065,0.5960000000000178,1.0060000000000073,0.1250000000000142,1.3810000000000144,0.8160000000000096,0.7930000000000135,0.9610000000000198,0.8990000000000222,1.2270000000000039,1.2409999999999997,1.5130000000000194,1.1410000000000196,1.696000000000005,1.889000000000003,2.6690000000000325,2.0600000000000165,3.6280000000000143,3.0330000000000084,3.892000000000003,3.751000000000019,4.573000000000022,5.223000000000013,5.554000000000016,6.240000000000013,7.552000000000021,7.855000000000018,8.561000000000007,8.05400000000002,9.159000000000017,8.113,7.348000000000006,6.60100000000001,6.644000000000037,3.936000000000014,4.049000000000007,3.7010000000000076,0.6960000000000051,3.5540000000000163,-0.9619999999999678,0.31100000000002126,-0.6649999999999991,0.6010000000000133,0.12599999999999767,-0.9809999999999803
10,5B031FDDX00004,-1.0679999999999836,-0.7209999999999752,-0.4849999999999852,-0.43499999999997385,-0.5109999999999744,-0.5959999999999681,-0.6539999999999964,-0.7099999999999795,-0.6839999999999904,-0.6599999999999753,-0.6719999999999899,-0.6339999999999932,-0.5459999999999923,-0.5289999999999964,-0.4759999999999991,-0.4329999999999856,-0.4449999999999861,-0.4059999999999775,-0.339999999999975,-0.3389999999999844,-0.3149999999999906,-0.22999999999997556,-0.2249999999999801,-0.16799999999997084,-0.20599999999999596,-0.17799999999998306,-0.16399999999997306,-0.12399999999998101,-0.09599999999998232,-0.11499999999998778,-0.10999999999998522,-0.0969999999999871,-0.09799999999998477,-0.0829999999999913,-0.06799999999998363,-0.07699999999999108,-0.08299999999996999,-0.1039999999999992,-0.05799999999997851,-0.025999999999982037,0.0,0.07000000000000739,0.0870000000000104,0.12300000000002598,0.04500000000003013,0.17500000000002558,-0.006999999999983686,0.19300000000001205,0.45000000000003126,0.5660000000000096,0.29000000000001336,0.5920000000000201,1.0010000000000119,0.1250000000000142,1.3840000000000217,0.8170000000000144,0.7960000000000136,0.96400000000002,0.9070000000000249,1.233000000000004,1.2550000000000026,1.5120000000000218,1.1480000000000246,1.7320000000000135,1.9150000000000063,2.687000000000026,2.088000000000015,3.643000000000015,3.055000000000014,3.909000000000006,3.768000000000022,4.580000000000027,5.213000000000015,5.533000000000023,6.234000000000016,7.560000000000024,7.913000000000025,8.57800000000001,8.075000000000024,9.125000000000021,8.127000000000002,7.388000000000005,6.657000000000011,6.621000000000038,4.022000000000013,4.111000000000004,3.7260000000000133,0.7210000000000107,3.548000000000023,-0.8089999999999691,0.41600000000002524,-0.7060000000000031,0.4240000000000137,-0.5080000000000027,-1.4159999999999826
11,5B031FDDX00004,-1.0749999999999815,-0.7289999999999708,-0.4929999999999808,-0.44199999999997175,-0.5169999999999746,-0.6009999999999636,-0.6559999999999917,-0.7099999999999795,-0.6839999999999904,-0.6599999999999753,-0.6719999999999899,-0.6339999999999932,-0.5469999999999899,-0.529999999999994,-0.47800000000000153,-0.4339999999999833,-0.44599999999998374,-0.4059999999999775,-0.3419999999999703,-0.3429999999999822,-0.32099999999999085,-0.23699999999997345,-0.231999999999978,-0.1729999999999734,-0.21000000000000085,-0.18199999999998084,-0.16799999999997084,-0.12899999999998357,-0.10299999999998022,-0.12299999999998334,-0.11799999999998079,-0.10499999999998266,-0.10599999999998033,-0.08799999999999386,-0.07199999999998141,-0.07999999999999119,-0.08399999999996766,-0.10499999999999687,-0.05899999999997618,-0.025999999999982037,0.0,0.06900000000000972,0.0870000000000104,0.12300000000002598,0.04200000000002291,0.16800000000002768,-0.011999999999979138,0.19300000000001916,0.4530000000000314,0.5660000000000096,0.29000000000001336,0.5860000000000198,0.9950000000000117,0.11800000000001631,1.3710000000000235,0.7990000000000137,0.7740000000000151,0.9410000000000238,0.8790000000000262,1.206000000000003,1.2290000000000063,1.498000000000026,1.1300000000000239,1.6960000000000193,1.8780000000000072,2.6520000000000366,2.042000000000016,3.613000000000021,3.0230000000000103,3.8810000000000073,3.745000000000026,4.563000000000031,5.187000000000019,5.529000000000025,6.206000000000017,7.521000000000022,7.885000000000026,8.561000000000007,8.034000000000024,9.120000000000022,8.139000000000003,7.345000000000006,6.630000000000013,6.599000000000039,3.9660000000000153,4.065000000000012,3.6820000000000164,0.7160000000000153,3.5600000000000236,-0.9059999999999633,0.4620000000000246,-0.8019999999999996,0.3300000000000125,-0.39399999999999835,-0.9639999999999773
12,5B031FDDX00004,-0.8840000000000003,-0.4350000000000023,-0.27000000000001023,-0.274000000000008,-0.42200000000001125,-0.4849999999999923,-0.5180000000000078,-0.585000000000008,-0.6010000000000133,-0.5499999999999972,-0.5510000000000019,-0.5620000000000047,-0.5560000000000045,-0.4590000000000103,-0.40100000000002467,-0.37300000000001177,-0.3649999999999878,-0.3650000000000091,-0.2850000000000179,-0.3000000000000256,-0.26400000000001,-0.16500000000000625,-0.22700000000000387,-0.21000000000000085,-0.17300000000000892,-0.16599999999999682,-0.1670000000000158,-0.13800000000001944,-0.13100000000002154,-0.117999999999995,-0.16900000000001114,-0.06700000000000017,-0.07200000000000273,-0.05000000000001137,-0.05799999999999983,-0.06800000000001916,-0.09900000000000375,-0.1010000000000133,-0.12000000000001165,-0.1220000000000141,0.0,-0.005000000000009663,0.07199999999999562,0.0049999999999954525,-0.20300000000001006,0.006999999999997897,0.07399999999999096,0.2669999999999817,0.578000000000003,0.5930000000000106,0.4439999999999955,0.6359999999999815,1.0049999999999812,0.24500000000001165,1.0849999999999795,0.76400000000001,0.8349999999999937,0.9369999999999905,1.0489999999999853,1.1079999999999899,1.3289999999999935,1.4029999999999774,1.2839999999999847,1.6559999999999917,2.181999999999995,2.8220000000000027,1.9299999999999997,3.4129999999999967,3.0719999999999885,3.9879999999999853,3.715999999999994,4.651000000000003,4.835999999999991,5.4339999999999975,5.802999999999997,7.153000000000006,7.036999999999985,8.512000000000004,7.798999999999992,8.284999999999982,7.780000000000012,6.8269999999999875,5.72699999999999,4.751999999999995,4.276000000000003,4.099999999999994,2.5290000000000035,0.8159999999999883,0.3329999999999913,-1.7680000000000078,0.3229999999999862,-1.4590000000000032,2.3910000000000053,-1.0670000000000073,-2.825000000000003
13,5B031FDDX00004,-0.8620000000000019,-0.41100000000000136,-0.2430000000000092,-0.2430000000000092,-0.3860000000000099,-0.44599999999999085,-0.4760000000000133,-0.5430000000000064,-0.5650000000000119,-0.5209999999999937,-0.5310000000000059,-0.5460000000000065,-0.5420000000000087,-0.4440000000000168,-0.38400000000002876,-0.3510000000000133,-0.33799999999998676,-0.3340000000000032,-0.2500000000000142,-0.2650000000000219,-0.23000000000001108,-0.13100000000000733,-0.19400000000000261,-0.17799999999999727,-0.14200000000001012,-0.1319999999999979,-0.13100000000002154,-0.1010000000000204,-0.09300000000001774,-0.07600000000000762,-0.12300000000001177,-0.021999999999998465,-0.03300000000000125,-0.023000000000010346,-0.04399999999999693,-0.05500000000002103,-0.08500000000000085,-0.08200000000001495,-0.10600000000001586,-0.11600000000001387,0.0,-0.011000000000016996,0.06099999999999994,-0.0040000000000048885,-0.18300000000000693,0.0589999999999975,0.14299999999999358,0.3149999999999835,0.6060000000000016,0.6040000000000063,0.45699999999999363,0.6419999999999817,0.9869999999999806,0.2290000000000063,1.130999999999979,0.7710000000000079,0.8349999999999937,0.9399999999999906,1.0449999999999875,1.0849999999999937,1.387999999999991,1.397999999999982,1.3129999999999882,1.681999999999988,2.2039999999999935,2.827999999999996,1.990000000000002,3.4779999999999944,3.1399999999999935,4.018999999999991,3.698999999999991,4.678000000000004,4.8219999999999885,5.419999999999995,5.790999999999997,7.201000000000004,7.046999999999983,8.515000000000004,7.771999999999991,8.287999999999982,7.817000000000011,6.863999999999987,5.717999999999989,4.768999999999991,4.3089999999999975,4.037999999999997,2.7010000000000076,0.6340000000000003,0.3849999999999909,-1.9860000000000042,0.24899999999998812,-1.4770000000000039,2.219000000000001,-1.085000000000008,-3.1090000000000018
14,5B031FDDX00004,-0.8930000000000007,-0.4439999999999955,-0.2790000000000106,-0.28000000000000824,-0.42500000000000426,-0.4849999999999923,-0.5150000000000077,-0.5800000000000054,-0.5980000000000061,-0.54999999999999,-0.5570000000000022,-0.5710000000000051,-0.5660000000000025,-0.4690000000000083,-0.4110000000000227,-0.38000000000000966,-0.3709999999999809,-0.3689999999999998,-0.28700000000001324,-0.30100000000001614,-0.2650000000000077,-0.16400000000000148,-0.22800000000000153,-0.21299999999999386,-0.1769999999999996,-0.1699999999999946,-0.17000000000001592,-0.13800000000001944,-0.13000000000001677,-0.11599999999999255,-0.16500000000000625,-0.06199999999999051,-0.06899999999999551,-0.05000000000000426,-0.05999999999999517,-0.06900000000000972,-0.09899999999999665,-0.10000000000000853,-0.11900000000000688,-0.12100000000000932,0.0,-0.008000000000009777,0.0660000000000025,-0.001999999999995339,-0.19900000000000517,0.003000000000007219,0.06099999999999994,0.25099999999999056,0.5620000000000047,0.5700000000000145,0.4209999999999994,0.6129999999999853,0.9779999999999873,0.23000000000001108,1.0649999999999835,0.7420000000000115,0.8029999999999973,0.9069999999999965,1.0179999999999936,1.0719999999999956,1.3189999999999955,1.3969999999999843,1.2859999999999943,1.658999999999999,2.1810000000000045,2.8170000000000073,1.9220000000000041,3.3929999999999936,3.0799999999999983,3.965999999999987,3.6769999999999996,4.623000000000012,4.781999999999989,5.392000000000003,5.757000000000005,7.1220000000000105,6.99199999999999,8.44200000000001,7.719999999999999,8.257999999999988,7.763000000000016,6.814999999999991,5.670999999999992,4.701999999999991,4.267000000000003,4.044000000000004,2.5370000000000132,0.7119999999999962,0.34599999999999653,-1.9590000000000032,0.23499999999999233,-1.533999999999999,1.9710000000000107,-1.206000000000003,-2.995999999999995
15,5B031FDDX00004,-0.8980000000000032,-0.44600000000000506,-0.27700000000001523,-0.2780000000000129,-0.42200000000001125,-0.482999999999997,-0.5160000000000124,-0.5840000000000103,-0.6050000000000182,-0.556999999999995,-0.5620000000000047,-0.5740000000000123,-0.5690000000000097,-0.47400000000001796,-0.41700000000003,-0.38800000000001944,-0.37699999999998823,-0.37300000000001177,-0.29000000000002046,-0.30400000000002336,-0.2680000000000149,-0.16900000000001114,-0.2330000000000112,-0.2190000000000012,-0.1840000000000117,-0.17600000000000193,-0.17600000000002325,-0.14800000000002456,-0.14100000000001955,-0.12300000000000466,-0.16800000000001347,-0.06900000000000261,-0.07700000000000529,-0.05900000000001171,-0.0730000000000004,-0.08500000000002217,-0.11300000000000665,-0.10900000000001597,-0.12600000000001188,-0.12300000000001887,0.0,-0.01400000000001711,0.056999999999995055,-0.009000000000007446,-0.19700000000000983,0.0030000000000001137,0.05699999999998795,0.24399999999997846,0.5530000000000044,0.5570000000000093,0.4089999999999918,0.5989999999999824,0.9649999999999821,0.21800000000001063,1.062999999999974,0.7320000000000064,0.7949999999999946,0.9009999999999891,1.0219999999999843,1.0679999999999907,1.3259999999999934,1.3959999999999795,1.2869999999999848,1.6539999999999822,2.1829999999999927,2.814,1.9350000000000023,3.404999999999987,3.090999999999987,3.97199999999998,3.6869999999999905,4.635000000000005,4.785999999999987,5.385999999999996,5.746999999999993,7.130000000000003,6.993999999999982,8.445000000000004,7.711999999999989,8.30399999999998,7.75500000000001,6.839999999999986,5.651999999999987,4.687999999999988,4.275999999999996,4.037999999999997,2.4570000000000007,0.7479999999999905,0.38999999999998636,-1.909000000000006,0.4269999999999854,-1.4920000000000044,2.038000000000004,-1.4480000000000075,-3.270000000000003
16,5B031FDDX00004,-0.9050000000000011,-0.45599999999999596,-0.2890000000000086,-0.2880000000000109,-0.4300000000000068,-0.48799999999999244,-0.5150000000000077,-0.5790000000000077,-0.5980000000000132,-0.5509999999999877,-0.5579999999999998,-0.5720000000000027,-0.5660000000000025,-0.4690000000000083,-0.4110000000000227,-0.38100000000001444,-0.3709999999999809,-0.3680000000000021,-0.2850000000000108,-0.2990000000000208,-0.26400000000001,-0.16500000000000625,-0.23100000000000165,-0.21600000000000108,-0.18000000000000682,-0.17099999999999937,-0.17100000000001359,-0.14200000000001722,-0.13400000000001455,-0.117999999999995,-0.16600000000000392,-0.0659999999999954,-0.07399999999999807,-0.05300000000000438,-0.06199999999999761,-0.07300000000001461,-0.1039999999999992,-0.10000000000000853,-0.12300000000001177,-0.12100000000000932,0.0,-0.014000000000010004,0.060000000000002274,-0.008000000000002672,-0.20400000000000773,-0.006000000000000227,0.05299999999999727,0.238999999999983,0.5520000000000067,0.5610000000000142,0.41199999999999903,0.6049999999999827,0.9749999999999872,0.23400000000000887,1.0719999999999814,0.7360000000000113,0.796999999999997,0.9039999999999964,1.022999999999989,1.0699999999999932,1.2949999999999875,1.370999999999981,1.272999999999989,1.6389999999999958,2.164999999999999,2.791000000000004,1.8950000000000031,3.3739999999999952,3.063999999999993,3.941999999999993,3.6529999999999987,4.599000000000011,4.767999999999994,5.348999999999997,5.704999999999998,7.093000000000007,6.932999999999986,8.43200000000001,7.679999999999996,8.207999999999988,7.740000000000013,6.786999999999988,5.688999999999989,4.668999999999997,4.232000000000006,4.0589999999999975,2.5700000000000074,0.679000000000002,0.2769999999999939,-2.0290000000000035,0.17399999999999238,-1.472999999999999,2.3340000000000103,-0.7730000000000103,-3.0459999999999994
17,5B031FDDX00004,-0.8789999999999978,-0.42900000000000205,-0.26200000000001467,-0.26300000000001234,-0.4070000000000036,-0.46699999999999164,-0.4970000000000141,-0.5640000000000072,-0.5860000000000127,-0.5409999999999897,-0.5500000000000043,-0.5640000000000072,-0.5600000000000094,-0.46400000000001285,-0.4070000000000249,-0.3780000000000143,-0.3679999999999808,-0.3640000000000043,-0.28000000000001535,-0.2930000000000206,-0.2570000000000121,-0.15900000000000603,-0.22500000000000853,-0.20899999999999608,-0.17300000000000892,-0.16599999999999682,-0.16500000000002046,-0.13300000000001688,-0.1250000000000142,-0.1109999999999971,-0.1600000000000108,-0.06099999999999994,-0.06900000000000261,-0.04600000000000648,-0.05700000000000216,-0.06700000000001438,-0.10000000000000142,-0.09900000000001086,-0.12000000000001165,-0.12100000000001643,0.0,-0.010000000000012221,0.0589999999999975,-0.008000000000002672,-0.1980000000000075,0.005000000000002558,0.06899999999999551,0.25099999999998346,0.561000000000007,0.5660000000000096,0.4159999999999968,0.6089999999999804,0.9739999999999824,0.23100000000000875,1.0689999999999813,0.7310000000000088,0.7929999999999922,0.8929999999999936,1.005999999999986,1.0609999999999928,1.292999999999985,1.370999999999981,1.2639999999999887,1.6329999999999885,2.155000000000001,2.7849999999999966,1.8969999999999985,3.370999999999988,3.0679999999999907,3.9469999999999814,3.6509999999999962,4.605000000000004,4.769999999999989,5.347000000000001,5.713000000000001,7.106000000000005,6.941999999999986,8.444000000000006,7.691999999999993,8.226999999999986,7.741000000000014,6.803999999999988,5.69499999999999,4.689999999999991,4.264000000000003,4.082000000000001,2.6140000000000043,0.647999999999989,0.3089999999999904,-2.047000000000004,0.13599999999998857,-1.4750000000000014,2.2320000000000064,-0.9880000000000067,-2.936
18,5B031FDDX00004,-0.6890000000000143,-0.5360000000000085,-0.7540000000000049,-0.8359999999999985,-0.8810000000000002,-0.9480000000000004,-1.0080000000000098,-0.8880000000000052,-0.8160000000000025,-0.7880000000000109,-0.7860000000000085,-0.7550000000000168,-0.7110000000000127,-0.693000000000005,-0.6049999999999969,-0.5289999999999964,-0.5330000000000155,-0.4510000000000076,-0.46300000000000097,-0.31800000000000495,-0.2950000000000088,-0.2809999999999988,-0.2569999999999979,-0.24600000000000932,-0.21399999999999864,-0.18300000000000693,-0.17900000000000205,-0.14200000000001012,-0.1280000000000001,-0.12300000000001177,-0.10200000000000387,-0.11899999999999977,-0.10300000000000864,-0.06900000000002393,-0.06500000000000483,-0.08800000000000097,-0.13000000000000966,-0.1250000000000071,-0.14400000000001256,-0.11700000000000443,0.0,0.03999999999999204,0.07999999999999119,0.03800000000000381,0.10800000000000409,0.06399999999999295,-0.08800000000000807,0.1910000000000025,0.6319999999999837,0.6490000000000009,0.4789999999999992,0.679000000000002,1.0409999999999897,0.2740000000000009,1.5679999999999907,0.7709999999999937,0.7319999999999922,0.9969999999999999,0.9770000000000039,0.49799999999999756,1.777000000000001,1.2819999999999894,1.4169999999999945,1.6809999999999974,2.019999999999989,2.5919999999999916,2.3070000000000093,3.195999999999998,3.2490000000000094,3.558,3.7679999999999936,4.9439999999999955,4.786999999999992,5.3609999999999935,6.155999999999992,8.27099999999999,7.743000000000002,8.793000000000006,8.683000000000007,8.278000000000006,8.012999999999998,6.86699999999999,6.289000000000009,4.929000000000009,1.3629999999999995,4.429000000000002,2.7069999999999936,1.294000000000004,-1.3730000000000047,-1.0910000000000153,-0.2220000000000084,-1.7580000000000098,0.2669999999999959,-0.09900000000000375,-0.5049999999999883
19,5B031FDDX00004,-0.6750000000000114,-0.5200000000000102,-0.7360000000000042,-0.8159999999999954,-0.8590000000000018,-0.9269999999999996,-0.9910000000000068,-0.8770000000000024,-0.8089999999999975,-0.7850000000000108,-0.7830000000000013,-0.7520000000000167,-0.7090000000000103,-0.6910000000000025,-0.6019999999999968,-0.5260000000000034,-0.5300000000000082,-0.44700000000000983,-0.45700000000000074,-0.3119999999999976,-0.291000000000011,-0.2769999999999939,-0.25199999999999534,-0.24200000000001154,-0.2119999999999962,-0.18200000000000927,-0.17599999999999483,-0.14100000000001245,-0.12699999999999534,-0.12200000000000699,-0.10300000000000153,-0.12099999999999511,-0.10600000000000875,-0.07300000000002171,-0.06499999999999773,-0.08599999999999852,-0.12700000000000244,-0.12100000000000932,-0.13800000000000523,-0.11299999999999955,0.0,0.03899999999999437,0.07999999999999119,0.03900000000000148,0.10800000000000409,0.06700000000000017,-0.08100000000000307,0.19900000000000517,0.6449999999999889,0.652000000000001,0.4760000000000062,0.703000000000003,1.0439999999999898,0.26900000000000546,1.5579999999999927,0.7679999999999936,0.7209999999999894,0.9859999999999971,0.9660000000000011,0.48799999999999955,1.7590000000000074,1.2789999999999964,1.411999999999999,1.6709999999999994,2.023999999999994,2.5859999999999985,2.2890000000000086,3.189,3.2380000000000067,3.5460000000000065,3.759999999999991,4.918999999999997,4.770999999999994,5.351999999999997,6.123999999999995,8.229999999999993,7.730000000000004,8.766000000000005,8.639000000000006,8.27800000000001,8.026,6.856999999999992,6.284000000000013,4.912000000000013,1.4750000000000014,4.445,2.7069999999999865,1.281000000000006,-1.2820000000000036,-1.149000000000008,-0.14400000000000546,-1.82500000000001,0.15199999999999392,-0.6939999999999955,-1.0019999999999882
20,5B031FDDX00004,-0.659000000000006,-0.5050000000000026,-0.7220000000000013,-0.8029999999999973,-0.8470000000000013,-0.9139999999999944,-0.9759999999999991,-0.8590000000000018,-0.7889999999999944,-0.7650000000000077,-0.7640000000000029,-0.7340000000000089,-0.6910000000000096,-0.6730000000000018,-0.583999999999989,-0.5079999999999956,-0.5120000000000076,-0.42900000000000205,-0.4399999999999977,-0.2950000000000017,-0.274000000000008,-0.2609999999999957,-0.23799999999999244,-0.22800000000000864,-0.1979999999999933,-0.16600000000000392,-0.16099999999999426,-0.1250000000000142,-0.1109999999999971,-0.10600000000000165,-0.08399999999999608,-0.09899999999998954,-0.08400000000001029,-0.0560000000000187,-0.05099999999999483,-0.07499999999999574,-0.1180000000000021,-0.11000000000000654,-0.1290000000000049,-0.10799999999999699,0.0,0.033999999999991815,0.07199999999999562,0.026000000000003354,0.10000000000000853,0.07099999999999795,-0.07000000000000028,0.20800000000001262,0.6419999999999888,0.6400000000000006,0.4660000000000082,0.6990000000000123,1.0409999999999968,0.267000000000003,1.556999999999995,0.7650000000000006,0.7249999999999943,0.990000000000002,0.9710000000000036,0.48400000000000176,1.7420000000000115,1.286999999999999,1.4340000000000046,1.671999999999997,2.0319999999999965,2.5919999999999987,2.2930000000000206,3.199000000000005,3.240000000000009,3.5220000000000056,3.7419999999999973,4.908000000000001,4.766999999999996,5.353999999999999,6.1059999999999945,8.190999999999995,7.6660000000000075,8.753000000000007,8.574000000000009,8.205000000000013,8.024000000000004,6.846999999999994,6.282000000000014,4.9280000000000115,1.5110000000000028,4.4040000000000035,2.7109999999999985,1.3300000000000054,-1.2459999999999951,-1.230000000000004,-0.35600000000000875,-1.7310000000000088,0.4200000000000017,0.13300000000000267,-0.5729999999999791
21,5B031FDDX00004,-0.6870000000000118,-0.5290000000000106,-0.7410000000000068,-0.8199999999999932,-0.8620000000000019,-0.9299999999999926,-0.9939999999999998,-0.8810000000000073,-0.8140000000000001,-0.7900000000000063,-0.7890000000000015,-0.7570000000000121,-0.7130000000000081,-0.6950000000000003,-0.6079999999999899,-0.5360000000000014,-0.5440000000000111,-0.46400000000001285,-0.47399999999999665,-0.3290000000000006,-0.30700000000000927,-0.2949999999999946,-0.27199999999999136,-0.2610000000000099,-0.2289999999999921,-0.19700000000000273,-0.1939999999999955,-0.1600000000000108,-0.1459999999999937,-0.14400000000000546,-0.12299999999999756,-0.13999999999999346,-0.1250000000000071,-0.09100000000001529,-0.08299999999999841,-0.10299999999999443,-0.14400000000000546,-0.13300000000000267,-0.14500000000000313,-0.11399999999999721,0.0,0.03899999999999437,0.07499999999999574,0.04200000000000159,0.11000000000000654,0.045999999999999375,-0.11600000000000676,0.16900000000001114,0.6219999999999857,0.6270000000000024,0.4310000000000045,0.6620000000000061,0.9969999999999928,0.23100000000000165,1.519999999999996,0.7179999999999964,0.6739999999999924,0.953000000000003,0.9340000000000046,0.44599999999999795,1.7060000000000102,1.2419999999999973,1.3860000000000028,1.634999999999998,1.9939999999999927,2.5559999999999974,2.2620000000000147,3.172000000000004,3.2250000000000085,3.521000000000008,3.7369999999999948,4.890999999999998,4.744,5.328999999999997,6.087999999999994,8.202999999999996,7.6810000000000045,8.727000000000004,8.596000000000007,8.309000000000012,8.010000000000002,6.869999999999994,6.233000000000015,4.896000000000015,1.5470000000000041,4.487000000000002,2.73599999999999,1.3030000000000044,-1.1880000000000024,-1.2180000000000106,0.08799999999999386,-1.781000000000006,-0.17600000000000193,-0.9029999999999987,-0.9559999999999889
22,5B031FDDX00004,-0.6770000000000067,-0.5220000000000056,-0.7380000000000067,-0.8199999999999932,-0.865000000000002,-0.9339999999999975,-0.9990000000000023,-0.8860000000000028,-0.8200000000000003,-0.7980000000000089,-0.7970000000000041,-0.7650000000000148,-0.720000000000006,-0.7000000000000028,-0.6099999999999923,-0.5339999999999918,-0.5380000000000109,-0.4550000000000125,-0.4660000000000011,-0.32200000000000273,-0.3030000000000044,-0.2909999999999968,-0.26599999999999113,-0.2530000000000143,-0.2189999999999941,-0.18700000000000472,-0.18199999999999505,-0.14900000000001512,-0.14099999999999824,-0.14500000000000313,-0.12299999999999756,-0.13799999999999102,-0.12000000000001165,-0.08300000000001972,-0.07499999999999574,-0.0969999999999942,-0.14000000000000057,-0.12800000000000722,-0.1430000000000078,-0.1109999999999971,0.0,0.03599999999999426,0.07699999999999108,0.04600000000000648,0.11700000000000443,0.054000000000002046,-0.09100000000000108,0.19000000000001194,0.6399999999999864,0.6270000000000024,0.43200000000000216,0.6700000000000088,1.002999999999993,0.23500000000000654,1.5249999999999915,0.722999999999999,0.6769999999999925,0.9609999999999985,0.9460000000000051,0.4649999999999963,1.7120000000000104,1.2559999999999931,1.3969999999999985,1.6430000000000007,1.9949999999999903,2.5489999999999995,2.2490000000000094,3.169000000000004,3.2190000000000083,3.4980000000000047,3.722999999999999,4.875999999999998,4.736999999999995,5.3189999999999955,6.076999999999991,8.172999999999995,7.668000000000006,8.731000000000009,8.570000000000007,8.30200000000001,8.007000000000001,6.864999999999991,6.221000000000014,4.876000000000012,1.597999999999999,4.437000000000005,2.7279999999999944,1.2540000000000049,-1.1769999999999996,-1.291000000000011,0.03699999999999193,-1.8610000000000042,-0.19700000000000273,-0.945999999999998,-0.9099999999999824
23,5B031FDDX00004,-0.6770000000000067,-0.524000000000008,-0.7409999999999997,-0.8229999999999933,-0.8669999999999973,-0.9339999999999975,-0.9939999999999998,-0.875,-0.8039999999999949,-0.7790000000000035,-0.7779999999999987,-0.7480000000000118,-0.7050000000000054,-0.6869999999999976,-0.5989999999999895,-0.5259999999999891,-0.5330000000000084,-0.45300000000001006,-0.46399999999999864,-0.3200000000000003,-0.2990000000000066,-0.2849999999999966,-0.2599999999999909,-0.24800000000001177,-0.21599999999999397,-0.18500000000000227,-0.18199999999999505,-0.14800000000000324,-0.13299999999999557,-0.12800000000000722,-0.10899999999999466,-0.1249999999999929,-0.11000000000000654,-0.07700000000001239,-0.07099999999999795,-0.09499999999999176,-0.14000000000000057,-0.13100000000000023,-0.142000000000003,-0.11399999999999721,0.0,0.032999999999994145,0.07099999999999085,0.03700000000000614,0.10300000000000864,0.044000000000004036,-0.1039999999999992,0.17800000000000438,0.6179999999999879,0.6100000000000065,0.43300000000000693,0.6690000000000111,1.0019999999999953,0.23200000000000642,1.5179999999999936,0.7090000000000032,0.6659999999999968,0.9460000000000051,0.9350000000000094,0.4510000000000005,1.6810000000000116,1.2389999999999972,1.3900000000000006,1.6240000000000023,1.9799999999999969,2.527000000000001,2.2280000000000157,3.1640000000000015,3.20000000000001,3.4680000000000035,3.6969999999999956,4.837000000000003,4.719999999999999,5.302,6.039999999999992,8.122999999999998,7.620000000000008,8.70000000000001,8.510000000000012,8.286000000000012,7.989000000000004,6.848999999999993,6.204000000000015,4.864000000000011,1.6280000000000072,4.4110000000000085,2.773999999999994,1.2700000000000102,-1.1329999999999956,-1.3320000000000078,0.023999999999993804,-1.8940000000000055,-0.07400000000000517,-0.8619999999999948,-1.2679999999999794
24,5B031FDDX00004,-0.11700000000000443,-0.20000000000001705,-0.5870000000000033,-0.6970000000000027,-0.7580000000000169,-0.8240000000000052,-0.8380000000000081,-0.7710000000000008,-0.7299999999999969,-0.7030000000000101,-0.6629999999999896,-0.6230000000000047,-0.5510000000000019,-0.5030000000000001,-0.4300000000000139,-0.4069999999999965,-0.40100000000000335,-0.2950000000000088,-0.28699999999999903,-0.29699999999999704,-0.15999999999998948,-0.13300000000000978,-0.13999999999998636,-0.142000000000003,-0.1150000000000091,-0.1010000000000133,-0.09600000000000364,-0.06200000000001182,-0.10500000000001108,-0.08799999999999386,-0.06499999999999773,-0.028999999999996362,-0.03100000000000591,-0.02300000000000324,-0.014000000000010004,-0.051000000000016144,-0.09000000000000341,-0.08699999999998909,-0.05900000000001171,-0.0309999999999917,0.0,0.07800000000000296,0.13799999999999812,0.12299999999999045,0.1880000000000024,0.3090000000000046,0.17399999999999238,0.3259999999999934,0.6670000000000016,0.6350000000000051,0.45599999999999596,0.5529999999999902,1.1339999999999932,1.022999999999982,0.242999999999995,1.4009999999999962,0.8220000000000027,1.0989999999999895,1.0609999999999928,1.686,1.235999999999997,1.9399999999999977,1.0159999999999982,2.345000000000006,1.6780000000000115,2.920000000000009,2.1599999999999966,3.0519999999999925,3.2110000000000127,3.6189999999999927,3.852000000000004,4.864999999999995,5.325000000000003,6.094999999999992,6.882999999999996,7.620999999999992,7.502999999999993,8.607000000000003,9.083999999999996,9.493999999999986,7.622,7.099999999999987,6.1399999999999935,6.7590000000000074,3.8130000000000024,4.486999999999988,3.025999999999989,2.397999999999989,3.2890000000000015,-0.20700000000000074,0.08500000000000085,-0.060000000000002274,0.9260000000000019,-0.8000000000000043,-0.3510000000000133
25,5B031FDDX00004,-0.12700000000000244,-0.21300000000001518,-0.6030000000000086,-0.7140000000000057,-0.7770000000000152,-0.8430000000000035,-0.8560000000000088,-0.7870000000000061,-0.7469999999999928,-0.720000000000006,-0.681999999999995,-0.6450000000000031,-0.5750000000000028,-0.5290000000000035,-0.4560000000000173,-0.4299999999999926,-0.41900000000000404,-0.3090000000000046,-0.3009999999999948,-0.3129999999999953,-0.1769999999999854,-0.15200000000001523,-0.16199999999999193,-0.16400000000000148,-0.13700000000000756,-0.1220000000000141,-0.11700000000000443,-0.08600000000001273,-0.13300000000001688,-0.12099999999999511,-0.09399999999999409,-0.05099999999999483,-0.049000000000006594,-0.036000000000001364,-0.003000000000007219,-0.028000000000012903,-0.07600000000000762,-0.08499999999998664,-0.06400000000000716,-0.042999999999992156,0.0,0.08299999999999841,0.13400000000000034,0.0969999999999942,0.14999999999999858,0.2820000000000036,0.1559999999999917,0.2919999999999945,0.6280000000000001,0.6080000000000041,0.43499999999999517,0.5349999999999895,1.1059999999999945,0.9749999999999872,0.2189999999999941,1.374999999999993,0.8090000000000046,1.063999999999993,1.032999999999987,1.631999999999998,1.179000000000002,1.8729999999999976,0.9899999999999949,2.2660000000000053,1.6700000000000088,2.875000000000007,2.1709999999999923,3.035999999999987,3.2220000000000084,3.6339999999999932,3.8430000000000035,4.817999999999998,5.290000000000006,6.041999999999991,6.7819999999999965,7.553999999999991,7.434999999999995,8.570000000000004,9.004999999999995,9.399999999999988,7.484999999999999,7.116999999999987,6.127999999999993,6.745000000000008,3.8360000000000056,4.443999999999988,2.9869999999999877,2.339999999999989,3.0050000000000026,-0.09799999999999898,-0.05700000000000216,-0.2330000000000041,0.6659999999999968,-0.37000000000000455,-0.4270000000000138
26,5B031FDDX00004,-0.19700000000000273,-0.28700000000001324,-0.6780000000000044,-0.7800000000000011,-0.8330000000000126,-0.892000000000003,-0.9010000000000034,-0.8299999999999983,-0.789999999999992,-0.7630000000000052,-0.7239999999999895,-0.6839999999999975,-0.6120000000000019,-0.5649999999999977,-0.4930000000000092,-0.46999999999998465,-0.46399999999999864,-0.36000000000000654,-0.3549999999999969,-0.36599999999999255,-0.22699999999998255,-0.19600000000001216,-0.20299999999998875,-0.20600000000000307,-0.17900000000000205,-0.1600000000000108,-0.1530000000000058,-0.11700000000000443,-0.15800000000000836,-0.13299999999998846,-0.09299999999998931,-0.053999999999987836,-0.054000000000002046,-0.036999999999999034,-0.016000000000005343,-0.0420000000000087,-0.07600000000000051,-0.0759999999999863,-0.044000000000004036,-0.026999999999986812,0.0,0.0730000000000004,0.11200000000000188,0.047999999999994714,0.06800000000000495,0.18900000000000716,0.07899999999999352,0.25499999999999545,0.632000000000005,0.6310000000000073,0.4160000000000039,0.5079999999999956,1.0859999999999985,0.9629999999999868,0.17499999999999716,1.365000000000002,0.8120000000000047,1.0759999999999934,1.0150000000000006,1.6120000000000019,1.1480000000000032,1.9269999999999996,1.0330000000000013,2.2620000000000076,1.6570000000000178,2.8800000000000097,2.1429999999999936,3.0219999999999914,3.1810000000000116,3.597999999999999,3.845000000000006,4.822999999999993,5.31600000000001,6.037999999999993,6.8089999999999975,7.555999999999994,7.506,8.584000000000007,9.017,9.484999999999989,7.552000000000003,7.042999999999992,6.112999999999996,6.763000000000012,3.839000000000013,4.464999999999989,2.98599999999999,2.3909999999999982,3.0930000000000035,0.009000000000000341,0.1559999999999988,-0.03200000000000358,0.8629999999999995,-1.2050000000000054,-0.28300000000000836
27,5B031FDDX00004,-0.20400000000000063,-0.291000000000011,-0.6810000000000045,-0.7839999999999989,-0.8370000000000104,-0.8980000000000032,-0.9100000000000037,-0.8400000000000034,-0.8009999999999948,-0.7730000000000032,-0.7319999999999922,-0.6890000000000001,-0.6129999999999995,-0.5640000000000001,-0.49200000000001154,-0.4719999999999942,-0.47099999999999653,-0.3680000000000021,-0.36299999999999244,-0.37299999999999045,-0.23399999999998755,-0.20300000000001006,-0.2109999999999843,-0.2150000000000034,-0.18600000000000705,-0.1670000000000087,-0.16100000000000136,-0.12700000000000955,-0.16900000000001114,-0.13999999999999346,-0.10099999999999199,-0.06199999999999051,-0.060000000000002274,-0.03999999999999915,-0.019000000000005457,-0.046000000000013586,-0.08200000000000784,-0.07899999999998641,-0.044000000000004036,-0.026999999999993918,0.0,0.0730000000000004,0.10200000000000387,0.0449999999999946,0.07500000000000284,0.17200000000000415,0.05699999999998795,0.2359999999999971,0.6170000000000044,0.6160000000000068,0.39800000000000324,0.48799999999999244,1.064,0.9389999999999858,0.16100000000000136,1.3459999999999965,0.7850000000000037,1.0489999999999924,0.9809999999999945,1.568000000000005,1.1189999999999998,1.8930000000000007,0.9990000000000023,2.244000000000007,1.6500000000000128,2.855000000000011,2.130999999999993,3.009999999999991,3.1780000000000115,3.588000000000001,3.8290000000000077,4.8019999999999925,5.279000000000011,6.001999999999992,6.772999999999996,7.511999999999993,7.497,8.577000000000005,8.999999999999996,9.414999999999988,7.554000000000002,7.0249999999999915,6.111999999999995,6.7420000000000115,3.8190000000000097,4.467999999999989,2.9749999999999943,2.4599999999999937,3.0330000000000013,-0.06799999999999784,0.10699999999999932,-0.10000000000000142,0.7939999999999969,-1.7080000000000055,-0.37000000000001165
28,5B031FDDX00004,-0.18900000000000716,-0.27800000000002,-0.6690000000000111,-0.7750000000000057,-0.832000000000022,-0.8950000000000102,-0.9080000000000084,-0.8400000000000105,-0.8010000000000019,-0.7730000000000175,-0.7299999999999969,-0.686000000000007,-0.6080000000000112,-0.5580000000000069,-0.4840000000000231,-0.4620000000000033,-0.46000000000000796,-0.3580000000000112,-0.3540000000000063,-0.365000000000002,-0.22599999999999199,-0.1950000000000145,-0.20399999999999352,-0.2090000000000103,-0.17900000000001626,-0.1600000000000179,-0.15200000000001523,-0.11600000000001387,-0.1570000000000178,-0.13100000000000023,-0.09600000000000364,-0.054999999999999716,-0.05300000000001148,-0.033000000000008356,-0.011000000000016996,-0.04100000000001813,-0.07800000000001006,-0.07499999999999574,-0.0420000000000158,-0.027000000000001023,0.0,0.06899999999999551,0.0969999999999942,0.04099999999998971,0.0759999999999934,0.17799999999999727,0.0689999999999813,0.24499999999999034,0.6309999999999931,0.6239999999999952,0.4059999999999917,0.495999999999988,1.0789999999999935,0.9579999999999771,0.16899999999998983,1.3569999999999922,0.8009999999999948,1.0609999999999928,0.9939999999999856,1.5899999999999963,1.1389999999999958,1.9139999999999944,0.995999999999988,2.2659999999999982,1.6360000000000028,2.858000000000004,2.1119999999999877,3.0039999999999836,3.1570000000000036,3.5679999999999907,3.803999999999995,4.8019999999999925,5.295000000000002,6.028999999999986,6.8289999999999935,7.563999999999986,7.49199999999999,8.563999999999997,9.02099999999999,9.461999999999982,7.5199999999999925,7.053999999999984,6.105999999999987,6.753000000000004,3.8029999999999973,4.382999999999981,2.985999999999983,2.4099999999999824,3.141999999999996,-0.23500000000000654,0.05099999999999483,-0.18300000000001404,0.9119999999999919,-1.1260000000000119,-0.38800000000001944
29,5B031FDDX00004,-1.5729999999999862,-1.0700000000000074,-0.578000000000003,-0.36899999999998556,-0.4960000000000022,-0.6400000000000006,-0.5769999999999982,-0.605000000000004,-0.6829999999999998,-0.674999999999983,-0.6369999999999933,-0.563999999999993,-0.5429999999999993,-0.5299999999999869,-0.504000000000012,-0.4309999999999974,-0.4469999999999956,-0.41800000000000637,-0.3189999999999955,-0.3019999999999925,-0.232999999999997,-0.2669999999999817,-0.27599999999997493,-0.24399999999998556,-0.2259999999999991,-0.17199999999998994,-0.1769999999999925,-0.17099999999999937,-0.1150000000000091,-0.13300000000000978,-0.12599999999999767,-0.13700000000001467,-0.12299999999999045,-0.08399999999999608,-0.09999999999999432,-0.03700000000000614,-0.06700000000000017,-0.0619999999999834,-0.0309999999999917,-0.03199999999998937,0.0,0.10799999999998988,0.10300000000000153,0.12999999999999545,0.08099999999999596,0.240000000000002,-0.03899999999998727,0.3260000000000076,0.3440000000000012,0.5609999999999999,0.33900000000000574,0.615000000000002,0.9760000000000275,0.3610000000000113,1.1770000000000138,0.7379999999999924,0.745999999999988,1.0560000000000045,0.9950000000000045,0.5730000000000004,1.3919999999999888,1.2190000000000012,1.5929999999999964,1.6160000000000139,2.152000000000001,2.4570000000000007,1.9070000000000036,3.377999999999993,3.1370000000000147,3.6950000000000003,3.589000000000013,4.708000000000013,4.8430000000000035,5.666999999999987,6.359000000000005,7.2520000000000095,7.307000000000006,8.780000000000022,8.221000000000007,8.175000000000004,8.18800000000001,7.168000000000017,6.994000000000007,5.584000000000017,5.663000000000018,2.8289999999999935,3.8410000000000153,2.0249999999999915,1.1170000000000044,3.2930000000000206,-0.9539999999999935,-0.14800000000000324,0.8580000000000112,0.6020000000000039,3.2680000000000007
30,5B031FDDX00004,-1.5619999999999976,-1.058000000000007,-0.5670000000000144,-0.36199999999999477,-0.4940000000000069,-0.6430000000000078,-0.585000000000008,-0.6180000000000092,-0.6950000000000074,-0.6849999999999881,-0.644999999999996,-0.570999999999998,-0.5500000000000043,-0.5359999999999872,-0.5090000000000146,-0.4340000000000046,-0.4480000000000004,-0.41800000000000637,-0.31799999999999784,-0.29999999999999716,-0.23200000000000642,-0.26599999999999113,-0.27599999999997493,-0.24399999999998556,-0.2259999999999991,-0.1739999999999995,-0.17799999999999727,-0.1700000000000088,-0.11200000000000898,-0.1290000000000049,-0.12200000000000699,-0.13000000000001677,-0.11599999999999255,-0.08300000000000551,-0.10199999999999676,-0.04000000000001336,-0.06700000000000728,-0.06499999999999062,-0.032999999999994145,-0.03399999999999892,0.0,0.10699999999998511,0.09599999999999653,0.12299999999999045,0.07799999999998875,0.24199999999999733,-0.03699999999999193,0.32200000000000273,0.340999999999994,0.556999999999995,0.3359999999999985,0.607999999999997,0.9790000000000134,0.3580000000000041,1.176000000000009,0.7369999999999877,0.7449999999999832,1.0529999999999973,0.9960000000000022,0.5889999999999986,1.387999999999984,1.2339999999999947,1.603999999999992,1.6210000000000093,2.154999999999994,2.4609999999999985,1.9029999999999987,3.3899999999999864,3.1480000000000103,3.6969999999999956,3.6000000000000085,4.721000000000004,4.853999999999999,5.683999999999983,6.368000000000002,7.227000000000004,7.305,8.779000000000018,8.223000000000003,8.184000000000005,8.216000000000005,7.203000000000014,6.980000000000004,5.564000000000014,5.609000000000016,2.7639999999999887,3.805000000000014,2.009999999999991,1.3549999999999969,3.1740000000000137,-1.014000000000003,-0.1530000000000058,0.7550000000000026,0.3719999999999999,3.9110000000000014
31,5B031FDDX00004,-1.570999999999998,-1.0670000000000144,-0.575000000000017,-0.3680000000000021,-0.49800000000001177,-0.6450000000000102,-0.5840000000000103,-0.6130000000000138,-0.6890000000000143,-0.6759999999999948,-0.6340000000000003,-0.5600000000000094,-0.5400000000000063,-0.5269999999999939,-0.5020000000000167,-0.4280000000000115,-0.4420000000000073,-0.4140000000000157,-0.31400000000000716,-0.29699999999999704,-0.22800000000000864,-0.2639999999999958,-0.27599999999998204,-0.2459999999999951,-0.22700000000000387,-0.16900000000000404,-0.17200000000000415,-0.16600000000001103,-0.10900000000001597,-0.12600000000001899,-0.11900000000000688,-0.13000000000002387,-0.11499999999999488,-0.08200000000000784,-0.10000000000000142,-0.03800000000001802,-0.0660000000000096,-0.05999999999999517,-0.030999999999998806,-0.03200000000000358,0.0,0.103999999999985,0.0969999999999942,0.12299999999998334,0.0759999999999863,0.23699999999999477,-0.04099999999999682,0.3149999999999977,0.33199999999999363,0.5479999999999876,0.32499999999999574,0.5949999999999918,0.9710000000000178,0.3569999999999993,1.1679999999999993,0.7299999999999827,0.7329999999999828,1.036999999999999,0.9779999999999944,0.5789999999999935,1.3799999999999812,1.2379999999999924,1.61099999999999,1.6240000000000023,2.157999999999987,2.4649999999999963,1.8959999999999937,3.384999999999984,3.146000000000001,3.694999999999986,3.600999999999999,4.716000000000001,4.8430000000000035,5.683999999999976,6.358999999999995,7.200999999999997,7.283999999999995,8.736000000000011,8.203999999999997,8.195999999999998,8.221,7.177000000000007,6.9879999999999995,5.5900000000000105,5.58400000000001,2.778999999999982,3.7590000000000074,2.015999999999991,1.343999999999994,3.1570000000000107,-1.0470000000000113,-0.18700000000001182,0.6569999999999965,0.24500000000000455,3.7919999999999945
32,5B031FDDX00004,-1.570999999999998,-1.0640000000000072,-0.5700000000000145,-0.36299999999999244,-0.4930000000000092,-0.6400000000000077,-0.5820000000000078,-0.6140000000000114,-0.6920000000000073,-0.681999999999988,-0.6409999999999982,-0.5670000000000002,-0.5450000000000017,-0.5319999999999894,-0.5070000000000121,-0.43300000000000693,-0.44899999999999807,-0.4210000000000065,-0.32200000000000273,-0.30399999999998784,-0.23400000000000176,-0.2669999999999888,-0.2769999999999797,-0.24499999999999034,-0.2259999999999991,-0.1699999999999946,-0.1769999999999996,-0.17200000000000415,-0.1150000000000091,-0.13100000000001444,-0.1250000000000071,-0.133000000000024,-0.11899999999999267,-0.08600000000000563,-0.10299999999999443,-0.04100000000001103,-0.06900000000000261,-0.06299999999998818,-0.0309999999999917,-0.031999999999996476,0.0,0.10599999999998744,0.09899999999999665,0.1249999999999929,0.07499999999998863,0.22999999999999687,-0.0449999999999946,0.3149999999999977,0.33499999999999375,0.5489999999999924,0.3260000000000005,0.5959999999999965,0.9720000000000226,0.3580000000000041,1.1710000000000065,0.7299999999999898,0.7349999999999852,1.0429999999999993,0.9819999999999993,0.5859999999999985,1.3659999999999854,1.2109999999999985,1.583999999999996,1.6020000000000039,2.1369999999999933,2.451999999999998,1.8780000000000001,3.3759999999999906,3.1440000000000055,3.678999999999995,3.5970000000000084,4.706000000000003,4.834000000000003,5.673999999999985,6.341000000000001,7.207000000000004,7.286999999999999,8.764000000000017,8.225000000000001,8.208000000000006,8.227000000000004,7.226000000000013,6.980000000000004,5.585000000000008,5.586000000000013,2.785999999999987,3.852000000000011,2.05299999999999,1.4269999999999996,3.1990000000000123,-1.0529999999999973,-0.13500000000000512,0.8170000000000073,0.811000000000007,3.8930000000000007
33,5B031FDDX00004,-1.570999999999998,-1.0660000000000167,-0.5720000000000169,-0.36299999999999955,-0.4900000000000162,-0.6350000000000122,-0.5730000000000075,-0.6030000000000157,-0.6800000000000139,-0.6699999999999946,-0.6310000000000002,-0.5590000000000046,-0.5400000000000063,-0.5279999999999916,-0.5030000000000214,-0.4280000000000115,-0.44300000000000495,-0.41500000000000625,-0.3160000000000025,-0.2989999999999924,-0.22800000000000864,-0.2599999999999909,-0.26899999999998414,-0.23599999999999,-0.21800000000000352,-0.16400000000000148,-0.17200000000000415,-0.1670000000000087,-0.11000000000001364,-0.12400000000000944,-0.11700000000001154,-0.12700000000002376,-0.11399999999999721,-0.08100000000001017,-0.10099999999999909,-0.03900000000001569,-0.06800000000001205,-0.06299999999999528,-0.03399999999999892,-0.03300000000000125,0.0,0.10299999999998022,0.09199999999999164,0.11699999999998312,0.07099999999998374,0.232999999999997,-0.04299999999999926,0.3149999999999977,0.3299999999999912,0.5409999999999897,0.3189999999999955,0.5859999999999914,0.9650000000000176,0.3549999999999969,1.1670000000000016,0.7109999999999843,0.7159999999999798,1.026999999999994,0.9679999999999964,0.5849999999999937,1.3419999999999845,1.2219999999999942,1.6009999999999849,1.6110000000000042,2.1529999999999845,2.4699999999999918,1.8719999999999928,3.3869999999999862,3.1240000000000023,3.661999999999992,3.5859999999999985,4.694000000000003,4.831000000000003,5.6929999999999765,6.338999999999995,7.183,7.233999999999995,8.701000000000011,8.159999999999997,8.210999999999999,8.235,7.169000000000008,6.988999999999997,5.6340000000000074,5.565000000000005,2.8179999999999836,3.7520000000000095,2.0949999999999847,1.42499999999999,3.2010000000000076,-1.058000000000007,-0.1600000000000108,0.6640000000000015,0.1839999999999975,3.1129999999999924
34,5B031FDDX00004,-1.5679999999999907,-1.0660000000000096,-0.57500000000001,-0.367999999999995,-0.49800000000001177,-0.6440000000000055,-0.5810000000000031,-0.6080000000000112,-0.6820000000000093,-0.6689999999999898,-0.6289999999999978,-0.5560000000000045,-0.536999999999999,-0.5239999999999867,-0.49900000000001654,-0.42500000000000426,-0.4399999999999977,-0.4130000000000109,-0.3149999999999977,-0.2979999999999876,-0.22800000000000153,-0.26499999999998636,-0.2769999999999797,-0.24399999999998556,-0.22100000000000364,-0.16099999999999426,-0.16499999999999915,-0.16200000000000614,-0.10700000000001353,-0.12300000000000466,-0.11600000000000676,-0.12500000000002132,-0.11299999999999244,-0.0800000000000054,-0.09899999999999665,-0.03900000000000858,-0.06700000000000728,-0.06299999999998818,-0.031999999999996476,-0.032999999999994145,0.0,0.10599999999998744,0.09499999999999886,0.12199999999999278,0.07899999999999352,0.2430000000000021,-0.03899999999999437,0.31799999999999784,0.33199999999999363,0.5439999999999898,0.32099999999999795,0.5919999999999987,0.9680000000000177,0.35300000000000153,1.166000000000011,0.7169999999999916,0.7269999999999825,1.0330000000000013,0.9750000000000014,0.5700000000000003,1.3659999999999854,1.235999999999997,1.607999999999997,1.6140000000000043,2.1559999999999917,2.4639999999999986,1.8860000000000028,3.384999999999991,3.1340000000000074,3.678999999999995,3.592000000000006,4.7080000000000055,4.841999999999999,5.687999999999981,6.350000000000001,7.198000000000004,7.254000000000001,8.743000000000016,8.184000000000001,8.187000000000005,8.242000000000004,7.204000000000015,6.991000000000007,5.601000000000013,5.591000000000015,2.8019999999999854,3.76700000000001,2.059999999999988,1.3539999999999992,3.186000000000014,-1.0760000000000005,-0.17800000000001148,0.8080000000000069,0.7190000000000083,3.213000000000001
