,0,5,6,7,8,9,10,11,12,13,14,15,16,17,18,19,20,21,22,23,24,25,26,27,28,29,30,31,32,33,34,35,36,37,38,39,40,41,42,43,44,45,46,47,48,49,50,51,52,53,54,55,56,57,58,59,60,61,62,63,64,65,66,67,68,69,70,71,72,73,74,75,76,77,78,79,80,81,82,83,84,85,86,87,88,89,90,91,92,93,94,95,96,97,98,99
phase,dut_id,mic-1_fr,mic-1_fr,mic-1_fr,mic-1_fr,mic-1_fr,mic-1_fr,mic-1_fr,mic-1_fr,mic-1_fr,mic-1_fr,mic-1_fr,mic-1_fr,mic-1_fr,mic-1_fr,mic-1_fr,mic-1_fr,mic-1_fr,mic-1_fr,mic-1_fr,mic-1_fr,mic-1_fr,mic-1_fr,mic-1_fr,mic-1_fr,mic-1_fr,mic-1_fr,mic-1_fr,mic-1_fr,mic-1_fr,mic-1_fr,mic-1_fr,mic-1_fr,mic-1_fr,mic-1_fr,mic-1_fr,mic-1_fr,mic-1_fr,mic-1_fr,mic-1_fr,mic-1_fr,mic-1_fr,mic-1_fr,mic-1_fr,mic-1_fr,mic-1_fr,mic-1_fr,mic-1_fr,mic-1_fr,mic-1_fr,mic-1_fr,mic-1_fr,mic-1_fr,mic-1_fr,mic-1_fr,mic-1_fr,mic-1_fr,mic-1_fr,mic-1_fr,mic-1_fr,mic-1_fr,mic-1_fr,mic-1_fr,mic-1_fr,mic-1_fr,mic-1_fr,mic-1_fr,mic-1_fr,mic-1_fr,mic-1_fr,mic-1_fr,mic-1_fr,mic-1_fr,mic-1_fr,mic-1_fr,mic-1_fr,mic-1_fr,mic-1_fr,mic-1_fr,mic-1_fr,mic-1_fr,mic-1_fr,mic-1_fr,mic-1_fr,mic-1_fr,mic-1_fr,mic-1_fr,mic-1_fr,mic-1_fr,mic-1_fr,mic-1_fr,mic-1_fr,mic-1_fr,mic-1_fr,mic-1_fr,mic-1_fr
freq,,100.0,106.0,112.0,118.0,125.0,132.0,140.0,150.0,160.0,170.0,180.0,190.0,200.0,212.0,224.0,236.0,250.0,265.0,280.0,300.0,315.0,335.0,355.0,375.0,400.0,425.0,450.0,475.0,500.0,530.0,560.0,600.0,630.0,670.0,710.0,750.0,800.0,850.0,900.0,950.0,1000.0,1060.0,1120.0,1180.0,1250.0,1320.0,1400.0,1500.0,1600.0,1700.0,1800.0,1900.0,2000.0,2120.0,2240.0,2360.0,2500.0,2650.0,2800.0,3000.0,3150.0,3350.0,3550.0,3750.0,4000.0,4250.0,4500.0,4750.0,5000.0,5300.0,5600.0,6000.0,6300.0,6700.0,7100.0,7500.0,8000.0,8500.0,9000.0,9500.0,10000.0,10600.0,11200.0,11800.0,12500.0,13200.0,14000.0,15000.0,16000.0,17000.0,18000.0,19000.0,20000.0,21200.0,22400.0
0,5B031FDDX00004,-38.123,-37.887,-37.686,-37.575,-37.446,-37.387,-37.418,-37.44,-37.419,-37.381,-37.319,-37.265,-37.217,-37.174,-37.135,-37.1,-37.061,-37.024,-36.996,-36.973,-36.956,-36.923,-36.894,-36.884,-36.879,-36.86,-36.845,-36.841,-36.836,-36.823,-36.81,-36.806,-36.811,-36.805,-36.802,-36.809,-36.812,-36.832,-36.85,-36.867,-36.808,-36.826,-36.816,-36.825,-36.708,-37.103,-36.835,-37.158,-37.001,-37.017,-37.286,-37.157,-36.839,-36.929,-37.102,-37.214,-37.126,-37.1,-37.183,-37.214,-36.846,-36.484,-37.823,-37.413,-37.104,-36.882,-37.061,-36.937,-36.846,-36.289,-36.227,-36.641,-35.907,-35.012,-34.565,-34.299,-33.28,-32.055,-30.585,-29.409,-26.915,-25.36,-20.376,-19.168,-21.364,-19.309,-21.082,-21.416,-20.062,-21.689,-23.67,-24.438,-26.777,-26.945,-27.837
1,5B031FDDX00004,-38.12,-37.88,-37.676,-37.562,-37.431,-37.369,-37.397,-37.417,-37.395,-37.356,-37.297,-37.244,-37.197,-37.154,-37.117,-37.084,-37.045,-37.007,-36.979,-36.956,-36.939,-36.906,-36.876,-36.864,-36.859,-36.84,-36.824,-36.821,-36.818,-36.804,-36.789,-36.785,-36.79,-36.784,-36.782,-36.791,-36.795,-36.811,-36.826,-36.842,-36.781,-36.801,-36.789,-36.797,-36.681,-37.077,-36.808,-37.136,-36.977,-36.989,-37.262,-37.13,-36.808,-36.9,-37.079,-37.197,-37.113,-37.075,-37.165,-37.207,-36.846,-36.425,-37.769,-37.381,-37.08,-36.846,-37.048,-36.924,-36.848,-36.261,-36.197,-36.643,-35.85,-35.015,-34.59,-34.354,-33.301,-32.09,-30.595,-29.486,-26.918,-25.484,-20.451,-19.21,-21.413,-19.329,-21.138,-21.546,-20.108,-21.78,-23.747,-24.426,-26.869,-26.939,-27.888
2,5B031FDDX00004,-38.155,-37.911,-37.704,-37.591,-37.461,-37.401,-37.432,-37.455,-37.43,-37.389,-37.326,-37.272,-37.226,-37.183,-37.145,-37.109,-37.068,-37.03,-37.001,-36.975,-36.956,-36.921,-36.89,-36.879,-36.873,-36.854,-36.837,-36.833,-36.828,-36.816,-36.805,-36.803,-36.807,-36.8,-36.798,-36.807,-36.812,-36.828,-36.846,-36.863,-36.802,-36.82,-36.805,-36.808,-36.693,-37.091,-36.824,-37.167,-36.992,-37.008,-37.283,-37.152,-36.835,-36.919,-37.093,-37.216,-37.132,-37.094,-37.182,-37.238,-36.878,-36.437,-37.779,-37.387,-37.075,-36.837,-37.105,-36.958,-36.836,-36.156,-36.238,-36.658,-35.795,-35.008,-34.64,-34.33,-33.337,-32.101,-30.683,-29.501,-26.869,-25.577,-20.557,-19.013,-21.895,-19.175,-21.079,-21.446,-20.272,-22.034,-23.562,-24.609,-27.057,-26.899,-27.793
3,5B031FDDX00004,-38.128,-37.887,-37.683,-37.571,-37.444,-37.385,-37.416,-37.439,-37.416,-37.377,-37.317,-37.266,-37.221,-37.176,-37.132,-37.089,-37.046,-37.014,-36.995,-36.975,-36.956,-36.919,-36.885,-36.871,-36.864,-36.844,-36.827,-36.822,-36.819,-36.806,-36.793,-36.79,-36.795,-36.788,-36.786,-36.792,-36.799,-36.819,-36.837,-36.854,-36.791,-36.81,-36.797,-36.799,-36.683,-37.085,-36.822,-37.156,-36.976,-36.988,-37.267,-37.127,-36.824,-36.917,-37.092,-37.204,-37.12,-37.085,-37.174,-37.224,-36.854,-36.472,-37.813,-37.363,-37.07,-36.859,-37.095,-36.947,-36.82,-36.164,-36.239,-36.631,-35.874,-35.019,-34.632,-34.331,-33.327,-32.096,-30.673,-29.519,-26.862,-25.595,-20.528,-18.997,-21.75,-19.195,-21.076,-21.486,-20.279,-21.996,-23.623,-24.679,-27.058,-26.873,-27.845
4,5B031FDDX00004,-38.127,-37.886,-37.681,-37.569,-37.44,-37.38,-37.409,-37.43,-37.407,-37.369,-37.31,-37.259,-37.215,-37.173,-37.134,-37.098,-37.056,-37.017,-36.988,-36.962,-36.944,-36.91,-36.879,-36.868,-36.861,-36.84,-36.825,-36.822,-36.819,-36.806,-36.793,-36.791,-36.795,-36.79,-36.787,-36.795,-36.799,-36.819,-36.837,-36.855,-36.795,-36.816,-36.8,-36.802,-36.686,-37.086,-36.819,-37.155,-36.974,-36.986,-37.266,-37.132,-36.819,-36.91,-37.088,-37.202,-37.125,-37.087,-37.178,-37.232,-36.868,-36.446,-37.772,-37.356,-37.064,-36.849,-37.119,-36.955,-36.832,-36.157,-36.253,-36.594,-35.768,-35.019,-34.657,-34.324,-33.311,-32.079,-30.697,-29.491,-26.856,-25.548,-20.495,-19.027,-21.716,-19.22,-21.031,-21.496,-20.289,-21.934,-23.709,-24.821,-27.18,-27.003,-27.89
5,5B031FDDX00004,-38.106,-37.869,-37.666,-37.554,-37.426,-37.366,-37.397,-37.421,-37.401,-37.364,-37.305,-37.253,-37.206,-37.162,-37.123,-37.086,-37.044,-37.005,-36.975,-36.95,-36.932,-36.897,-36.867,-36.856,-36.851,-36.832,-36.816,-36.813,-36.81,-36.797,-36.784,-36.779,-36.785,-36.778,-36.774,-36.783,-36.789,-36.809,-36.825,-36.843,-36.782,-36.801,-36.786,-36.792,-36.673,-37.072,-36.805,-37.142,-36.965,-36.976,-37.254,-37.118,-36.818,-36.908,-37.081,-37.193,-37.112,-37.078,-37.164,-37.209,-36.837,-36.433,-37.785,-37.352,-37.066,-36.839,-37.069,-36.925,-36.802,-36.173,-36.199,-36.625,-35.875,-34.992,-34.616,-34.319,-33.308,-32.053,-30.635,-29.451,-26.868,-25.487,-20.471,-19.03,-21.743,-19.131,-21.009,-21.451,-20.212,-21.876,-23.65,-24.619,-26.917,-26.85,-27.882
6,5B031FDDX00004,-37.769,-37.567,-37.397,-37.315,-37.221,-37.171,-37.175,-37.177,-37.172,-37.152,-37.112,-37.07,-37.027,-36.978,-36.929,-36.881,-36.831,-36.787,-36.755,-36.722,-36.699,-36.675,-36.665,-36.655,-36.63,-36.604,-36.596,-36.592,-36.582,-36.583,-36.592,-36.577,-36.59,-36.598,-36.585,-36.598,-36.605,-36.625,-36.633,-36.625,-36.621,-36.613,-36.588,-36.597,-36.577,-36.649,-36.778,-36.749,-36.646,-36.677,-36.96,-36.755,-36.823,-36.688,-36.701,-36.902,-36.928,-36.784,-36.879,-36.917,-36.552,-36.466,-37.677,-37.321,-36.366,-36.483,-36.74,-36.644,-36.404,-35.882,-36.22,-36.096,-35.066,-34.644,-33.823,-33.407,-32.923,-31.644,-30.215,-28.638,-26.998,-23.864,-21.459,-18.448,-28.641,-17.16,-19.476,-20.388,-19.059,-19.787,-22.387,-22.617,-23.431,-26.441,-27.881
7,5B031FDDX00004,-37.757,-37.556,-37.388,-37.306,-37.211,-37.159,-37.16,-37.16,-37.153,-37.133,-37.095,-37.056,-37.016,-36.97,-36.923,-36.873,-36.821,-36.775,-36.742,-36.709,-36.686,-36.664,-36.654,-36.642,-36.617,-36.593,-36.586,-36.581,-36.569,-36.569,-36.579,-36.563,-36.575,-36.584,-36.572,-36.585,-36.592,-36.611,-36.617,-36.612,-36.611,-36.603,-36.58,-36.588,-36.568,-36.638,-36.765,-36.737,-36.636,-36.666,-36.948,-36.738,-36.799,-36.665,-36.685,-36.889,-36.916,-36.772,-36.865,-36.907,-36.547,-36.461,-37.602,-37.249,-36.334,-36.467,-36.716,-36.643,-36.406,-35.881,-36.212,-36.056,-35.043,-34.627,-33.83,-33.406,-32.948,-31.657,-30.255,-28.679,-27.052,-23.942,-21.532,-18.535,-28.559,-17.189,-19.591,-20.557,-19.22,-19.926,-22.448,-22.618,-23.43,-26.437,-27.901
8,5B031FDDX00004,-37.733,-37.528,-37.356,-37.272,-37.176,-37.123,-37.126,-37.128,-37.124,-37.108,-37.074,-37.037,-36.999,-36.953,-36.905,-36.857,-36.805,-36.759,-36.726,-36.695,-36.673,-36.65,-36.638,-36.628,-36.602,-36.577,-36.569,-36.564,-36.553,-36.554,-36.565,-36.549,-36.561,-36.568,-36.555,-36.568,-36.576,-36.598,-36.604,-36.596,-36.593,-36.586,-36.56,-36.562,-36.541,-36.607,-36.738,-36.715,-36.617,-36.645,-36.923,-36.71,-36.773,-36.638,-36.655,-36.858,-36.887,-36.751,-36.848,-36.89,-36.523,-36.391,-37.572,-37.27,-36.323,-36.429,-36.676,-36.61,-36.344,-35.827,-36.14,-36.048,-35.073,-34.609,-33.831,-33.401,-32.974,-31.665,-30.226,-28.647,-27.059,-23.952,-21.534,-18.501,-28.028,-17.165,-19.719,-20.571,-19.183,-19.936,-22.417,-22.59,-23.444,-26.366,-28.002
9,5B031FDDX00004,-37.749,-37.545,-37.374,-37.29,-37.193,-37.141,-37.144,-37.147,-37.145,-37.129,-37.092,-37.053,-37.013,-36.965,-36.917,-36.868,-36.815,-36.768,-36.735,-36.703,-36.68,-36.658,-36.648,-36.638,-36.612,-36.586,-36.578,-36.573,-36.561,-36.562,-36.572,-36.556,-36.568,-36.577,-36.565,-36.579,-36.586,-36.604,-36.613,-36.606,-36.605,-36.596,-36.568,-36.574,-36.554,-36.621,-36.749,-36.725,-36.628,-36.655,-36.94,-36.726,-36.787,-36.653,-36.671,-36.874,-36.904,-36.771,-36.864,-36.905,-36.539,-36.407,-37.584,-37.29,-36.344,-36.444,-36.701,-36.634,-36.35,-35.846,-36.157,-36.073,-35.096,-34.637,-33.815,-33.411,-33.001,-31.669,-30.222,-28.626,-27.066,-23.954,-21.514,-18.502,-27.967,-17.153,-19.716,-20.551,-19.192,-19.94,-22.423,-22.578,-23.46,-26.378,-27.884
10,5B031FDDX00004,-37.752,-37.547,-37.376,-37.293,-37.198,-37.146,-37.149,-37.151,-37.146,-37.128,-37.091,-37.051,-37.011,-36.963,-36.914,-36.864,-36.811,-36.764,-36.731,-36.701,-36.679,-36.657,-36.646,-36.636,-36.61,-36.584,-36.576,-36.571,-36.559,-36.56,-36.569,-36.555,-36.567,-36.576,-36.564,-36.578,-36.583,-36.603,-36.611,-36.603,-36.6,-36.594,-36.568,-36.572,-36.549,-36.617,-36.747,-36.723,-36.625,-36.652,-36.935,-36.717,-36.777,-36.643,-36.669,-36.869,-36.897,-36.76,-36.858,-36.896,-36.529,-36.403,-37.584,-37.285,-36.331,-36.442,-36.684,-36.618,-36.337,-35.82,-36.136,-36.066,-35.091,-34.639,-33.823,-33.414,-32.987,-31.671,-30.238,-28.649,-27.055,-23.955,-21.529,-18.504,-28.072,-17.181,-19.707,-20.577,-19.175,-19.958,-22.487,-22.622,-23.458,-26.321,-27.969
11,5B031FDDX00004,-37.737,-37.531,-37.357,-37.271,-37.171,-37.115,-37.115,-37.114,-37.112,-37.098,-37.066,-37.031,-36.994,-36.947,-36.9,-36.85,-36.797,-36.751,-36.718,-36.687,-36.664,-36.641,-36.632,-36.622,-36.596,-36.569,-36.562,-36.557,-36.546,-36.547,-36.558,-36.542,-36.556,-36.563,-36.55,-36.564,-36.571,-36.593,-36.598,-36.59,-36.587,-36.582,-36.555,-36.563,-36.542,-36.611,-36.74,-36.713,-36.613,-36.643,-36.927,-36.709,-36.768,-36.637,-36.663,-36.866,-36.893,-36.759,-36.851,-36.892,-36.524,-36.404,-37.573,-37.271,-36.332,-36.434,-36.683,-36.61,-36.33,-35.822,-36.131,-36.063,-35.074,-34.629,-33.809,-33.407,-32.98,-31.652,-30.203,-28.636,-27.07,-23.946,-21.512,-18.484,-28.131,-17.203,-19.709,-20.537,-19.146,-19.946,-22.457,-22.648,-23.473,-26.314,-28.062
12,5B031FDDX00004,-38.028,-37.791,-37.585,-37.458,-37.313,-37.24,-37.26,-37.276,-37.268,-37.243,-37.195,-37.154,-37.116,-37.075,-37.032,-36.985,-36.929,-36.879,-36.847,-36.834,-36.827,-36.796,-36.759,-36.737,-36.724,-36.708,-36.692,-36.687,-36.691,-36.695,-36.684,-36.672,-36.678,-36.693,-36.699,-36.712,-36.73,-36.749,-36.771,-36.781,-36.786,-36.766,-36.934,-36.863,-36.886,-36.807,-36.793,-36.983,-36.835,-36.782,-37.107,-37.032,-36.863,-36.954,-36.952,-37.049,-37.049,-36.997,-37.074,-37.183,-36.695,-36.347,-37.6,-37.352,-36.785,-36.763,-36.799,-36.593,-36.888,-36.25,-36.49,-36.23,-35.527,-34.801,-34.364,-34.05,-33.29,-32.186,-30.488,-28.975,-27.494,-24.538,-22.142,-20.436,-20.72,-21.269,-19.882,-21.251,-19.567,-21.458,-22.504,-23.1,-24.833,-26.336,-29.405
13,5B031FDDX00004,-38.0,-37.764,-37.557,-37.429,-37.281,-37.206,-37.223,-37.238,-37.232,-37.211,-37.167,-37.128,-37.093,-37.053,-37.014,-36.969,-36.915,-36.864,-36.83,-36.814,-36.806,-36.777,-36.742,-36.72,-36.707,-36.691,-36.675,-36.669,-36.672,-36.675,-36.663,-36.653,-36.659,-36.676,-36.685,-36.697,-36.716,-36.734,-36.752,-36.759,-36.764,-36.746,-36.914,-36.835,-36.866,-36.79,-36.774,-36.964,-36.819,-36.768,-37.093,-37.021,-36.846,-36.919,-36.92,-37.026,-37.031,-36.973,-37.057,-37.169,-36.703,-36.317,-37.522,-37.328,-36.739,-36.733,-36.819,-36.571,-36.876,-36.242,-36.493,-36.181,-35.456,-34.802,-34.372,-34.045,-33.283,-32.17,-30.507,-28.953,-27.478,-24.522,-22.139,-20.427,-20.701,-21.18,-19.86,-21.256,-19.577,-21.453,-22.476,-23.043,-24.83,-26.287,-29.327
14,5B031FDDX00004,-37.995,-37.756,-37.547,-37.415,-37.263,-37.186,-37.202,-37.217,-37.215,-37.196,-37.155,-37.118,-37.084,-37.045,-37.006,-36.961,-36.907,-36.857,-36.823,-36.807,-36.799,-36.769,-36.732,-36.71,-36.696,-36.68,-36.663,-36.657,-36.662,-36.666,-36.655,-36.643,-36.649,-36.662,-36.67,-36.683,-36.701,-36.721,-36.742,-36.751,-36.756,-36.737,-36.904,-36.82,-36.85,-36.778,-36.767,-36.956,-36.806,-36.753,-37.078,-37.003,-36.836,-36.915,-36.917,-37.018,-37.018,-36.966,-37.045,-37.153,-36.658,-36.315,-37.54,-37.306,-36.75,-36.731,-36.773,-36.556,-36.853,-36.206,-36.449,-36.187,-35.502,-34.766,-34.352,-34.05,-33.27,-32.164,-30.457,-28.933,-27.459,-24.511,-22.098,-20.382,-20.633,-21.214,-19.846,-21.237,-19.568,-21.399,-22.401,-23.09,-24.813,-26.251,-29.284
15,5B031FDDX00004,-38.014,-37.777,-37.57,-37.441,-37.292,-37.216,-37.232,-37.245,-37.239,-37.217,-37.175,-37.137,-37.102,-37.064,-37.025,-36.981,-36.927,-36.878,-36.844,-36.829,-36.821,-36.791,-36.756,-36.733,-36.72,-36.704,-36.687,-36.68,-36.685,-36.69,-36.678,-36.667,-36.671,-36.685,-36.693,-36.707,-36.723,-36.743,-36.763,-36.772,-36.779,-36.762,-36.927,-36.842,-36.872,-36.802,-36.791,-36.979,-36.831,-36.777,-37.106,-37.031,-36.862,-36.939,-36.939,-37.046,-37.046,-36.99,-37.073,-37.183,-36.698,-36.345,-37.534,-37.337,-36.774,-36.758,-36.81,-36.583,-36.881,-36.238,-36.469,-36.205,-35.525,-34.808,-34.391,-34.078,-33.301,-32.201,-30.498,-28.946,-27.487,-24.533,-22.115,-20.399,-20.639,-21.227,-19.861,-21.242,-19.593,-21.457,-22.486,-23.122,-24.879,-26.301,-29.437
16,5B031FDDX00004,-37.991,-37.755,-37.55,-37.423,-37.278,-37.205,-37.224,-37.239,-37.234,-37.211,-37.166,-37.126,-37.09,-37.049,-37.008,-36.961,-36.907,-36.856,-36.823,-36.808,-36.8,-36.771,-36.737,-36.714,-36.7,-36.684,-36.668,-36.662,-36.666,-36.67,-36.659,-36.649,-36.654,-36.669,-36.675,-36.687,-36.706,-36.725,-36.747,-36.76,-36.762,-36.747,-36.908,-36.82,-36.851,-36.781,-36.769,-36.957,-36.811,-36.757,-37.084,-37.006,-36.84,-36.918,-36.915,-37.027,-37.027,-36.969,-37.054,-37.159,-36.672,-36.314,-37.528,-37.322,-36.764,-36.724,-36.77,-36.559,-36.846,-36.209,-36.439,-36.199,-35.54,-34.777,-34.345,-34.042,-33.276,-32.18,-30.473,-28.897,-27.446,-24.5,-22.079,-20.343,-20.605,-21.165,-19.852,-21.181,-19.521,-21.364,-22.31,-22.986,-24.734,-26.229,-29.186
17,5B031FDDX00004,-38.001,-37.763,-37.556,-37.43,-37.284,-37.211,-37.231,-37.248,-37.24,-37.216,-37.17,-37.13,-37.096,-37.057,-37.017,-36.97,-36.913,-36.86,-36.824,-36.808,-36.8,-36.771,-36.737,-36.716,-36.704,-36.688,-36.67,-36.664,-36.668,-36.673,-36.661,-36.652,-36.657,-36.672,-36.679,-36.692,-36.71,-36.73,-36.752,-36.76,-36.765,-36.748,-36.913,-36.822,-36.855,-36.788,-36.774,-36.962,-36.815,-36.763,-37.088,-37.013,-36.848,-36.926,-36.923,-37.033,-37.035,-36.979,-37.065,-37.169,-36.681,-36.324,-37.543,-37.329,-36.772,-36.728,-36.777,-36.57,-36.853,-36.215,-36.437,-36.208,-35.534,-34.782,-34.348,-34.031,-33.268,-32.178,-30.456,-28.876,-27.421,-24.486,-22.06,-20.322,-20.602,-21.144,-19.806,-21.144,-19.482,-21.326,-22.284,-23.01,-24.735,-26.273,-29.162
18,5B031FDDX00004,-37.976,-37.778,-37.596,-37.451,-37.285,-37.196,-37.205,-37.217,-37.234,-37.228,-37.191,-37.149,-37.104,-37.055,-37.008,-36.959,-36.896,-36.838,-36.806,-36.796,-36.771,-36.704,-36.665,-36.654,-36.633,-36.612,-36.596,-36.577,-36.573,-36.577,-36.553,-36.534,-36.544,-36.547,-36.543,-36.541,-36.552,-36.597,-36.534,-36.579,-36.619,-36.55,-36.588,-36.623,-36.61,-36.684,-36.88,-36.708,-36.78,-36.632,-36.969,-36.783,-36.717,-36.724,-36.782,-36.931,-36.892,-36.805,-36.869,-37.077,-36.595,-36.578,-37.948,-36.741,-36.669,-36.945,-36.956,-36.625,-36.988,-36.423,-36.601,-35.861,-35.211,-34.692,-33.996,-33.618,-32.847,-31.619,-30.43,-29.41,-26.748,-24.436,-22.632,-20.618,-21.661,-20.955,-21.213,-21.529,-20.555,-20.718,-23.299,-23.364,-27.249,-26.2,-29.716
19,5B031FDDX00004,-37.942,-37.745,-37.563,-37.418,-37.252,-37.164,-37.172,-37.183,-37.2,-37.194,-37.159,-37.119,-37.076,-37.028,-36.981,-36.931,-36.867,-36.81,-36.777,-36.767,-36.741,-36.674,-36.636,-36.625,-36.604,-36.583,-36.567,-36.547,-36.542,-36.545,-36.52,-36.503,-36.513,-36.516,-36.51,-36.511,-36.517,-36.561,-36.503,-36.547,-36.592,-36.521,-36.561,-36.596,-36.586,-36.656,-36.844,-36.684,-36.764,-36.591,-36.907,-36.752,-36.692,-36.701,-36.76,-36.898,-36.864,-36.774,-36.833,-37.04,-36.566,-36.525,-37.91,-36.711,-36.627,-36.919,-36.901,-36.596,-36.957,-36.381,-36.551,-35.827,-35.202,-34.64,-33.973,-33.571,-32.819,-31.584,-30.387,-29.362,-26.713,-24.379,-22.574,-20.551,-21.607,-20.888,-21.177,-21.504,-20.524,-20.659,-23.248,-23.316,-27.198,-26.139,-29.482
20,5B031FDDX00004,-37.942,-37.741,-37.556,-37.408,-37.239,-37.148,-37.155,-37.166,-37.185,-37.183,-37.151,-37.113,-37.071,-37.024,-36.978,-36.93,-36.865,-36.807,-36.774,-36.764,-36.74,-36.672,-36.632,-36.621,-36.6,-36.58,-36.565,-36.546,-36.539,-36.544,-36.521,-36.502,-36.512,-36.521,-36.514,-36.51,-36.519,-36.561,-36.505,-36.549,-36.592,-36.512,-36.556,-36.593,-36.581,-36.653,-36.838,-36.683,-36.763,-36.587,-36.898,-36.748,-36.69,-36.699,-36.758,-36.896,-36.865,-36.774,-36.83,-37.04,-36.564,-36.497,-37.893,-36.719,-36.623,-36.906,-36.89,-36.586,-36.94,-36.345,-36.547,-35.841,-35.21,-34.631,-33.975,-33.564,-32.809,-31.571,-30.383,-29.334,-26.703,-24.331,-22.559,-20.509,-21.535,-20.847,-21.13,-21.5,-20.451,-20.547,-23.155,-23.191,-26.966,-25.947,-29.889
21,5B031FDDX00004,-37.945,-37.749,-37.567,-37.422,-37.256,-37.166,-37.171,-37.18,-37.196,-37.192,-37.161,-37.125,-37.085,-37.04,-36.994,-36.945,-36.88,-36.821,-36.787,-36.776,-36.751,-36.684,-36.646,-36.636,-36.614,-36.591,-36.574,-36.556,-36.552,-36.557,-36.533,-36.514,-36.527,-36.535,-36.529,-36.525,-36.532,-36.574,-36.516,-36.562,-36.605,-36.53,-36.571,-36.607,-36.597,-36.664,-36.844,-36.693,-36.773,-36.596,-36.902,-36.758,-36.7,-36.712,-36.768,-36.906,-36.879,-36.788,-36.839,-37.053,-36.589,-36.516,-37.918,-36.73,-36.638,-36.915,-36.905,-36.594,-36.96,-36.364,-36.55,-35.837,-35.215,-34.64,-34.009,-33.573,-32.821,-31.59,-30.392,-29.325,-26.694,-24.337,-22.536,-20.489,-21.518,-20.852,-21.09,-21.437,-20.469,-20.574,-23.171,-23.341,-27.289,-26.199,-29.643
22,5B031FDDX00004,-37.92,-37.726,-37.547,-37.404,-37.241,-37.154,-37.162,-37.174,-37.191,-37.186,-37.152,-37.112,-37.068,-37.02,-36.974,-36.926,-36.862,-36.804,-36.771,-36.76,-36.736,-36.67,-36.631,-36.619,-36.597,-36.575,-36.559,-36.54,-36.535,-36.54,-36.517,-36.498,-36.507,-36.512,-36.507,-36.506,-36.512,-36.553,-36.496,-36.545,-36.587,-36.511,-36.552,-36.588,-36.574,-36.651,-36.831,-36.681,-36.765,-36.581,-36.889,-36.744,-36.69,-36.698,-36.753,-36.896,-36.869,-36.778,-36.827,-37.043,-36.579,-36.485,-37.879,-36.723,-36.631,-36.899,-36.891,-36.582,-36.939,-36.343,-36.522,-35.824,-35.201,-34.63,-34.003,-33.566,-32.812,-31.571,-30.387,-29.286,-26.684,-24.304,-22.503,-20.438,-21.464,-20.825,-21.02,-21.395,-20.414,-20.494,-23.133,-23.278,-27.15,-26.206,-29.538
23,5B031FDDX00004,-37.915,-37.722,-37.543,-37.399,-37.235,-37.146,-37.153,-37.164,-37.181,-37.178,-37.145,-37.107,-37.065,-37.018,-36.972,-36.923,-36.859,-36.8,-36.767,-36.758,-36.735,-36.669,-36.631,-36.62,-36.598,-36.577,-36.562,-36.542,-36.536,-36.541,-36.518,-36.5,-36.509,-36.512,-36.508,-36.505,-36.514,-36.555,-36.499,-36.55,-36.589,-36.514,-36.555,-36.591,-36.576,-36.649,-36.833,-36.683,-36.768,-36.586,-36.893,-36.753,-36.696,-36.703,-36.759,-36.898,-36.875,-36.781,-36.837,-37.05,-36.582,-36.478,-37.888,-36.736,-36.629,-36.896,-36.898,-36.581,-36.935,-36.33,-36.524,-35.845,-35.212,-34.605,-33.999,-33.559,-32.812,-31.555,-30.369,-29.281,-26.674,-24.267,-22.493,-20.397,-21.414,-20.775,-20.987,-21.411,-20.337,-20.451,-23.073,-23.222,-27.104,-26.091,-29.513
24,5B031FDDX00004,-37.743,-37.56,-37.407,-37.333,-37.248,-37.203,-37.21,-37.213,-37.203,-37.182,-37.147,-37.101,-37.047,-36.982,-36.923,-36.888,-36.869,-36.857,-36.846,-36.835,-36.83,-36.812,-36.783,-36.77,-36.768,-36.751,-36.734,-36.729,-36.742,-36.735,-36.701,-36.737,-36.74,-36.721,-36.719,-36.683,-36.734,-36.712,-36.742,-36.768,-36.716,-36.749,-36.803,-36.778,-36.709,-36.52,-36.817,-36.857,-37.008,-36.933,-37.109,-36.844,-37.018,-36.85,-36.923,-37.122,-37.112,-37.041,-37.092,-37.199,-36.986,-36.991,-37.669,-37.571,-36.966,-36.969,-37.064,-37.007,-36.625,-36.306,-35.888,-36.597,-35.53,-34.732,-34.332,-33.575,-32.958,-31.379,-30.261,-29.176,-27.401,-24.176,-21.458,-20.646,-20.706,-20.682,-21.613,-21.177,-20.831,-20.374,-23.399,-24.636,-25.528,-26.573,-26.214
25,5B031FDDX00004,-37.747,-37.566,-37.415,-37.343,-37.261,-37.217,-37.222,-37.221,-37.202,-37.174,-37.134,-37.085,-37.029,-36.963,-36.905,-36.87,-36.852,-36.842,-36.834,-36.824,-36.819,-36.8,-36.77,-36.755,-36.752,-36.734,-36.717,-36.712,-36.726,-36.72,-36.689,-36.725,-36.728,-36.709,-36.707,-36.668,-36.719,-36.697,-36.727,-36.756,-36.704,-36.739,-36.787,-36.757,-36.685,-36.501,-36.792,-36.83,-36.993,-36.921,-37.091,-36.824,-37.003,-36.834,-36.905,-37.107,-37.094,-37.024,-37.083,-37.189,-36.986,-36.93,-37.583,-37.573,-36.951,-36.923,-37.062,-37.005,-36.595,-36.263,-35.85,-36.627,-35.47,-34.759,-34.357,-33.673,-33.019,-31.45,-30.288,-29.191,-27.372,-24.183,-21.471,-20.682,-20.746,-20.792,-21.702,-21.21,-20.76,-20.44,-23.366,-24.554,-25.465,-26.623,-26.228
26,5B031FDDX00004,-37.786,-37.601,-37.444,-37.363,-37.27,-37.219,-37.22,-37.219,-37.209,-37.19,-37.158,-37.113,-37.059,-36.989,-36.924,-36.883,-36.858,-36.844,-36.833,-36.82,-36.813,-36.79,-36.757,-36.742,-36.738,-36.719,-36.702,-36.697,-36.708,-36.703,-36.669,-36.701,-36.704,-36.679,-36.668,-36.646,-36.71,-36.697,-36.731,-36.747,-36.693,-36.752,-36.782,-36.742,-36.711,-36.514,-36.875,-36.87,-36.971,-36.915,-37.113,-36.779,-36.996,-36.834,-36.916,-37.15,-37.121,-37.049,-37.118,-37.212,-36.985,-36.919,-37.589,-37.555,-36.988,-36.968,-37.072,-37.002,-36.603,-36.293,-35.869,-36.541,-35.516,-34.757,-34.363,-33.673,-33.077,-31.45,-30.28,-29.148,-27.439,-24.199,-21.49,-20.666,-20.612,-20.892,-21.874,-21.073,-20.827,-20.425,-23.484,-24.75,-25.623,-26.921,-26.42
27,5B031FDDX00004,-37.741,-37.558,-37.403,-37.324,-37.234,-37.184,-37.188,-37.188,-37.175,-37.152,-37.117,-37.073,-37.022,-36.955,-36.893,-36.85,-36.823,-36.805,-36.792,-36.779,-36.773,-36.751,-36.717,-36.702,-36.699,-36.68,-36.66,-36.654,-36.667,-36.661,-36.627,-36.658,-36.66,-36.636,-36.626,-36.601,-36.667,-36.654,-36.69,-36.703,-36.648,-36.708,-36.735,-36.701,-36.669,-36.469,-36.821,-36.823,-36.93,-36.878,-37.066,-36.735,-36.956,-36.795,-36.878,-37.11,-37.081,-37.01,-37.077,-37.173,-36.957,-36.874,-37.527,-37.511,-36.947,-36.93,-37.04,-36.974,-36.573,-36.264,-35.848,-36.471,-35.471,-34.744,-34.334,-33.66,-33.019,-31.423,-30.257,-29.119,-27.395,-24.189,-21.458,-20.62,-20.505,-20.849,-21.844,-21.064,-20.855,-20.387,-23.504,-24.698,-25.543,-26.848,-26.243
28,5B031FDDX00004,-37.753,-37.57,-37.416,-37.338,-37.248,-37.2,-37.205,-37.207,-37.195,-37.173,-37.136,-37.088,-37.032,-36.962,-36.899,-36.858,-36.834,-36.819,-36.807,-36.795,-36.789,-36.766,-36.732,-36.717,-36.714,-36.695,-36.675,-36.669,-36.682,-36.676,-36.64,-36.672,-36.676,-36.651,-36.641,-36.617,-36.684,-36.671,-36.705,-36.72,-36.665,-36.716,-36.748,-36.719,-36.69,-36.486,-36.836,-36.833,-36.938,-36.888,-37.083,-36.748,-36.965,-36.804,-36.887,-37.119,-37.094,-37.019,-37.082,-37.177,-36.968,-36.923,-37.576,-37.533,-36.973,-36.96,-37.053,-37.001,-36.595,-36.282,-35.872,-36.496,-35.472,-34.753,-34.32,-33.596,-32.991,-31.372,-30.221,-29.135,-27.408,-24.122,-21.401,-20.57,-20.487,-20.775,-21.72,-21.063,-20.817,-20.285,-23.48,-24.698,-25.585,-26.895,-26.319
29,5B031FDDX00004,-37.785,-37.622,-37.471,-37.356,-37.223,-37.146,-37.138,-37.13,-37.125,-37.105,-37.063,-37.026,-36.991,-36.949,-36.909,-36.876,-36.847,-36.814,-36.773,-36.729,-36.716,-36.716,-36.705,-36.691,-36.669,-36.65,-36.649,-36.65,-36.637,-36.613,-36.614,-36.616,-36.618,-36.616,-36.613,-36.622,-36.665,-36.689,-36.661,-36.697,-36.716,-36.69,-36.695,-36.709,-36.722,-36.819,-36.782,-36.891,-36.648,-36.786,-37.021,-36.95,-36.779,-36.75,-36.922,-36.992,-37.021,-36.993,-36.921,-37.124,-36.849,-36.418,-37.749,-36.987,-36.819,-36.88,-36.831,-36.659,-36.42,-35.84,-36.164,-35.884,-35.568,-34.683,-34.015,-33.317,-32.433,-31.349,-29.765,-28.662,-25.832,-23.456,-22.049,-18.068,-20.063,-19.722,-20.561,-19.358,-17.356,-19.528,-20.579,-23.985,-23.707,-22.903,-24.146
30,5B031FDDX00004,-37.788,-37.614,-37.455,-37.333,-37.193,-37.112,-37.102,-37.092,-37.088,-37.07,-37.032,-36.997,-36.966,-36.926,-36.887,-36.855,-36.827,-36.795,-36.755,-36.709,-36.697,-36.698,-36.689,-36.676,-36.654,-36.635,-36.633,-36.633,-36.619,-36.594,-36.593,-36.595,-36.597,-36.594,-36.592,-36.601,-36.644,-36.668,-36.639,-36.674,-36.692,-36.665,-36.67,-36.686,-36.7,-36.796,-36.758,-36.867,-36.624,-36.76,-36.992,-36.921,-36.751,-36.726,-36.903,-36.975,-37.004,-36.975,-36.903,-37.107,-36.824,-36.392,-37.723,-36.963,-36.792,-36.845,-36.809,-36.634,-36.398,-35.817,-36.13,-35.879,-35.556,-34.681,-34.024,-33.329,-32.455,-31.363,-29.757,-28.686,-25.864,-23.475,-22.067,-18.127,-20.075,-19.707,-20.601,-19.406,-17.35,-19.486,-20.571,-23.973,-23.591,-22.739,-24.386
31,5B031FDDX00004,-37.755,-37.589,-37.436,-37.319,-37.185,-37.107,-37.099,-37.091,-37.086,-37.065,-37.023,-36.986,-36.952,-36.912,-36.873,-36.841,-36.813,-36.781,-36.742,-36.698,-36.685,-36.685,-36.675,-36.66,-36.639,-36.621,-36.622,-36.623,-36.61,-36.587,-36.586,-36.588,-36.592,-36.588,-36.584,-36.595,-36.634,-36.659,-36.629,-36.666,-36.683,-36.653,-36.661,-36.676,-36.688,-36.785,-36.747,-36.853,-36.616,-36.752,-36.977,-36.908,-36.74,-36.713,-36.893,-36.966,-36.996,-36.966,-36.896,-37.094,-36.816,-36.368,-37.716,-36.959,-36.776,-36.815,-36.777,-36.61,-36.387,-35.796,-36.096,-35.863,-35.548,-34.656,-34.031,-33.326,-32.459,-31.354,-29.742,-28.673,-25.854,-23.448,-22.03,-18.069,-20.041,-19.645,-20.595,-19.38,-17.278,-19.398,-20.569,-23.945,-23.629,-22.836,-24.031
32,5B031FDDX00004,-37.762,-37.593,-37.438,-37.32,-37.184,-37.106,-37.098,-37.091,-37.086,-37.065,-37.022,-36.983,-36.946,-36.903,-36.864,-36.832,-36.804,-36.771,-36.732,-36.687,-36.676,-36.677,-36.667,-36.652,-36.629,-36.611,-36.611,-36.612,-36.6,-36.578,-36.58,-36.582,-36.585,-36.582,-36.578,-36.587,-36.629,-36.652,-36.622,-36.659,-36.677,-36.65,-36.657,-36.674,-36.687,-36.784,-36.746,-36.85,-36.612,-36.748,-36.972,-36.906,-36.736,-36.714,-36.891,-36.961,-36.993,-36.964,-36.892,-37.093,-36.808,-36.381,-37.716,-36.957,-36.767,-36.8,-36.758,-36.612,-36.389,-35.801,-36.095,-35.854,-35.531,-34.647,-34.016,-33.328,-32.444,-31.334,-29.733,-28.64,-25.846,-23.44,-22.015,-18.076,-19.996,-19.604,-20.561,-19.359,-17.234,-19.416,-20.543,-24.019,-23.663,-22.754,-24.188
33,5B031FDDX00004,-37.777,-37.608,-37.454,-37.336,-37.201,-37.122,-37.113,-37.103,-37.097,-37.075,-37.033,-36.996,-36.963,-36.923,-36.886,-36.855,-36.827,-36.794,-36.754,-36.71,-36.698,-36.698,-36.688,-36.674,-36.653,-36.635,-36.633,-36.634,-36.621,-36.598,-36.598,-36.601,-36.605,-36.601,-36.598,-36.609,-36.648,-36.672,-36.642,-36.68,-36.699,-36.672,-36.679,-36.693,-36.705,-36.801,-36.763,-36.869,-36.633,-36.767,-36.99,-36.925,-36.753,-36.729,-36.905,-36.986,-37.017,-36.985,-36.913,-37.103,-36.835,-36.36,-37.724,-36.989,-36.772,-36.805,-36.772,-36.611,-36.397,-35.793,-36.093,-35.876,-35.572,-34.643,-34.049,-33.354,-32.485,-31.322,-29.757,-28.643,-25.856,-23.394,-21.978,-18.041,-19.953,-19.578,-20.58,-19.319,-17.131,-19.46,-20.522,-24.071,-23.742,-22.742,-23.913
34,5B031FDDX00004,-37.769,-37.603,-37.45,-37.332,-37.196,-37.117,-37.108,-37.099,-37.096,-37.078,-37.041,-37.006,-36.973,-36.93,-36.889,-36.855,-36.829,-36.798,-36.761,-36.718,-36.706,-36.707,-36.698,-36.683,-36.661,-36.645,-36.647,-36.648,-36.635,-36.614,-36.616,-36.618,-36.621,-36.617,-36.615,-36.625,-36.665,-36.69,-36.66,-36.697,-36.716,-36.689,-36.694,-36.709,-36.723,-36.822,-36.783,-36.888,-36.653,-36.788,-37.016,-36.949,-36.778,-36.749,-36.928,-37.003,-37.035,-37.005,-36.938,-37.132,-36.854,-36.388,-37.748,-37.006,-36.812,-36.851,-36.82,-36.649,-36.414,-35.814,-36.123,-35.874,-35.571,-34.661,-34.031,-33.338,-32.451,-31.317,-29.749,-28.633,-25.815,-23.375,-21.957,-18.035,-19.94,-19.611,-20.516,-19.278,-17.126,-19.37,-20.507,-24.055,-23.737,-22.869,-24.22
