,0,1280,1281,1282,1283,1284,1285,1286,1287,1288,1289,1290,1291,1292,1293,1294,1295,1296,1297,1298,1299,1300,1301,1302,1303,1304,1305,1306,1307,1308,1309,1310,1311,1312,1313,1314,1315,1316,1317,1318,1319,1320,1321,1322,1323,1324,1325,1326,1327,1328,1329,1330,1331,1332
phase,dut_id,spk-1_rb,spk-1_rb,spk-1_rb,spk-1_rb,spk-1_rb,spk-1_rb,spk-1_rb,spk-1_rb,spk-1_rb,spk-1_rb,spk-1_rb,spk-1_rb,spk-1_rb,spk-1_rb,spk-1_rb,spk-1_rb,spk-1_rb,spk-1_rb,spk-1_rb,spk-1_rb,spk-1_rb,spk-1_rb,spk-1_rb,spk-1_rb,spk-1_rb,spk-1_rb,spk-1_rb,spk-1_rb,spk-1_rb,spk-1_rb,spk-1_rb,spk-1_rb,spk-1_rb,spk-1_rb,spk-1_rb,spk-1_rb,spk-1_rb,spk-1_rb,spk-1_rb,spk-1_rb,spk-1_rb,spk-1_rb,spk-1_rb,spk-1_rb,spk-1_rb,spk-1_rb,spk-1_rb,spk-1_rb,spk-1_rb,spk-1_rb,spk-1_rb,spk-1_rb,spk-1_rb
freq,,100.0,106.0,112.0,118.0,125.0,132.0,140.0,150.0,160.0,170.0,180.0,190.0,200.0,212.0,224.0,236.0,250.0,265.0,280.0,300.0,315.0,335.0,355.0,375.0,400.0,425.0,450.0,475.0,500.0,530.0,560.0,600.0,630.0,670.0,710.0,750.0,800.0,850.0,900.0,950.0,1000.0,1060.0,1120.0,1180.0,1250.0,1320.0,1400.0,1500.0,1600.0,1700.0,1800.0,1900.0,2000.0
0,5B031FDDX00004,1.714,1.464,1.024,0.836,0.717,0.491,0.422,0.512,0.411,0.549,0.366,0.567,0.539,0.648,0.837,0.752,0.8,1.142,1.88,1.244,1.287,1.299,1.323,1.042,1.312,1.156,0.871,0.583,0.441,0.662,0.863,0.509,0.57,0.576,0.573,0.564,0.682,0.547,0.466,0.367,0.331,0.515,0.573,0.603,0.444,0.357,0.346,0.18,0.234,0.154,0.108,0.053,0.044
1,5B031FDDX00004,1.645,1.403,0.969,0.737,0.501,0.614,0.559,0.469,0.39,0.483,0.465,0.53,0.591,0.625,0.691,0.806,0.828,0.981,1.462,1.083,1.052,1.331,1.325,1.306,0.886,0.685,0.702,0.543,0.518,0.474,0.66,0.455,0.534,0.66,0.557,0.793,0.492,0.401,0.381,0.312,0.448,0.574,0.512,0.632,0.491,0.309,0.26,0.215,0.363,0.127,0.068,0.062,0.038
2,5B031FDDX00004,1.679,1.358,0.948,0.9,0.479,0.556,0.427,0.394,0.496,0.486,0.489,0.506,0.527,0.557,0.541,0.846,1.8,1.337,1.009,1.457,1.185,1.838,0.923,1.732,0.982,1.191,0.654,0.709,0.753,0.636,0.523,0.546,0.56,0.566,0.492,0.617,0.726,0.505,0.438,0.405,0.448,0.571,0.457,0.419,0.589,0.362,0.363,0.213,0.217,0.097,0.082,0.065,0.038
3,5B031FDDX00004,1.784,1.229,0.996,0.617,0.518,0.53,0.538,0.379,0.496,0.562,0.409,0.553,0.395,0.506,0.729,0.587,1.787,0.896,1.109,1.378,1.306,1.346,1.01,1.572,1.098,0.937,0.716,0.763,0.791,0.566,0.655,0.643,0.571,0.537,0.464,0.823,0.576,0.462,0.463,0.296,0.418,0.501,0.428,0.442,0.406,0.343,0.299,0.246,0.229,0.152,0.08,0.066,0.027
4,5B031FDDX00004,1.707,1.277,0.995,0.684,0.785,0.601,0.472,0.37,0.47,0.377,0.472,0.558,0.937,0.619,0.735,0.611,1.248,1.349,1.214,1.636,1.675,1.651,1.77,0.987,1.341,0.692,0.884,0.744,0.502,0.469,0.535,0.668,0.634,0.443,0.565,0.713,0.558,0.585,0.376,0.248,0.393,0.46,0.628,0.464,0.475,0.391,0.229,0.18,0.3,0.096,0.103,0.077,0.044
5,5B031FDDX00004,1.849,1.314,0.942,0.692,0.523,0.589,0.466,0.503,0.396,0.426,0.543,0.587,0.565,0.668,1.111,0.801,0.751,1.388,1.512,1.543,1.467,1.715,1.783,1.499,1.308,0.733,0.815,0.935,0.514,0.614,0.541,0.569,0.557,0.64,0.486,0.572,0.525,0.34,0.371,0.222,0.403,0.488,0.588,0.441,0.453,0.372,0.257,0.298,0.278,0.154,0.091,0.052,0.043
6,5B031FDDX00004,1.801,1.474,0.924,0.692,0.711,0.567,0.471,0.337,0.51,0.457,0.525,0.443,0.547,0.725,0.973,0.814,1.128,1.317,1.428,1.333,1.533,1.781,1.318,1.023,1.254,0.776,0.947,0.747,0.757,0.912,0.536,0.567,0.574,0.647,0.685,0.629,0.679,0.518,0.342,0.371,0.401,0.69,0.457,0.686,0.571,0.401,0.471,0.298,0.304,0.155,0.098,0.068,0.043
7,5B031FDDX00004,1.727,1.137,0.82,0.798,0.538,0.484,0.499,0.437,0.468,0.46,0.586,0.49,0.547,0.781,0.562,0.708,0.998,1.204,1.432,1.206,1.27,1.458,1.428,0.925,1.397,0.943,0.644,0.968,0.526,0.675,0.64,0.638,0.718,0.574,0.522,0.934,0.655,0.542,0.561,0.365,0.352,0.394,0.387,0.506,0.8,0.372,0.28,0.163,0.183,0.164,0.129,0.069,0.043
8,5B031FDDX00004,1.907,1.449,0.92,0.745,0.557,0.582,0.496,0.432,0.42,0.51,0.433,0.491,0.578,0.533,0.783,0.872,0.975,1.345,1.431,2.16,2.303,1.983,1.68,1.696,0.603,0.82,0.656,0.544,0.661,0.761,0.577,0.685,0.552,0.489,0.645,0.597,0.538,0.508,0.45,0.324,0.484,0.943,0.547,0.765,0.41,0.405,0.422,0.159,0.228,0.145,0.098,0.066,0.039
9,5B031FDDX00004,1.919,1.359,1.106,0.862,0.59,0.536,0.384,0.369,0.498,0.379,0.473,0.464,0.475,0.553,0.752,0.65,0.62,1.323,1.166,1.407,1.409,2.146,1.429,0.916,1.019,0.98,0.709,0.901,0.505,0.606,0.62,0.493,0.553,0.67,0.663,0.926,0.474,0.598,0.465,0.399,0.391,0.46,0.553,0.433,0.398,0.306,0.282,0.196,0.256,0.138,0.093,0.067,0.046
10,5B031FDDX00004,2.026,1.425,1.117,0.68,0.719,0.484,0.492,0.416,0.498,0.401,0.604,0.692,0.587,0.687,0.675,0.933,0.972,0.917,1.243,1.368,1.928,1.495,2.033,1.212,1.339,1.166,0.939,0.742,0.471,0.64,0.564,0.613,0.512,0.494,0.917,0.84,0.528,0.49,0.383,0.36,0.484,0.442,0.707,0.484,0.613,0.53,0.267,0.213,0.382,0.214,0.101,0.055,0.032
11,5B031FDDX00004,1.69,1.21,0.764,0.757,0.602,0.61,0.433,0.429,0.431,0.428,0.569,0.505,0.498,0.528,0.786,1.101,0.93,0.96,1.136,1.212,1.482,2.309,1.549,1.356,0.841,0.872,0.992,0.581,0.461,0.41,0.919,0.634,0.542,0.572,0.475,0.654,0.696,0.595,0.548,0.372,0.396,0.428,0.689,0.472,0.811,0.396,0.329,0.329,0.259,0.145,0.099,0.062,0.05
12,5B031FDDX00004,1.566,1.423,0.871,0.799,0.682,0.502,0.376,0.556,0.477,0.491,0.59,0.471,0.389,0.549,0.73,1.08,1.461,1.391,1.204,1.469,1.326,1.782,1.556,1.129,1.53,1.039,0.5,0.469,0.627,0.689,0.441,0.694,0.772,0.553,0.576,0.631,0.687,0.655,0.344,0.393,0.556,0.468,0.488,0.481,0.55,0.284,0.499,0.227,0.323,0.14,0.119,0.069,0.04
13,5B031FDDX00004,1.499,1.454,0.932,0.76,0.74,0.5,0.531,0.397,0.489,0.444,0.52,0.517,0.623,0.747,0.836,0.705,1.954,1.064,1.445,1.676,1.106,1.414,1.486,1.251,1.581,0.872,0.853,0.616,0.709,0.569,0.647,0.56,0.783,0.801,0.597,0.864,0.759,0.569,0.398,0.339,0.363,0.416,0.631,0.744,0.42,0.315,0.4,0.238,0.197,0.186,0.121,0.076,0.049
14,5B031FDDX00004,1.406,1.187,0.967,0.82,0.621,0.553,0.424,0.553,0.441,0.532,0.586,0.414,0.524,0.552,0.67,0.785,1.136,1.487,1.652,1.666,1.838,1.408,1.519,1.128,1.495,1.183,1.208,0.705,0.59,0.626,0.58,0.695,0.699,0.54,0.649,0.619,0.706,0.47,0.491,0.442,0.481,0.523,0.36,0.437,0.641,0.289,0.34,0.236,0.257,0.16,0.106,0.071,0.055
15,5B031FDDX00004,1.475,1.385,1.162,0.535,0.578,0.585,0.476,0.431,0.448,0.434,0.459,0.466,0.549,0.713,0.573,1.068,0.912,1.05,1.647,1.325,1.128,1.371,1.99,1.417,1.81,0.972,0.797,0.769,0.75,0.672,0.712,1.027,0.572,0.529,0.7,0.703,0.83,0.448,0.428,0.377,0.392,0.502,0.811,0.594,0.617,0.273,0.349,0.199,0.258,0.159,0.1,0.065,0.051
16,5B031FDDX00004,1.734,1.233,1.073,0.676,0.622,0.547,0.376,0.402,0.47,0.458,0.481,0.579,0.486,0.503,1.031,1.073,1.189,1.625,1.554,1.231,1.685,1.678,2.315,1.702,1.281,0.675,1.007,0.652,0.683,0.758,0.712,0.737,0.783,0.712,0.542,0.593,0.675,0.61,0.442,0.5,0.343,0.466,0.437,0.498,0.494,0.395,0.362,0.199,0.279,0.146,0.111,0.068,0.042
17,5B031FDDX00004,1.307,1.387,0.794,0.691,0.515,0.507,0.507,0.4,0.442,0.439,0.424,0.498,0.501,0.575,0.612,0.699,0.956,1.26,1.233,1.434,1.222,1.505,1.493,1.435,1.254,0.953,0.93,0.815,0.714,0.571,0.503,0.69,0.752,0.644,0.698,0.652,0.904,0.557,0.516,0.317,0.449,0.576,0.565,0.664,0.42,0.417,0.349,0.206,0.221,0.173,0.11,0.074,0.047
18,5B031FDDX00004,1.771,1.392,1.108,0.755,0.65,0.577,0.522,0.49,0.54,0.578,0.508,0.499,0.559,0.738,0.671,0.855,1.053,1.446,1.377,1.344,1.582,1.699,1.439,1.047,0.711,1.0,0.785,0.7,0.671,0.53,0.402,0.524,0.545,0.479,0.451,0.635,0.593,0.467,0.424,0.396,0.455,0.523,0.392,0.567,0.592,0.399,0.233,0.237,0.217,0.154,0.103,0.065,0.038
19,5B031FDDX00004,1.815,1.73,1.135,0.907,0.576,0.582,0.557,0.486,0.527,0.592,0.601,0.458,0.545,0.633,0.558,1.05,1.597,0.941,1.441,0.998,1.238,1.6,1.988,1.18,0.965,0.63,0.918,0.533,0.821,0.631,0.768,0.566,0.828,0.606,0.578,0.781,0.555,0.4,0.499,0.329,0.365,0.487,0.529,0.516,0.965,0.324,0.36,0.216,0.288,0.145,0.097,0.079,0.046
20,5B031FDDX00004,1.619,1.352,1.003,0.78,0.759,0.609,0.563,0.572,0.47,0.394,0.585,0.44,0.516,0.567,0.979,0.841,1.084,1.373,1.141,1.302,2.318,1.301,1.779,1.397,0.936,0.885,0.791,0.534,0.508,0.749,0.536,0.847,0.491,0.447,0.53,0.545,0.672,0.519,0.437,0.445,0.431,0.507,0.535,0.511,0.557,0.493,0.283,0.21,0.276,0.145,0.083,0.064,0.03
21,5B031FDDX00004,1.8,1.372,1.152,0.893,0.568,0.561,0.416,0.419,0.416,0.497,0.439,0.623,0.555,0.65,0.631,0.78,1.526,1.106,1.273,1.397,1.634,1.061,1.656,1.468,0.694,0.939,0.592,0.784,0.484,0.54,0.528,0.645,0.602,0.658,0.577,0.719,0.531,0.658,0.499,0.451,0.47,0.535,0.397,0.591,0.634,0.371,0.414,0.307,0.3,0.16,0.097,0.074,0.036
22,5B031FDDX00004,1.271,1.59,0.89,0.66,0.686,0.465,0.485,0.425,0.463,0.362,0.558,0.599,0.562,0.575,0.741,0.736,0.957,1.086,0.921,1.428,1.284,1.564,1.809,1.101,0.867,0.819,0.927,0.506,0.957,0.578,0.57,0.564,0.695,0.47,0.502,0.672,0.67,0.413,0.528,0.34,0.323,0.649,0.642,0.571,0.569,0.569,0.463,0.218,0.258,0.112,0.11,0.065,0.028
23,5B031FDDX00004,1.529,1.479,1.132,0.689,0.54,0.613,0.663,0.544,0.437,0.44,0.539,0.446,0.566,0.68,0.601,0.697,1.356,1.738,1.673,1.449,1.762,1.885,1.4,1.368,1.029,0.944,0.993,0.498,0.469,0.639,0.615,0.516,0.601,0.773,0.859,0.67,0.648,0.597,0.425,0.366,0.626,0.593,0.57,0.614,0.68,0.354,0.222,0.203,0.224,0.156,0.093,0.07,0.041
24,5B031FDDX00004,1.771,1.428,0.906,0.777,0.832,0.644,0.496,0.462,0.479,0.39,0.452,0.483,0.512,0.678,0.929,1.064,1.392,1.132,1.362,1.822,2.048,1.804,1.553,1.266,0.978,0.828,1.162,0.849,0.435,0.727,0.588,0.573,0.598,0.586,0.452,0.744,0.496,0.494,0.402,0.398,0.43,0.45,0.609,0.288,0.462,0.371,0.33,0.225,0.246,0.126,0.069,0.085,0.048
25,5B031FDDX00004,1.66,1.383,1.277,0.816,0.871,0.59,0.425,0.386,0.506,0.506,0.494,0.462,0.564,0.572,0.461,0.696,0.926,1.24,1.422,1.731,1.743,2.396,1.276,1.705,1.001,0.823,0.653,0.691,0.934,0.551,0.679,0.698,0.562,0.777,0.713,0.797,0.726,0.601,0.353,0.444,0.406,0.586,0.378,0.433,0.334,0.355,0.284,0.221,0.353,0.198,0.101,0.088,0.028
26,5B031FDDX00004,2.085,1.477,1.093,0.885,0.639,0.58,0.514,0.589,0.401,0.453,0.42,0.531,0.577,0.531,0.504,0.919,1.157,0.991,1.457,1.409,1.461,1.969,1.959,1.978,1.285,0.857,1.09,0.626,0.64,0.783,0.581,0.469,0.727,0.522,0.842,0.821,0.67,0.617,0.402,0.385,0.311,0.503,0.296,0.429,0.692,0.338,0.281,0.196,0.336,0.144,0.092,0.08,0.052
27,5B031FDDX00004,1.774,1.463,1.072,0.584,0.661,0.512,0.497,0.479,0.461,0.477,0.523,0.532,0.457,0.548,0.713,0.527,1.795,1.429,1.658,1.532,1.572,1.165,1.079,1.163,1.028,1.003,1.05,0.87,0.885,0.879,0.631,0.622,0.471,0.46,0.681,0.742,0.582,0.554,0.338,0.446,0.399,0.433,0.485,0.574,0.428,0.465,0.278,0.29,0.235,0.094,0.112,0.064,0.059
28,5B031FDDX00004,1.701,1.683,1.268,0.936,0.89,0.509,0.358,0.529,0.476,0.422,0.356,0.48,0.512,0.513,0.553,1.244,0.971,1.308,1.293,1.791,1.535,1.529,1.309,1.251,1.353,0.621,0.728,0.954,1.047,0.782,0.645,0.736,0.587,0.434,0.623,0.816,0.624,0.556,0.441,0.394,0.475,0.505,0.429,0.37,0.465,0.38,0.284,0.163,0.282,0.14,0.089,0.087,0.047
29,5B031FDDX00004,1.673,1.708,0.971,0.729,0.655,0.642,0.432,0.459,0.501,0.485,0.458,0.598,0.623,0.582,0.564,1.021,0.941,1.404,1.602,1.374,1.279,1.856,1.385,1.192,1.127,1.019,0.801,0.736,0.397,0.773,0.482,0.507,0.671,0.552,0.557,0.717,0.558,0.425,0.374,0.434,0.407,0.335,0.389,0.639,0.516,0.303,0.326,0.241,0.267,0.111,0.098,0.075,0.045
30,5B031FDDX00004,1.453,1.413,0.898,0.89,0.714,0.644,0.544,0.551,0.463,0.57,0.551,0.492,0.623,0.777,0.518,0.858,1.523,1.002,1.46,1.617,1.267,1.422,1.514,1.078,0.966,0.891,0.698,0.818,0.558,0.434,0.556,0.516,0.582,0.935,0.819,0.704,0.632,0.502,0.411,0.44,0.436,0.476,0.433,0.457,0.574,0.297,0.314,0.276,0.252,0.132,0.079,0.085,0.041
31,5B031FDDX00004,1.87,1.311,0.832,0.727,0.643,0.659,0.533,0.492,0.407,0.459,0.605,0.483,0.612,0.573,0.469,0.932,1.088,0.967,1.096,1.088,1.737,1.5,1.472,1.128,0.72,0.71,0.955,0.871,0.96,0.537,0.572,0.536,0.69,0.579,0.817,0.79,0.588,0.458,0.398,0.351,0.444,0.444,0.559,0.605,0.728,0.437,0.286,0.236,0.253,0.111,0.08,0.067,0.042
32,5B031FDDX00004,1.588,1.502,0.863,0.799,0.633,0.632,0.402,0.448,0.385,0.47,0.529,0.639,0.541,0.608,0.88,0.84,1.372,0.88,0.865,2.541,2.008,1.591,0.804,1.432,1.464,1.274,0.775,0.759,0.749,0.549,0.528,0.633,0.643,0.579,0.602,0.634,0.797,0.474,0.371,0.324,0.324,0.354,0.475,0.489,0.568,0.356,0.42,0.237,0.246,0.111,0.083,0.064,0.035
33,5B031FDDX00004,1.879,1.228,0.95,0.812,0.455,0.564,0.424,0.474,0.433,0.502,0.534,0.574,0.482,0.539,0.682,0.839,1.074,1.161,1.272,1.17,1.975,1.245,1.717,1.002,0.631,0.987,0.895,0.981,0.604,0.758,0.598,0.581,0.653,0.642,0.613,0.633,0.586,0.403,0.356,0.395,0.315,0.562,0.567,0.469,0.498,0.337,0.404,0.31,0.238,0.144,0.093,0.049,0.037
34,5B031FDDX00004,1.669,1.221,1.174,0.627,0.569,0.571,0.523,0.487,0.526,0.498,0.484,0.56,0.567,0.622,0.604,1.476,1.279,1.293,1.494,1.324,1.614,1.686,1.492,0.974,1.164,1.097,1.194,0.541,0.589,0.67,0.565,0.63,0.656,0.686,0.725,0.785,0.552,0.478,0.444,0.422,0.513,0.512,0.406,0.545,0.596,0.38,0.241,0.207,0.254,0.112,0.079,0.06,0.038
