,0,1,2,3,4,5,6,7,8,9,10,11,12,13,14,15,16,17,18,19,20,21,22,23,24,25,26,27,28,29,30,31,32,33,34,35,36,37,38,39,40,41,42,43,44,45,46,47,48,49,50,51,52,53,54,55,56,57,58,59,60,61,62,63,64,65,66,67,68,69,70,71,72,73,74,75,76,77,78,79,80,81,82,83,84,85,86,87,88,89,90,91,92,93,94,95,96,97,98,99,100,101,102,103,104,105,106,107,108,109,110,111,112,113,114,115,116,117,118,119,120,121,122,123,124,125,126,127,128,129,130,131,132,133,134
1199,43.855,44.638,44.496,42.812,44.478,42.913,44.281,43.713,43.295,47.413,46.432,46.449,45.91,46.476,44.718,46.062,47.733,46.368,41.656,41.752,41.615,41.033,41.984,42.522,41.299,41.779,42.209,45.265,45.63,46.149,44.673,44.501,45.107,45.923,43.969,43.185,44.209,43.293,44.786,44.115,42.998,44.306,44.078,44.506,43.459,41.106,40.871,40.957,41.731,40.434,41.114,41.341,40.81,40.61,43.364,44.342,43.233,43.593,43.438,42.799,42.9,44.256,41.827,41.138,40.153,40.712,40.026,39.682,39.799,40.142,40.255,38.378,43.321,42.403,42.571,40.663,41.682,41.935,41.362,41.096,41.014,40.352,41.432,40.906,41.151,41.173,40.3,39.541,41.422,40.489,42.578,42.434,43.052,43.071,45.074,43.506,44.22,44.791,41.907,46.309,47.17,45.472,47.746,46.318,45.268,44.872,45.68,46.941,42.479,41.27,43.14,41.508,41.392,40.947,42.739,42.108,43.179,43.59,44.868,44.224,44.49,45.985,44.753,44.994,45.717,42.196,44.408,42.961,43.385,44.109,41.426,43.848,44.962,43.443,43.962
1200,43.286,44.293,43.788,44.258,44.676,43.613,43.655,44.453,45.245,46.895,47.082,47.175,46.046,45.385,46.992,46.002,46.622,46.329,42.861,43.269,41.855,42.036,42.956,41.756,42.506,42.243,42.636,46.256,44.682,44.048,45.056,44.765,45.272,45.774,45.231,45.263,44.778,43.854,43.709,44.038,43.955,44.708,44.324,45.111,43.873,41.411,42.132,40.521,41.156,40.305,41.823,40.754,39.885,40.513,44.65,43.951,43.867,43.977,43.815,43.892,43.938,43.517,44.064,41.469,41.23,40.35,41.842,40.91,40.09,40.689,40.286,41.122,43.468,42.355,42.655,41.872,42.954,41.33,43.499,42.143,42.32,41.088,40.651,40.771,40.098,40.352,41.494,40.363,41.166,41.66,45.856,44.039,45.312,44.187,44.315,45.457,43.51,43.369,44.545,47.356,47.608,46.413,47.725,45.35,46.26,46.579,46.213,46.613,42.734,42.818,43.694,42.836,41.905,42.267,43.321,43.242,42.869,44.758,44.346,44.131,44.846,44.519,45.528,43.598,44.444,44.017,44.379,44.114,43.952,44.474,43.571,43.776,44.814,44.082,43.908
1201,45.546,46.514,45.56,44.587,45.36,45.433,45.025,45.079,45.543,48.322,48.398,47.979,47.497,46.871,48.019,46.513,47.864,47.64,44.001,42.664,44.16,43.725,43.24,43.211,43.953,43.737,42.481,47.176,47.162,45.953,45.805,46.382,45.976,45.874,46.884,46.438,45.121,46.015,45.293,46.063,44.906,45.442,46.343,44.975,43.802,42.292,41.621,42.861,41.713,42.245,42.259,41.72,41.453,41.98,45.055,45.365,44.933,45.193,45.172,44.295,43.334,45.142,45.386,41.81,41.605,41.441,41.676,41.195,41.209,41.524,42.274,41.677,43.513,43.867,43.52,43.695,42.253,43.456,43.201,42.23,42.817,42.327,42.275,42.812,42.176,42.021,41.965,42.294,41.937,41.77,45.813,45.937,45.977,45.106,46.001,44.539,44.9,44.224,45.644,47.801,47.627,47.877,47.873,47.325,47.409,46.397,46.594,47.318,44.024,42.446,44.035,43.147,43.806,44.277,43.531,43.845,43.545,46.144,46.438,46.599,46.147,45.467,44.877,46.745,45.376,46.104,47.381,45.983,45.223,45.888,44.627,45.594,45.098,44.554,45.649
1202,45.685,45.618,45.252,45.891,45.021,45.563,45.539,45.553,45.408,49.228,49.493,48.405,49.112,48.164,48.987,49.451,49.047,48.52,43.762,43.779,43.821,44.496,43.735,43.943,44.779,44.656,44.213,47.253,47.73,47.512,47.871,48.082,47.437,47.362,47.275,47.212,47.078,46.503,46.119,45.838,45.989,46.701,45.668,46.165,45.837,42.872,42.918,42.854,42.657,43.381,43.587,43.268,43.658,42.806,46.436,46.003,46.884,45.829,46.297,45.649,46.095,45.722,45.687,43.113,43.179,42.4,42.953,42.612,42.905,42.203,42.292,43.413,44.046,44.837,44.424,45.194,44.825,44.499,44.81,44.903,44.127,43.821,43.793,43.387,43.076,43.853,44.218,44.899,43.228,43.722,47.366,46.3,46.55,46.807,45.295,45.781,45.805,45.836,45.653,49.119,49.481,48.592,48.823,49.293,48.701,49.461,48.887,48.672,45.55,44.389,44.241,43.806,45.018,44.472,44.703,44.769,44.007,46.429,48.101,46.937,47.137,46.54,47.67,46.428,47.636,46.268,47.831,46.448,45.722,46.171,46.4,46.591,47.155,45.933,46.916
1203,46.87,47.188,46.994,47.22,47.297,47.722,47.055,46.665,47.422,50.245,50.569,50.611,50.329,50.08,50.434,50.325,50.839,50.636,45.908,45.866,45.68,45.442,45.78,45.34,45.433,45.761,45.69,49.099,49.275,47.857,49.504,48.87,48.599,48.316,48.898,49.579,47.89,47.528,47.056,47.065,47.171,48.085,46.388,47.439,47.491,44.648,43.98,44.809,44.639,44.741,44.695,43.773,44.545,45.098,48.535,47.645,48.175,47.866,47.153,47.544,47.412,46.542,47.827,44.042,44.342,44.34,43.993,44.186,43.471,44.133,43.326,43.668,46.65,46.08,45.738,45.808,45.854,46.397,46.073,45.542,45.825,45.251,45.249,44.467,44.592,44.079,44.601,44.66,44.987,45.193,48.1,47.138,47.998,47.635,47.014,47.581,47.567,47.38,47.699,51.537,51.292,50.5,50.021,50.081,49.833,51.023,50.189,50.123,45.659,46.127,45.855,45.253,46.084,46.121,45.568,45.687,46.093,48.576,48.733,47.486,48.228,48.3,48.172,48.256,48.25,49.121,48.498,47.702,47.923,47.512,47.352,47.827,48.194,48.42,48.17
1204,49.613,49.275,49.484,48.811,49.056,48.991,48.712,48.774,48.277,52.435,52.197,52.106,51.833,51.941,51.911,51.692,51.556,51.669,46.77,45.999,46.397,46.126,47.133,47.371,47.323,46.928,47.624,50.729,50.054,50.323,50.362,50.004,50.559,50.857,49.705,50.494,49.059,49.13,49.584,49.28,49.193,48.33,48.886,48.721,48.881,46.831,46.523,46.731,46.545,46.545,46.739,46.588,46.747,46.055,49.341,49.628,49.285,49.446,48.514,49.485,48.982,49.282,48.698,45.5,45.89,45.875,45.487,45.569,45.764,45.081,44.849,45.865,48.301,47.723,48.014,47.591,47.628,46.947,47.762,47.743,47.976,46.665,46.602,45.882,46.125,46.865,46.346,45.369,46.42,46.911,49.444,49.286,49.121,49.11,49.919,48.491,48.971,48.915,48.104,52.614,51.963,51.956,52.214,51.747,50.913,52.039,52.313,51.992,47.875,46.887,47.247,47.785,47.354,46.638,46.781,46.316,46.983,50.648,50.508,50.024,49.869,50.643,50.175,48.803,50.456,50.063,49.779,49.271,48.735,49.147,49.111,49.116,48.417,49.653,48.958
1205,51.198,51.4,51.514,51.119,50.64,50.858,50.505,50.51,50.61,53.359,53.955,54.448,53.748,54.079,53.45,53.666,53.981,54.038,48.808,48.489,48.302,48.816,49.089,48.954,49.588,48.521,49.745,52.51,52.408,52.691,51.992,51.626,52.851,51.607,51.921,52.325,50.564,50.007,51.031,50.81,51.672,50.289,50.634,50.962,49.859,47.377,48.074,48.045,47.25,47.392,47.866,48.403,48.208,48.148,51.11,51.013,50.811,50.223,50.279,50.534,50.555,50.562,50.856,47.332,47.23,47.309,46.73,47.563,46.66,47.275,46.828,46.527,50.266,50.002,49.943,49.563,48.864,49.435,49.361,49.604,49.521,47.938,48.019,47.36,47.683,48.165,47.73,48.141,47.461,47.124,51.196,51.368,51.574,51.276,50.002,50.977,51.584,51.653,51.352,53.675,53.779,53.435,53.266,53.614,53.451,53.15,53.472,54.219,48.783,48.207,48.759,48.797,48.711,47.944,48.107,48.084,48.522,51.721,52.091,51.69,51.802,52.272,51.678,52.071,51.266,52.547,50.993,50.703,51.0,50.73,50.261,50.86,51.103,51.086,50.445
1206,52.99,52.962,52.974,53.333,53.27,53.293,53.242,52.925,53.259,56.485,56.104,55.811,56.068,56.123,56.326,56.55,55.928,55.497,50.888,50.916,51.158,51.214,50.654,51.283,51.983,51.937,51.585,55.057,55.288,54.607,54.878,54.471,55.025,55.265,55.124,54.286,53.428,53.089,52.538,52.699,52.74,52.9,52.883,52.84,52.68,49.706,49.663,49.746,49.987,49.915,49.959,49.765,50.025,50.204,53.035,52.909,52.907,52.677,52.885,52.058,52.921,52.426,52.363,49.424,49.494,49.017,48.732,49.303,49.255,48.925,48.943,48.772,52.139,52.049,52.127,51.462,51.605,51.626,51.675,51.289,52.009,49.331,49.429,49.286,49.597,49.868,49.797,49.971,49.547,49.544,54.152,52.437,52.783,53.141,53.184,52.54,52.902,52.617,52.257,52.836,53.287,53.421,53.246,53.544,54.425,53.961,54.01,53.604,50.189,50.001,50.58,50.96,50.473,50.282,50.924,51.034,50.493,53.168,53.325,53.754,53.346,52.99,53.76,53.429,53.593,53.165,52.267,52.289,51.42,51.361,52.284,52.234,52.339,51.459,51.501
1207,55.597,55.284,55.832,55.288,55.665,55.749,55.063,55.631,54.968,58.954,59.038,59.62,58.926,59.283,59.14,58.769,58.971,59.645,52.987,53.111,53.114,53.434,53.804,53.873,53.39,53.24,53.874,57.509,57.232,58.279,57.509,57.432,57.82,57.876,57.763,57.992,55.213,55.408,55.741,54.59,55.3,54.609,55.494,55.12,55.091,53.271,52.782,52.866,52.535,53.252,53.227,53.025,52.859,53.13,56.089,56.067,55.923,55.66,55.817,55.927,56.08,55.742,56.26,51.855,51.741,51.278,51.733,51.281,51.734,52.056,51.285,51.527,54.991,54.659,54.549,54.594,54.492,54.832,54.568,54.427,54.398,52.345,52.093,51.723,52.343,52.138,52.367,52.394,52.214,52.488,54.425,54.329,55.778,55.08,55.143,55.675,55.721,54.885,55.912,54.235,54.488,54.523,54.057,54.457,54.8,55.066,55.228,54.652,53.119,52.865,53.221,53.225,52.952,53.082,53.447,53.769,53.098,56.364,57.263,56.711,57.089,56.498,56.192,56.885,56.216,56.528,52.287,52.696,52.318,51.755,52.676,52.509,51.762,52.514,52.316
1208,58.186,58.104,57.926,57.76,58.112,58.113,58.152,57.947,58.597,61.048,61.228,61.383,61.179,61.604,60.786,61.402,61.215,61.272,55.946,55.83,55.594,55.808,56.051,55.903,56.287,56.543,55.938,59.965,60.449,60.398,60.243,60.571,60.135,60.437,60.418,60.298,58.155,57.938,58.172,57.498,58.053,57.845,57.478,57.758,58.226,55.452,55.415,55.74,55.635,56.045,55.866,55.547,55.565,56.056,59.255,58.049,58.462,58.52,58.292,58.44,58.204,58.344,58.396,55.202,54.646,54.729,54.653,54.367,54.364,54.7,54.422,54.73,57.918,57.412,57.323,57.299,57.568,57.438,57.424,57.47,57.414,55.321,55.249,55.556,55.619,55.165,55.246,55.391,55.37,55.538,54.792,55.396,55.461,55.702,55.604,55.591,55.721,55.798,56.204,55.644,55.617,55.718,55.333,55.681,56.11,55.646,56.078,55.522,56.217,56.201,56.138,56.24,55.966,56.428,56.116,56.856,56.422,59.308,59.911,59.753,59.652,59.878,59.694,59.865,60.12,60.019,53.41,53.463,52.719,53.266,53.406,53.908,53.631,53.013,53.189
1209,61.194,61.685,61.201,60.656,61.433,61.186,60.909,60.778,61.015,63.788,63.735,63.362,63.612,63.556,63.421,63.746,63.127,63.382,57.698,58.221,58.198,58.51,58.649,58.37,58.771,58.578,58.217,63.928,63.817,63.021,62.98,62.976,63.361,63.363,63.288,62.737,60.519,60.766,60.784,60.642,60.866,60.523,60.734,60.847,60.307,59.054,58.815,58.755,58.807,58.587,58.527,58.11,58.197,58.759,60.868,61.129,60.523,60.635,61.105,60.813,60.862,60.621,61.151,56.845,57.056,57.312,57.035,57.211,57.055,57.396,56.825,57.043,60.472,59.919,59.503,59.937,59.865,59.873,60.138,59.642,59.811,57.752,57.812,57.81,57.917,57.674,57.641,57.684,58.006,57.872,55.197,55.173,55.757,55.482,55.611,56.098,56.006,55.726,55.884,56.484,56.182,57.094,56.775,56.4,56.952,56.82,56.902,56.903,58.804,59.097,58.727,58.668,59.164,58.556,58.866,59.235,58.555,62.777,62.828,63.089,62.464,62.241,63.066,62.754,62.238,63.231,54.376,54.344,54.715,54.389,53.873,54.538,54.315,54.518,54.129
1210,63.953,64.243,63.886,63.829,64.463,63.585,63.972,63.91,63.879,66.558,65.216,65.662,65.215,65.006,65.484,65.528,65.02,65.065,60.234,60.468,60.571,60.723,61.191,60.951,60.787,60.806,60.439,65.745,65.328,65.403,65.585,65.569,65.67,64.863,65.139,65.329,62.56,63.029,62.841,62.902,62.656,63.123,63.156,62.514,63.421,60.951,61.01,61.681,60.459,60.997,60.853,61.166,60.944,61.078,63.508,63.229,63.735,63.281,63.563,63.542,62.744,63.54,63.552,59.518,59.397,59.645,59.448,59.301,59.184,59.076,59.23,59.146,62.474,62.271,62.557,62.662,61.963,62.315,62.364,62.694,62.131,60.515,60.584,60.374,60.61,60.152,60.612,60.082,60.379,60.215,56.35,56.417,56.378,57.623,56.854,56.733,56.915,56.832,56.982,58.958,59.121,58.879,59.405,59.024,59.239,58.516,59.238,59.914,61.147,61.393,61.14,61.191,61.091,60.97,61.472,61.3,60.675,64.792,66.019,65.814,64.883,65.526,65.641,64.961,64.892,65.363,56.324,56.723,56.684,56.253,56.765,56.969,56.601,56.693,56.414
1211,65.732,65.074,65.431,65.2,65.586,64.66,65.137,64.863,65.704,66.462,66.838,67.004,66.981,66.998,66.62,67.184,67.161,66.99,62.265,62.098,62.293,62.226,62.865,62.505,62.405,63.279,62.734,66.922,66.915,67.102,66.824,67.091,67.263,66.864,66.481,66.468,63.953,64.512,64.59,64.325,64.655,64.167,64.258,64.608,64.57,63.355,63.333,63.233,63.3,63.203,63.382,63.607,63.787,63.271,66.593,65.824,66.456,66.321,66.234,66.215,66.146,66.112,65.594,62.43,62.461,61.668,61.468,62.07,62.194,61.911,61.991,61.927,66.042,65.62,65.541,65.653,65.909,65.448,65.902,65.635,65.393,63.226,62.449,62.554,63.24,62.948,63.08,62.542,62.933,62.699,59.98,59.503,59.495,59.224,60.026,59.656,59.152,59.486,59.564,62.089,62.053,61.727,62.086,62.436,62.209,62.731,62.411,62.437,62.136,62.236,61.807,61.779,62.206,62.127,61.88,62.453,62.457,67.133,67.479,66.749,67.272,66.977,68.243,67.259,67.167,67.186,60.266,59.888,58.971,59.049,59.16,59.744,59.841,59.628,59.644
1212,68.901,68.852,68.928,68.873,68.743,69.056,68.903,68.909,68.886,70.025,70.348,70.102,69.811,70.289,70.073,70.084,70.366,69.378,63.95,64.063,64.562,64.328,64.565,64.802,64.824,65.174,64.783,70.434,70.004,70.343,70.172,70.041,70.569,70.533,70.352,70.194,68.489,68.536,68.009,67.617,67.673,68.342,67.556,68.398,68.342,66.083,66.013,66.329,66.532,67.049,66.64,66.964,66.977,66.662,69.831,69.77,69.879,69.873,69.977,70.075,70.083,70.208,69.771,65.371,65.393,65.105,65.417,65.235,64.969,65.584,65.457,65.577,69.273,69.26,69.372,68.845,69.055,68.966,68.726,69.235,69.162,66.675,66.553,66.131,66.352,66.746,66.649,66.878,66.693,66.604,62.762,63.007,63.522,62.969,62.496,62.769,62.669,62.818,63.021,65.521,65.86,65.703,65.589,65.511,64.742,65.627,64.918,64.853,66.335,66.242,66.136,66.01,66.916,66.495,66.479,65.909,66.542,72.04,72.297,71.399,72.593,71.757,72.18,72.909,72.185,71.478,63.327,62.225,62.989,62.486,62.842,62.683,62.793,63.499,62.892
1213,70.679,70.425,70.817,70.798,70.838,70.839,70.947,70.779,71.164,71.263,71.931,71.96,71.975,71.657,72.243,71.803,71.556,73.358,66.443,66.665,66.674,66.849,67.177,67.016,67.011,67.098,66.706,72.49,72.123,72.123,72.26,72.521,72.461,72.315,71.973,72.391,69.835,70.01,70.067,70.095,69.905,70.36,70.071,70.26,70.218,70.382,70.32,70.433,70.64,70.094,70.527,71.339,70.581,70.178,73.667,74.0,74.21,73.866,73.943,73.708,73.708,73.865,73.466,69.681,69.046,68.814,68.634,69.038,68.185,68.663,68.46,68.521,71.958,71.969,71.769,71.814,71.856,71.998,71.849,71.999,71.864,70.577,70.181,70.073,70.208,70.865,71.037,71.027,70.482,70.489,64.394,64.5,64.59,64.647,63.984,64.623,64.598,64.597,64.485,67.345,67.297,67.77,67.42,66.998,67.303,67.528,67.385,66.738,67.427,67.344,66.852,67.469,68.037,67.864,67.892,67.564,67.587,74.199,74.252,73.13,74.064,74.103,74.468,74.568,73.721,74.211,65.409,64.844,65.222,64.657,64.752,65.09,64.671,64.503,64.943
1214,74.396,74.536,74.335,74.49,74.531,74.533,74.42,74.461,74.38,74.354,74.261,74.084,74.724,74.304,74.058,74.812,74.809,74.233,70.105,69.83,69.84,69.899,70.397,69.825,70.046,70.223,69.964,75.747,75.452,75.941,75.326,76.027,76.224,76.071,76.002,76.002,72.62,72.994,72.859,72.148,73.39,72.578,73.102,73.27,72.976,69.633,69.902,69.706,69.2,69.905,70.384,70.007,70.113,70.371,72.067,72.688,72.54,72.341,72.938,72.91,72.722,72.63,72.553,67.717,67.916,67.182,67.395,67.196,66.783,67.236,67.232,66.85,71.543,71.654,71.957,72.119,71.631,71.788,71.823,71.69,71.148,69.329,69.418,70.485,69.731,70.025,70.323,70.749,70.335,70.494,68.046,68.555,68.073,68.289,67.972,68.006,68.089,68.239,68.565,70.586,70.931,71.436,70.237,70.653,70.454,71.2,70.536,71.697,68.393,68.246,68.351,68.352,69.311,69.573,69.162,69.177,69.594,74.493,74.677,73.92,73.736,74.232,74.933,74.442,75.495,74.777,68.092,68.203,68.169,68.439,67.657,67.929,67.759,68.156,68.111
1215,75.333,75.532,75.229,75.416,75.608,75.673,75.781,75.907,75.62,74.463,74.622,74.399,74.177,74.286,74.581,75.102,74.525,74.374,70.744,70.919,70.788,70.479,70.607,70.247,70.408,71.063,70.472,76.219,76.668,76.391,76.658,76.908,76.546,76.488,76.492,76.598,74.176,74.84,73.883,73.858,73.873,73.959,74.23,74.041,74.195,70.446,70.255,70.639,70.91,70.778,70.441,70.528,70.726,70.611,71.849,72.107,72.629,72.312,71.88,72.401,71.704,72.531,71.852,68.625,68.716,68.649,68.87,69.044,68.996,68.648,68.615,69.412,73.73,74.279,73.7,74.037,73.396,73.866,73.894,73.459,73.769,70.835,71.081,70.774,70.888,71.028,70.689,70.698,70.654,70.713,68.486,68.927,68.687,68.912,68.644,68.704,68.56,68.816,68.349,71.246,71.813,70.889,70.663,71.376,70.847,70.753,71.867,70.639,66.499,66.781,66.573,66.7,65.579,66.148,66.039,65.718,65.533,70.293,69.957,69.784,70.542,69.42,69.537,70.008,70.521,70.22,68.469,68.874,68.742,68.402,68.312,68.168,68.127,68.643,67.982
1216,73.516,74.016,73.362,73.757,73.273,73.538,74.186,73.975,73.931,72.94,73.07,73.267,72.878,72.919,72.579,73.258,72.878,72.735,71.196,70.744,71.102,70.425,70.834,70.628,70.794,70.687,70.673,75.094,75.219,75.615,75.799,75.52,74.913,75.715,75.383,75.671,72.562,72.723,72.624,72.708,72.431,73.032,72.681,72.741,72.81,73.772,74.03,74.561,73.862,73.994,73.311,73.889,74.023,73.875,73.757,74.171,73.727,74.051,73.405,73.598,74.435,73.459,74.376,71.81,71.789,71.769,71.388,71.196,71.449,72.334,71.745,71.277,75.758,76.002,76.397,76.328,76.539,75.68,75.945,75.996,75.714,73.228,73.349,73.1,72.639,73.783,73.777,73.242,72.871,72.948,73.25,72.528,73.018,73.381,73.161,72.668,73.549,73.255,73.525,73.322,73.369,73.667,73.621,74.006,73.576,73.881,73.058,73.85,71.449,71.485,71.149,71.824,71.478,71.685,71.481,71.713,71.861,75.528,75.566,76.277,76.065,75.111,76.364,75.772,77.096,75.322,72.502,71.875,71.191,72.118,72.008,71.701,72.166,72.565,71.854
1217,74.642,74.757,74.308,74.597,74.737,74.534,74.677,74.61,74.474,72.18,72.316,72.985,73.056,72.757,72.59,72.479,72.946,72.72,70.423,70.645,70.352,70.138,70.564,70.969,70.494,70.389,70.893,74.497,75.27,74.867,75.05,75.08,74.453,74.942,75.251,74.527,71.812,72.988,72.253,72.076,72.376,71.779,72.663,72.924,72.836,72.738,73.005,73.198,72.86,73.342,72.945,73.585,73.23,72.804,72.108,72.045,72.169,71.89,72.681,72.278,71.837,71.768,71.926,70.528,71.085,71.442,71.176,70.919,70.768,71.49,71.859,71.278,75.385,74.644,75.337,74.619,74.82,75.24,74.952,74.645,75.227,71.441,72.747,72.152,71.579,71.889,71.748,71.285,72.063,72.526,73.268,73.05,73.783,72.83,74.163,73.171,74.054,73.607,73.622,73.67,72.785,73.335,73.369,72.812,72.522,73.362,73.383,73.022,72.926,72.643,73.095,72.588,72.714,72.841,72.705,72.85,72.406,77.004,77.135,77.059,76.886,76.537,77.291,77.73,77.252,77.461,71.794,71.591,72.002,70.629,71.632,71.913,72.131,71.437,72.587
1218,69.621,69.73,69.95,69.229,69.74,70.323,69.653,70.436,69.522,66.835,66.961,67.172,66.916,66.908,67.098,66.958,67.426,66.853,64.393,64.099,64.264,63.761,64.667,64.751,64.917,64.973,64.676,70.11,70.028,70.116,69.728,69.547,70.073,70.229,69.894,69.962,68.251,67.337,67.872,67.979,68.185,67.84,67.758,68.027,67.959,68.167,68.571,68.097,68.243,67.653,68.827,68.176,68.203,68.063,68.253,67.057,67.914,67.363,67.313,67.6,67.194,67.03,67.532,67.868,67.532,67.14,67.644,68.204,67.508,67.217,67.564,67.918,71.153,70.91,70.995,70.744,70.422,70.221,70.864,70.222,70.46,68.006,68.237,67.426,67.384,67.619,67.52,67.939,67.618,67.03,66.486,66.156,67.025,66.681,66.238,66.18,66.315,66.855,65.957,64.32,65.037,64.086,64.823,64.683,64.821,65.499,64.405,65.051,67.283,67.533,66.685,66.976,66.001,66.109,65.597,65.796,65.498,69.868,70.096,69.244,69.679,69.106,69.433,69.46,69.603,69.083,64.736,65.121,65.345,64.288,65.024,64.744,64.635,64.523,64.963
1219,64.903,64.456,64.344,64.245,64.554,64.492,64.403,64.249,64.555,62.265,62.261,62.002,62.631,62.643,62.149,62.022,62.418,62.675,59.656,60.006,59.861,59.806,59.913,60.105,59.769,60.619,60.308,66.007,65.173,65.209,65.369,65.048,64.879,64.873,64.537,65.134,62.544,62.373,62.422,62.587,62.805,63.138,61.819,63.11,62.593,63.916,64.276,64.321,64.024,64.302,64.184,64.107,64.493,64.329,63.946,63.209,63.567,64.037,63.454,63.121,63.548,63.44,63.446,63.33,62.493,63.156,63.226,63.199,63.593,63.367,63.181,63.42,66.563,66.07,66.719,65.732,65.919,65.874,65.712,65.783,66.084,63.025,62.34,62.684,62.122,62.951,62.716,63.684,63.4,62.842,64.767,64.437,64.117,64.426,64.151,64.485,64.499,64.842,64.273,62.113,61.5,61.351,62.125,62.143,61.319,62.591,61.46,61.782,62.864,63.085,63.223,62.976,61.631,61.376,60.511,60.541,60.818,64.367,64.528,63.981,64.065,63.849,64.521,63.682,63.801,64.438,61.723,62.124,62.699,62.353,61.722,62.496,61.783,61.534,61.229
1220,58.832,58.561,58.478,58.429,58.59,58.489,58.612,58.891,58.524,57.714,56.795,56.612,56.582,57.074,57.607,57.441,57.03,57.342,54.527,54.777,54.79,54.448,54.691,54.851,55.001,54.976,55.177,59.234,58.841,59.398,58.868,59.264,59.483,59.298,59.158,58.989,57.19,57.793,57.756,56.551,56.926,56.81,56.933,56.634,56.934,58.501,58.709,58.348,57.938,58.065,58.273,57.882,58.478,57.656,58.611,57.57,57.345,57.531,57.54,57.374,57.173,57.18,57.133,56.588,56.303,55.948,55.826,55.916,56.432,56.138,56.463,55.977,59.911,59.924,59.51,59.495,59.32,59.466,58.529,59.168,59.244,56.686,56.517,56.412,56.162,57.103,56.401,56.787,56.293,56.685,59.14,59.205,58.432,59.065,59.283,59.643,59.271,59.014,59.19,55.96,56.374,56.24,56.148,56.806,56.455,55.594,56.373,56.257,55.598,55.571,56.192,55.467,55.963,56.544,56.33,56.726,56.875,58.842,59.653,60.317,59.699,59.63,59.402,59.249,60.457,59.598,56.667,57.313,56.443,56.701,56.646,56.593,56.913,57.274,57.431
1221,54.57,53.881,54.408,54.129,54.285,54.509,54.61,54.307,54.261,52.941,53.154,53.027,52.69,52.544,52.788,52.293,52.354,52.656,50.292,50.438,50.416,50.36,50.529,50.567,50.191,50.821,50.763,54.613,54.407,54.871,54.861,54.639,54.704,54.822,54.756,54.739,52.699,52.567,52.89,52.943,52.869,52.566,52.811,52.25,52.906,53.766,53.671,53.641,52.711,53.405,53.572,54.011,53.237,53.753,53.434,52.846,52.37,52.601,52.517,51.928,52.49,52.2,52.241,51.644,51.323,51.163,51.368,51.519,51.126,50.69,51.109,51.539,54.569,54.703,54.357,54.026,54.054,54.946,54.326,54.062,53.782,51.754,52.093,51.941,51.434,51.568,51.685,51.646,51.916,51.963,54.367,54.43,54.059,54.768,54.12,53.747,54.689,53.846,54.213,52.233,51.365,51.256,51.09,52.136,51.249,51.514,51.494,51.204,50.83,50.721,50.64,51.07,51.498,52.04,51.416,51.746,51.379,55.245,55.54,55.171,55.53,55.374,55.484,55.079,54.9,55.616,52.584,52.292,52.44,52.115,52.445,52.154,52.486,52.045,52.229
1222,50.447,50.353,49.979,50.056,50.113,49.941,49.805,50.224,49.615,48.563,48.386,48.425,49.012,48.18,49.274,48.525,48.596,48.515,46.326,45.478,45.71,45.605,46.005,46.07,46.017,46.044,46.231,50.172,50.716,50.554,50.557,50.487,50.582,50.02,50.097,50.506,48.49,48.472,48.139,48.187,48.408,48.447,48.039,48.521,48.358,49.71,49.262,49.391,49.084,48.791,48.737,48.229,49.049,48.863,48.395,48.158,48.141,47.608,47.816,47.392,48.023,47.924,47.584,47.312,46.535,46.185,46.811,46.677,46.908,46.628,46.876,46.6,50.233,49.373,49.691,49.504,49.747,49.346,50.086,49.808,49.441,47.949,47.684,47.561,47.512,47.356,47.761,47.73,47.667,47.702,48.987,48.958,48.573,48.481,48.766,48.348,48.606,48.559,48.554,46.556,46.253,46.459,46.343,46.477,46.389,47.092,46.4,46.279,45.997,46.005,45.798,46.022,45.847,46.708,45.951,46.641,46.615,50.417,50.354,50.063,50.425,49.363,50.27,49.46,50.334,49.675,47.145,47.051,47.414,46.99,46.837,46.643,46.553,47.051,47.029
1223,43.125,43.036,42.832,42.528,42.737,42.561,42.81,42.695,42.826,41.187,41.31,41.837,41.725,41.781,41.445,41.333,41.327,41.423,38.203,38.339,38.491,38.412,38.578,38.532,39.033,38.965,39.353,43.222,42.623,43.024,42.883,42.561,42.763,42.811,42.477,43.092,42.382,41.376,41.52,41.37,42.118,41.063,41.196,41.466,42.035,42.224,42.067,42.287,41.736,41.86,41.978,41.96,42.036,41.776,41.934,40.944,40.99,41.29,40.926,40.797,40.835,41.434,41.193,39.438,39.671,39.509,39.483,39.511,39.547,39.072,39.367,39.588,42.356,41.912,42.454,42.061,42.172,42.106,41.986,41.97,41.742,41.382,40.971,41.049,40.899,40.802,41.072,41.075,40.88,41.352,40.984,41.021,40.963,40.827,40.87,41.493,41.065,40.653,40.775,39.199,39.432,39.437,39.74,39.143,39.245,39.8,39.514,39.16,38.33,38.446,38.065,38.013,38.31,38.324,38.196,38.982,38.223,42.495,42.847,41.711,42.205,41.997,41.648,41.617,41.988,41.625,39.697,39.469,39.45,39.731,40.883,40.08,39.202,39.574,39.581
1224,35.261,35.453,35.475,35.803,35.693,35.489,35.941,35.731,35.4,34.964,35.189,34.73,34.599,34.949,34.819,35.117,35.048,34.954,30.877,30.619,30.664,30.833,31.425,30.88,30.948,31.433,31.579,35.064,34.621,34.859,34.769,35.106,34.819,34.832,35.164,34.928,34.62,34.513,34.272,34.618,34.572,35.111,34.527,34.95,35.036,35.335,34.872,34.644,34.799,34.863,35.108,34.746,34.659,34.62,35.431,34.625,34.612,34.389,34.281,34.836,34.504,33.836,34.143,32.025,32.001,31.924,32.238,32.175,31.86,32.27,32.369,32.386,34.985,34.574,34.439,34.402,34.403,34.119,34.63,34.404,34.011,34.033,34.516,34.236,34.148,33.939,34.519,34.68,34.337,34.134,34.035,34.047,33.835,34.049,33.934,33.614,33.85,33.647,34.046,34.157,34.168,33.844,33.673,33.638,33.673,33.884,33.351,33.45,31.107,30.633,30.805,30.945,30.965,30.995,30.908,31.219,30.92,34.378,34.78,34.314,34.516,34.83,34.184,34.268,33.857,33.61,33.332,33.637,33.144,33.189,33.04,33.725,32.928,33.364,33.876
1225,30.083,30.269,29.982,29.961,30.161,30.11,30.145,29.987,29.977,29.928,29.899,29.664,30.278,29.728,30.216,30.108,29.98,30.182,25.007,24.943,25.202,25.302,25.685,25.448,25.461,25.718,25.629,29.329,29.003,28.835,29.239,29.129,28.995,29.32,29.046,28.653,29.665,29.932,29.524,30.028,29.849,29.398,29.448,29.786,29.432,29.605,29.578,29.449,29.507,29.445,29.474,29.478,29.4,29.84,30.181,29.604,29.725,29.556,29.989,29.636,29.526,29.872,29.66,26.508,26.362,26.644,26.354,26.49,26.407,26.422,26.337,26.405,29.373,29.066,28.713,28.812,28.715,28.875,28.953,28.695,28.794,29.806,29.456,29.269,29.184,29.286,29.615,29.52,29.091,29.243,28.858,28.791,28.924,29.122,28.331,28.581,28.543,28.595,28.659,30.161,30.174,29.832,29.263,29.626,29.82,29.499,29.381,29.506,25.853,25.419,25.504,25.608,25.382,25.945,25.589,25.652,25.692,28.744,29.154,29.0,29.105,28.659,28.739,28.63,28.817,28.542,29.584,28.97,29.067,29.004,29.119,28.794,29.02,28.971,29.264
1226,25.933,26.092,25.911,25.933,25.9,26.047,26.187,26.229,26.211,26.261,26.097,25.689,26.088,26.081,26.162,26.182,25.681,26.087,21.48,21.22,21.208,21.353,21.601,21.669,21.783,21.805,22.17,24.77,24.914,25.261,24.811,24.768,25.109,25.035,24.723,25.069,25.698,25.687,25.658,25.729,25.565,25.698,25.657,25.707,25.641,25.876,26.006,25.811,25.664,25.664,25.829,25.75,25.825,25.774,26.641,26.644,26.31,26.183,26.168,26.296,26.026,26.012,26.394,22.877,22.816,22.589,22.37,22.71,22.474,22.321,22.654,22.564,25.098,24.932,24.87,24.852,25.127,24.848,24.97,25.045,24.955,25.707,26.04,25.392,25.64,25.87,25.762,25.726,25.483,25.329,26.059,25.737,25.429,25.734,25.567,25.749,25.934,25.71,25.886,28.341,27.496,28.162,27.693,27.382,27.427,27.134,26.774,27.312,22.023,21.669,21.775,21.887,22.233,21.816,21.85,21.978,22.188,25.037,25.616,25.354,24.992,25.717,25.494,24.801,25.016,24.444,27.008,26.195,26.696,26.149,26.218,26.801,26.607,26.432,26.498
1227,23.295,22.985,23.012,23.065,23.246,23.272,23.245,23.191,23.127,22.896,22.883,23.101,23.594,22.767,23.058,22.979,23.251,22.962,18.695,18.463,18.624,18.458,18.946,18.66,18.89,18.999,18.972,21.971,21.65,21.986,21.85,21.67,21.807,21.69,21.734,21.97,22.928,22.84,22.555,22.772,22.958,22.723,22.665,22.668,22.49,23.095,22.695,23.097,22.738,22.808,22.766,22.91,22.588,22.725,23.438,23.524,23.39,23.129,23.576,23.353,23.34,23.493,23.395,19.74,19.755,19.638,19.57,19.684,19.769,19.577,19.601,19.891,22.411,22.015,22.012,21.925,22.009,21.891,21.955,21.855,21.797,22.808,22.886,22.864,22.908,23.036,22.738,22.696,22.647,22.761,24.264,23.71,23.948,23.456,23.491,23.417,23.536,23.188,23.307,25.572,25.786,25.391,25.642,25.403,25.372,25.131,25.285,25.154,19.035,19.267,19.127,19.472,19.485,19.299,19.695,19.453,19.0,22.206,22.195,22.975,22.334,22.537,21.722,21.971,21.867,21.845,24.475,24.248,23.737,24.613,23.847,24.04,24.015,24.345,24.257
1228,20.156,20.129,20.161,19.881,19.932,20.156,20.04,20.165,19.927,19.961,20.182,20.25,20.464,19.918,20.044,20.093,20.276,20.213,15.914,16.07,16.12,15.996,15.906,16.002,16.235,16.31,16.315,18.977,18.549,18.84,18.904,18.77,18.833,18.819,18.771,18.975,19.998,19.633,19.972,19.8,19.591,19.763,19.557,19.92,19.785,20.296,20.082,20.176,19.975,19.952,19.979,19.935,20.025,20.156,20.55,20.464,20.424,20.494,20.323,20.272,20.395,20.299,20.243,17.079,16.983,16.806,16.776,16.416,16.809,16.696,16.629,16.715,19.506,19.434,19.247,19.406,19.447,19.049,19.182,19.59,19.279,20.084,20.022,19.944,19.935,19.971,20.044,19.813,20.062,19.904,21.436,21.366,20.944,21.158,20.883,21.102,20.995,20.849,20.846,22.214,21.934,22.112,22.107,22.413,22.223,21.708,22.137,22.464,15.585,15.665,15.612,15.707,15.867,15.773,15.932,15.973,16.11,18.532,19.11,19.407,19.345,19.033,18.668,18.625,18.681,18.499,21.464,21.405,21.136,21.122,21.367,20.885,21.288,21.323,21.761
1229,17.749,17.72,17.442,17.319,17.544,17.512,17.419,17.751,17.77,18.0,18.182,17.922,17.94,18.163,18.636,17.774,17.991,18.015,13.567,13.723,13.659,13.808,13.501,13.794,13.694,13.742,13.913,16.477,16.222,16.361,16.456,16.597,16.566,16.736,16.569,16.484,17.285,17.489,17.297,17.595,17.41,17.614,17.475,17.173,17.518,17.219,17.119,17.203,17.164,16.897,17.135,17.102,16.998,17.314,17.936,17.733,17.609,17.856,17.548,17.578,17.635,17.443,17.648,13.955,14.04,14.018,13.993,13.96,13.809,13.975,13.887,13.927,16.373,16.387,16.084,16.239,16.41,16.311,16.141,16.284,16.192,17.131,17.163,17.244,17.173,17.08,16.973,17.028,17.106,17.094,18.674,18.835,18.533,18.638,18.627,18.602,18.317,18.649,18.642,19.338,19.128,18.94,19.069,19.045,19.29,19.227,19.104,19.005,13.773,13.424,13.435,13.665,13.652,13.671,13.819,13.866,13.767,15.776,16.315,16.285,15.811,15.962,16.02,15.661,15.508,15.507,18.723,18.225,18.301,18.678,18.551,18.482,18.67,18.676,18.526
1230,14.119,14.127,13.994,13.903,13.927,13.941,13.921,13.965,13.984,14.249,14.221,14.296,14.431,14.397,14.232,14.23,14.356,14.297,10.855,10.87,10.892,10.826,10.738,10.724,10.82,10.698,10.883,12.917,12.945,13.0,12.665,12.897,12.754,12.977,13.001,13.092,14.144,14.098,13.784,13.851,13.962,14.015,14.126,14.172,14.084,13.67,13.644,13.701,13.492,13.469,13.632,13.723,13.692,13.524,14.357,13.864,14.052,14.03,14.006,14.186,14.016,13.753,13.926,10.808,10.804,10.83,10.91,10.983,10.957,10.793,10.789,10.958,12.8,12.804,12.788,12.74,12.722,12.794,12.841,12.616,13.019,13.792,13.768,13.74,13.843,13.761,13.649,13.589,13.743,13.775,15.134,15.05,15.082,15.148,15.355,15.072,15.192,15.291,15.028,15.236,15.389,15.196,14.856,15.029,15.091,15.191,15.253,15.488,11.166,11.015,11.197,11.011,11.216,11.275,11.272,11.053,11.073,12.591,13.229,13.282,12.992,13.404,12.838,12.792,12.586,12.452,15.176,15.058,14.75,14.957,15.22,14.799,15.173,14.917,15.191
1231,12.062,12.153,12.14,12.057,12.17,11.995,12.106,12.023,12.209,12.029,12.022,12.15,12.163,12.245,12.032,12.035,12.1,11.818,9.705,9.51,9.694,9.607,9.676,9.637,9.52,9.629,9.688,11.473,11.005,11.149,11.336,11.288,11.308,11.352,11.26,11.015,12.182,12.246,12.189,12.128,12.2,12.261,12.172,12.049,12.285,11.61,11.651,11.574,11.557,11.551,11.564,11.621,11.56,11.631,11.609,11.396,11.352,11.454,11.243,11.519,11.35,11.549,11.517,8.745,8.86,8.884,8.875,8.797,8.762,8.706,8.861,8.835,11.095,10.907,11.106,10.986,10.867,10.998,11.235,10.918,11.048,11.817,11.746,11.668,11.669,11.654,11.606,11.87,11.493,11.636,13.254,13.121,13.098,13.052,13.025,12.996,13.113,13.122,13.212,13.131,12.909,13.057,12.91,13.146,12.829,12.931,12.974,13.02,9.324,9.294,9.492,9.316,9.578,9.279,9.419,9.413,9.339,11.231,11.428,11.639,11.475,11.678,11.278,11.369,11.28,11.16,12.982,13.017,12.767,12.882,13.191,13.216,13.028,12.84,12.937
1232,10.547,10.461,10.319,10.182,10.455,10.193,10.156,10.341,10.31,9.954,10.092,10.123,10.085,10.021,9.952,9.913,9.709,9.904,8.403,8.33,8.322,8.239,8.439,8.508,8.348,8.361,8.33,9.879,9.713,9.709,9.948,9.93,9.839,9.831,9.991,9.891,10.347,10.39,10.158,10.178,10.222,10.179,10.346,10.188,10.295,9.808,9.929,10.016,9.903,9.7,9.803,9.866,9.787,9.767,9.403,9.238,9.064,9.156,9.253,9.161,9.411,9.261,9.243,7.442,7.493,7.813,7.698,7.641,7.748,7.575,7.565,7.628,9.602,9.697,9.62,9.548,9.468,9.547,9.603,9.679,9.624,9.601,9.769,9.741,9.88,9.786,9.604,9.684,9.681,9.641,11.258,10.994,11.14,11.124,10.791,11.148,11.199,11.173,10.995,10.521,10.395,10.329,10.494,10.48,10.472,10.391,10.467,10.417,8.304,8.267,8.064,8.261,8.092,8.114,8.307,8.186,8.208,9.681,9.986,9.969,9.95,10.169,9.732,9.839,9.764,9.802,10.91,10.981,10.682,11.053,10.908,10.966,10.939,10.98,10.832
1233,8.771,8.723,8.656,8.637,8.872,8.813,8.62,8.715,8.731,8.244,8.374,8.212,8.341,8.115,8.333,8.101,8.145,8.103,7.05,7.042,7.072,7.231,7.069,7.243,7.242,6.93,7.367,8.243,8.293,8.319,8.236,8.222,8.269,8.229,8.485,8.048,8.365,8.436,8.403,8.401,8.628,8.37,8.391,8.53,8.327,8.642,8.806,8.831,8.9,8.69,8.825,8.868,9.013,8.821,8.348,8.122,8.366,8.435,8.493,8.25,8.273,8.367,8.418,7.299,7.38,7.22,7.307,7.447,7.22,7.325,7.244,7.211,8.509,8.536,8.424,8.487,8.543,8.504,8.575,8.513,8.417,8.385,8.336,8.408,8.431,8.322,8.371,8.443,8.445,8.338,9.566,9.672,9.604,9.736,9.474,9.542,9.685,9.749,9.717,8.611,8.691,8.45,8.6,8.53,8.542,8.52,8.632,8.549,7.453,7.344,7.329,7.481,7.279,7.189,7.133,7.181,7.31,8.503,8.667,8.398,8.488,8.504,8.6,8.454,8.563,8.606,9.241,9.187,9.176,9.194,9.237,9.184,9.335,9.344,9.193
1234,7.195,7.15,7.227,7.316,7.366,7.114,7.295,7.207,7.133,6.965,7.225,7.072,7.078,7.081,7.231,7.133,7.04,7.065,6.041,5.866,5.933,5.782,5.918,5.998,5.911,6.036,5.923,6.793,6.896,6.942,6.761,6.892,6.834,6.829,6.804,6.755,7.126,7.099,7.022,6.99,6.965,7.054,7.18,6.993,7.055,7.46,7.25,7.353,7.293,7.274,7.206,7.385,7.251,7.161,7.105,6.978,7.072,6.941,6.938,6.988,7.027,6.976,7.134,6.206,6.203,6.205,6.051,6.261,6.128,6.28,6.223,6.193,6.909,6.847,6.834,6.621,6.869,6.946,6.727,6.824,6.91,6.926,7.042,6.904,6.971,7.048,6.968,6.886,6.892,7.023,7.282,7.256,7.208,7.209,7.197,7.37,7.213,7.284,7.161,6.652,6.517,6.554,6.35,6.513,6.591,6.448,6.631,6.476,5.825,5.863,6.036,5.921,5.702,5.859,5.839,5.802,5.672,6.847,6.859,6.811,6.665,6.918,6.882,6.787,6.782,6.857,6.944,7.008,6.997,7.071,7.16,7.019,7.018,6.95,7.009
1235,5.779,5.826,5.719,5.846,5.827,5.842,5.843,5.81,5.814,5.689,5.824,5.703,5.644,5.749,5.756,5.805,5.731,5.698,4.771,4.593,4.663,4.562,4.744,4.777,4.783,4.631,4.822,5.401,5.629,5.679,5.602,5.466,5.455,5.51,5.69,5.611,6.026,5.888,5.958,5.864,5.805,5.99,5.923,5.92,5.901,6.196,6.021,6.158,6.05,6.198,6.038,6.027,6.203,6.101,5.92,6.0,6.096,6.026,6.161,6.152,6.051,6.129,6.069,5.115,5.342,5.056,5.21,5.125,5.162,5.139,5.042,5.084,5.839,5.805,5.702,5.696,5.772,5.939,5.772,5.937,5.872,6.261,6.134,6.169,6.057,6.071,6.124,6.164,6.199,6.033,5.782,5.578,5.67,5.604,5.596,5.793,5.769,5.714,5.705,5.328,5.289,5.293,5.305,5.34,5.291,5.241,5.473,5.358,4.605,4.691,4.615,4.581,4.667,4.681,4.592,4.626,4.714,5.509,5.454,5.331,5.311,5.236,5.297,5.452,5.44,5.462,5.752,5.61,5.664,5.591,5.574,5.681,5.645,5.785,5.637
1236,4.562,4.521,4.476,4.598,4.51,4.437,4.381,4.801,4.45,4.309,4.359,4.358,4.396,4.443,4.39,4.505,4.358,4.462,3.636,3.571,3.55,3.553,3.591,3.586,3.588,3.695,3.52,4.449,4.338,4.411,4.497,4.484,4.406,4.526,4.343,4.45,4.791,4.714,4.767,4.689,4.772,4.793,4.793,4.745,4.728,5.071,4.904,4.986,5.218,5.169,5.145,5.077,5.099,4.883,4.851,4.716,4.775,4.648,4.678,4.746,4.79,4.764,4.794,4.261,4.194,4.37,4.138,4.215,4.261,4.032,4.125,4.084,5.001,4.924,4.932,4.792,4.893,4.69,4.821,4.808,4.823,5.23,5.177,5.192,4.988,4.958,5.25,5.16,5.023,4.943,4.641,4.575,4.587,4.637,4.621,4.702,4.46,4.686,4.554,4.346,4.301,4.317,4.265,4.246,4.35,4.24,4.363,4.306,3.662,3.803,3.873,3.809,3.834,3.915,3.713,3.848,3.81,4.359,4.327,4.362,4.29,4.494,4.52,4.403,4.436,4.342,4.668,4.625,4.782,4.622,4.634,4.709,4.623,4.739,4.645
1237,3.771,3.671,3.691,3.602,3.593,3.773,3.809,3.704,3.597,3.467,3.477,3.454,3.569,3.578,3.538,3.472,3.515,3.604,3.133,3.107,3.11,3.192,3.012,3.046,3.039,3.022,3.181,3.522,3.63,3.53,3.682,3.691,3.584,3.566,3.784,3.627,3.876,3.896,3.821,3.85,3.809,3.864,3.794,3.839,3.916,4.231,4.162,4.185,4.271,4.202,4.147,4.065,4.133,4.12,3.868,3.577,3.811,3.606,3.682,3.715,3.624,3.68,3.798,3.378,3.448,3.495,3.552,3.408,3.64,3.308,3.437,3.522,4.162,3.982,4.086,3.987,3.979,3.959,4.091,4.126,3.886,4.092,4.142,4.096,4.076,4.118,4.143,4.069,4.039,4.126,4.001,3.981,3.929,3.945,3.894,3.968,3.92,3.951,3.866,3.631,3.623,3.568,3.568,3.556,3.571,3.534,3.609,3.493,3.268,3.126,3.034,3.259,3.432,3.299,3.357,3.354,3.214,3.862,3.966,3.894,3.781,3.693,3.878,3.798,3.754,3.764,3.96,4.076,4.093,4.143,3.931,3.925,4.175,4.023,4.008
1238,3.476,3.549,3.58,3.721,3.396,3.582,3.472,3.485,3.516,3.597,3.562,3.529,3.466,3.662,3.526,3.466,3.643,3.543,3.33,3.324,3.437,3.326,3.461,3.368,3.095,3.049,3.311,3.748,3.616,3.553,3.697,3.476,3.441,3.508,3.587,3.413,3.889,3.769,3.886,3.931,3.921,3.922,3.651,3.915,3.898,4.056,3.6,3.686,4.017,3.721,3.753,3.698,3.657,3.47,3.538,3.519,3.342,3.323,3.451,3.31,3.277,3.407,3.453,3.194,3.316,3.449,3.344,3.269,3.42,3.325,3.482,3.182,3.76,3.652,3.665,3.679,3.756,3.716,3.603,3.547,3.583,3.917,3.765,3.747,3.743,3.802,3.497,3.739,3.91,3.588,3.595,3.536,3.552,3.567,3.383,3.693,3.673,3.389,3.599,3.415,3.403,3.437,3.349,3.363,3.597,3.369,3.492,3.613,3.113,3.1,3.056,3.288,3.139,3.068,3.387,3.287,3.339,3.677,3.982,3.619,3.789,3.714,3.616,3.649,3.916,3.767,3.861,3.763,3.732,3.636,3.629,3.967,3.658,3.873,3.913
1239,3.746,3.614,3.528,3.713,3.96,3.615,3.605,3.646,3.684,3.799,4.059,4.005,4.033,4.073,4.06,3.917,4.126,3.793,3.68,3.713,3.658,3.65,3.734,3.886,3.778,3.719,3.593,3.965,4.344,4.047,4.056,4.104,3.99,3.847,3.85,3.97,4.07,4.208,4.249,4.251,4.229,4.033,4.198,4.038,4.14,3.886,3.757,3.534,3.988,3.833,3.707,3.794,3.693,3.824,3.967,3.708,3.496,3.88,3.756,4.122,3.894,3.857,4.056,3.644,3.743,3.676,3.841,3.837,3.809,3.907,3.869,3.485,4.097,4.11,3.942,3.808,4.006,3.939,3.623,3.674,3.702,4.369,4.206,4.069,4.138,3.984,4.102,4.03,4.103,4.138,3.532,3.954,3.696,3.773,3.758,3.672,3.904,3.739,3.626,3.963,4.129,3.923,3.837,3.978,4.06,3.883,3.883,3.809,3.75,4.199,4.075,3.839,3.56,3.702,3.657,3.75,3.748,3.892,4.116,4.185,3.865,3.979,4.047,3.916,4.217,4.149,4.053,4.004,4.141,4.227,4.381,3.999,4.48,4.272,4.006
1240,3.787,3.668,3.506,3.751,3.721,3.712,3.863,3.927,3.505,4.197,4.044,4.152,4.035,4.032,4.031,4.231,4.091,4.034,3.611,3.439,3.24,3.456,3.4,3.388,3.488,3.495,3.638,4.013,4.035,3.851,4.117,3.869,4.023,3.865,3.887,4.289,4.1,4.142,4.063,4.231,3.877,4.117,4.056,3.81,4.046,3.624,3.821,3.6,3.615,3.853,3.623,3.662,3.865,3.761,3.895,4.099,4.116,4.21,4.158,4.262,4.167,4.103,3.993,3.913,3.789,3.938,3.614,3.741,3.797,3.458,3.839,3.617,3.915,3.902,4.067,4.029,4.34,4.011,3.775,4.058,4.104,4.293,4.146,4.015,3.957,4.031,4.436,4.212,4.33,4.114,3.719,3.675,3.446,3.413,3.615,3.532,3.424,3.258,3.601,4.049,3.852,3.801,3.824,3.997,3.79,4.177,4.091,3.916,3.38,3.542,3.582,3.42,3.383,3.665,3.537,3.473,3.394,3.861,3.895,4.04,3.996,3.833,3.968,4.039,3.766,4.064,4.001,4.014,3.893,3.821,3.765,3.816,3.83,3.731,3.822
1241,3.173,3.17,3.178,3.127,3.226,3.162,3.285,3.183,3.153,3.648,3.656,3.729,3.616,3.561,3.633,3.609,3.658,3.614,2.957,2.97,2.964,3.005,2.981,3.071,2.958,3.041,3.031,3.388,3.483,3.365,3.291,3.345,3.531,3.456,3.494,3.359,3.381,3.579,3.464,3.389,3.472,3.428,3.372,3.427,3.404,3.154,3.107,3.088,3.29,3.097,3.124,3.068,3.252,3.089,3.62,3.673,3.704,3.61,3.546,3.554,3.456,3.427,3.507,3.078,3.117,3.082,3.029,3.115,3.147,3.036,3.202,3.012,3.36,3.245,3.378,3.208,3.249,3.293,3.323,3.296,3.258,3.469,3.35,3.402,3.286,3.378,3.341,3.418,3.411,3.422,3.13,3.084,3.125,3.074,3.027,3.054,3.097,3.133,3.007,3.49,3.578,3.512,3.458,3.429,3.561,3.504,3.58,3.563,3.088,3.024,3.016,3.007,3.187,3.097,3.023,3.159,3.037,3.287,3.376,3.266,3.424,3.322,3.444,3.318,3.236,3.346,3.338,3.331,3.325,3.409,3.364,3.294,3.416,3.221,3.277
1242,3.171,3.075,3.063,3.054,3.167,3.217,3.186,3.151,3.114,3.75,3.665,3.741,3.716,3.751,3.716,3.784,3.646,3.613,3.044,3.142,2.921,3.126,3.091,2.962,2.96,3.069,3.011,3.509,3.439,3.43,3.375,3.511,3.297,3.408,3.402,3.413,3.607,3.507,3.696,3.506,3.542,3.59,3.427,3.442,3.46,3.244,3.25,3.258,3.193,3.166,3.129,3.238,3.155,3.123,3.811,3.76,3.784,3.791,3.653,3.725,3.806,3.657,3.684,3.25,3.178,3.16,3.157,3.186,3.155,3.074,3.06,3.106,3.352,3.375,3.333,3.403,3.278,3.241,3.413,3.374,3.348,3.616,3.555,3.483,3.478,3.534,3.455,3.464,3.498,3.413,3.052,3.109,3.009,3.032,3.002,2.971,3.094,3.035,2.972,3.605,3.641,3.605,3.634,3.572,3.619,3.572,3.559,3.526,2.994,3.115,3.032,3.075,3.11,3.084,3.137,3.036,3.031,3.373,3.336,3.274,3.277,3.252,3.252,3.35,3.306,3.299,3.363,3.345,3.468,3.494,3.426,3.364,3.39,3.439,3.433
1243,4.145,4.084,4.098,3.923,3.905,3.882,4.048,3.856,4.069,4.763,4.869,4.715,4.84,4.749,4.859,4.657,4.757,4.672,4.046,4.02,4.054,3.963,3.981,4.021,3.997,3.953,4.185,4.648,4.805,4.574,4.635,4.656,4.662,4.717,4.625,4.769,4.818,4.831,4.643,4.928,4.844,4.691,4.894,4.508,4.772,4.297,4.176,4.028,4.06,4.202,4.034,4.007,4.075,4.004,4.741,4.791,4.671,4.842,4.728,4.707,4.802,4.727,4.814,4.216,4.322,4.125,4.151,4.189,4.175,4.025,4.197,4.151,4.663,4.617,4.71,4.381,4.497,4.487,4.437,4.412,4.341,4.719,4.65,4.791,4.714,4.873,4.725,4.731,4.715,4.589,3.906,3.941,3.77,3.884,3.858,3.774,3.762,3.904,3.746,4.486,4.564,4.427,4.474,4.365,4.526,4.402,4.401,4.523,4.043,3.904,3.874,3.949,4.064,4.019,3.918,3.9,3.906,4.432,4.354,4.241,4.315,4.242,4.229,4.112,4.492,4.322,4.554,4.556,4.414,4.375,4.568,4.452,4.433,4.364,4.385
1244,4.481,4.476,4.351,4.444,4.245,4.292,4.234,4.459,4.365,5.335,5.534,5.478,5.422,5.398,5.287,5.5,5.417,5.335,4.513,4.315,4.499,4.564,4.436,4.541,4.453,4.648,4.587,5.189,5.014,4.922,5.109,5.209,5.232,4.988,4.974,5.254,5.069,4.971,4.905,4.925,4.869,4.748,4.752,4.88,4.89,4.698,4.703,4.639,4.61,4.554,4.62,4.488,4.39,4.531,5.518,5.407,5.351,5.497,5.365,5.425,5.514,5.358,5.426,4.917,4.681,4.735,4.832,4.711,4.81,4.682,4.776,4.71,4.927,4.94,4.844,4.913,5.022,4.809,4.788,4.862,4.883,4.97,5.024,4.959,4.911,4.955,4.883,5.009,4.798,4.967,4.345,4.265,4.164,4.144,4.085,4.084,4.307,4.179,4.254,5.184,5.176,5.048,5.093,5.072,5.09,5.077,4.967,4.999,4.233,4.32,4.576,4.322,4.557,4.244,4.458,4.338,4.416,4.667,4.743,4.613,4.689,4.772,4.77,4.64,4.668,4.854,4.657,4.701,4.682,4.673,4.542,4.542,4.558,4.58,4.523
1245,3.41,3.424,3.397,3.398,3.402,3.393,3.361,3.403,3.394,4.595,4.676,4.54,4.663,4.629,4.64,4.548,4.582,4.601,3.364,3.375,3.341,3.353,3.457,3.49,3.33,3.395,3.478,3.529,3.561,3.42,3.639,3.448,3.375,3.45,3.536,3.622,3.543,3.604,3.577,3.508,3.514,3.551,3.513,3.545,3.474,3.624,3.811,3.751,3.866,3.718,3.761,3.752,3.653,3.782,5.122,5.141,4.999,5.094,5.009,5.085,5.059,5.125,5.023,3.995,3.856,3.981,3.961,3.957,3.901,4.032,3.89,3.911,3.759,3.774,3.676,3.711,3.784,3.698,3.714,3.745,3.679,3.864,3.872,4.0,3.925,3.931,3.745,3.851,3.832,3.728,3.482,3.428,3.381,3.405,3.34,3.379,3.426,3.287,3.291,4.668,4.468,4.574,4.499,4.471,4.496,4.481,4.435,4.519,3.492,3.578,3.625,3.617,3.688,3.622,3.53,3.633,3.526,3.442,3.531,3.393,3.308,3.45,3.352,3.438,3.393,3.382,3.552,3.533,3.615,3.476,3.476,3.562,3.515,3.439,3.442
1246,2.223,2.272,2.214,2.22,2.223,2.261,2.247,2.247,2.213,2.808,2.727,2.806,2.766,2.783,2.781,2.728,2.758,2.756,2.162,2.147,2.135,2.174,2.154,2.134,2.156,2.121,2.176,2.128,2.146,2.139,2.187,2.181,2.156,2.169,2.206,2.131,2.351,2.383,2.361,2.301,2.366,2.364,2.321,2.36,2.348,2.409,2.373,2.366,2.373,2.446,2.363,2.394,2.399,2.366,3.006,2.932,2.943,2.945,2.864,2.854,2.888,2.891,2.939,2.39,2.367,2.372,2.401,2.387,2.358,2.399,2.396,2.342,2.369,2.335,2.265,2.328,2.321,2.284,2.284,2.284,2.276,2.516,2.491,2.461,2.485,2.48,2.471,2.501,2.434,2.45,2.511,2.457,2.43,2.454,2.441,2.473,2.46,2.403,2.465,3.043,3.043,2.996,3.002,2.956,2.97,3.003,2.955,3.006,2.453,2.443,2.42,2.444,2.398,2.448,2.417,2.404,2.407,2.345,2.411,2.401,2.395,2.38,2.389,2.353,2.415,2.335,2.599,2.602,2.557,2.6,2.604,2.592,2.594,2.57,2.559
1247,2.092,2.098,2.107,2.08,2.105,2.075,2.085,2.1,2.085,2.492,2.483,2.486,2.491,2.474,2.483,2.492,2.482,2.484,2.026,2.004,2.023,2.01,2.034,1.997,2.019,2.031,2.028,1.998,1.984,1.991,1.978,1.991,1.995,1.995,1.979,2.003,2.36,2.357,2.362,2.347,2.34,2.341,2.335,2.35,2.345,2.154,2.115,2.128,2.117,2.142,2.114,2.126,2.127,2.101,2.487,2.476,2.468,2.471,2.468,2.466,2.454,2.427,2.417,2.111,2.101,2.09,2.083,2.083,2.091,2.086,2.082,2.077,2.045,2.032,2.02,2.024,2.046,2.026,2.028,2.025,2.019,2.366,2.356,2.364,2.368,2.36,2.344,2.354,2.344,2.334,2.318,2.271,2.296,2.296,2.25,2.283,2.293,2.28,2.298,2.737,2.714,2.712,2.719,2.71,2.704,2.721,2.709,2.707,2.254,2.238,2.275,2.358,2.352,2.274,2.264,2.239,2.245,2.21,2.218,2.177,2.197,2.202,2.196,2.177,2.201,2.183,2.556,2.558,2.56,2.579,2.552,2.56,2.555,2.574,2.568
1248,2.682,2.674,2.666,2.663,2.673,2.648,2.653,2.679,2.667,3.124,3.117,3.141,3.137,3.141,3.116,3.142,3.122,3.135,2.628,2.64,2.625,2.627,2.622,2.616,2.629,2.645,2.65,2.524,2.529,2.522,2.493,2.532,2.525,2.528,2.518,2.522,3.035,3.024,3.03,3.02,3.026,3.008,3.023,3.02,3.007,2.563,2.546,2.555,2.545,2.533,2.54,2.523,2.525,2.55,2.948,2.908,2.903,2.916,2.883,2.892,2.872,2.857,2.919,2.548,2.528,2.543,2.52,2.501,2.527,2.515,2.522,2.527,2.422,2.388,2.378,2.364,2.385,2.375,2.372,2.37,2.36,2.859,2.863,2.862,2.859,2.857,2.831,2.856,2.834,2.855,2.694,2.666,2.666,2.683,2.664,2.64,2.683,2.695,2.677,3.145,3.138,3.131,3.117,3.108,3.113,3.126,3.118,3.11,2.689,2.68,2.7,2.652,2.655,2.648,2.639,2.651,2.658,2.58,2.561,2.548,2.553,2.543,2.527,2.529,2.537,2.54,3.065,3.06,3.051,3.043,3.05,3.028,3.046,3.055,3.056
1249,3.983,3.995,4.021,3.991,4.0,3.975,3.993,3.993,3.971,4.566,4.545,4.532,4.529,4.526,4.528,4.546,4.527,4.529,3.934,3.928,3.925,3.936,3.944,3.934,3.958,3.961,3.967,3.81,3.784,3.757,3.764,3.756,3.742,3.749,3.743,3.75,4.516,4.473,4.538,4.56,4.505,4.517,4.51,4.525,4.51,3.867,3.884,3.817,3.846,3.816,3.825,3.825,3.849,3.848,4.321,4.297,4.282,4.276,4.257,4.25,4.247,4.237,4.287,3.944,3.903,3.884,3.883,3.888,3.877,3.858,3.868,3.871,3.621,3.628,3.587,3.602,3.599,3.574,3.608,3.571,3.591,4.348,4.349,4.327,4.269,4.285,4.302,4.303,4.305,4.311,3.682,3.651,3.662,3.666,3.657,3.713,3.655,3.691,3.661,4.166,4.145,4.153,4.149,4.119,4.126,4.145,4.134,4.133,3.64,3.646,3.647,3.547,3.553,3.632,3.632,3.611,3.619,3.514,3.497,3.466,3.488,3.485,3.495,3.489,3.489,3.459,4.184,4.212,4.183,4.18,4.181,4.136,4.18,4.197,4.174
1250,5.918,5.852,5.871,5.957,5.902,5.888,5.829,5.868,5.866,6.521,6.537,6.51,6.504,6.504,6.509,6.521,6.506,6.491,5.694,5.692,5.675,5.66,5.689,5.716,5.676,5.754,5.764,5.522,5.516,5.491,5.509,5.48,5.49,5.501,5.484,5.485,6.442,6.451,6.449,6.428,6.435,6.414,6.416,6.413,6.414,5.793,5.661,5.676,5.772,5.736,5.73,5.727,5.712,5.765,6.339,6.227,6.247,6.231,6.24,6.222,6.198,6.152,6.174,5.831,5.756,5.711,5.723,5.72,5.713,5.684,5.719,5.724,5.371,5.346,5.325,5.319,5.291,5.331,5.322,5.32,5.288,6.256,6.253,6.246,6.216,6.195,6.191,6.21,6.189,6.176,4.975,4.921,4.917,4.967,4.927,4.929,4.957,4.992,4.949,5.482,5.425,5.44,5.465,5.459,5.441,5.464,5.462,5.434,4.892,4.884,4.893,4.854,4.859,4.891,4.9,4.912,4.907,4.658,4.676,4.651,4.648,4.642,4.636,4.619,4.626,4.634,5.454,5.443,5.425,5.423,5.462,5.438,5.479,5.431,5.441
1251,6.294,6.285,6.285,6.32,6.316,6.266,6.309,6.336,6.283,7.246,7.203,7.194,7.184,7.193,7.21,7.214,7.18,7.205,5.934,5.933,5.958,5.901,5.951,5.959,5.938,5.921,5.988,5.646,5.625,5.61,5.658,5.596,5.599,5.661,5.639,5.628,6.656,6.62,6.609,6.632,6.637,6.621,6.619,6.621,6.617,6.334,6.337,6.269,6.322,6.267,6.358,6.329,6.258,6.351,7.274,7.175,7.187,7.167,7.173,7.124,7.129,7.089,7.104,6.265,6.184,6.156,6.198,6.209,6.205,6.235,6.224,6.203,5.784,5.701,5.64,5.664,5.66,5.62,5.64,5.672,5.625,6.68,6.662,6.65,6.649,6.617,6.641,6.651,6.635,6.619,5.697,5.688,5.652,5.636,5.665,5.618,5.635,5.637,5.591,6.362,6.38,6.381,6.344,6.376,6.402,6.352,6.386,6.372,5.325,5.368,5.441,5.323,5.368,5.443,5.414,5.344,5.432,5.054,5.099,5.063,5.074,5.025,5.085,5.059,5.065,5.042,6.025,6.018,6.04,5.99,5.989,5.985,6.001,5.979,5.979
1252,4.893,4.844,4.815,4.806,4.813,4.844,4.839,4.829,4.843,5.633,5.627,5.633,5.641,5.608,5.626,5.631,5.618,5.648,4.448,4.433,4.453,4.463,4.429,4.394,4.432,4.407,4.382,4.068,4.076,4.047,4.091,4.046,4.076,4.072,4.063,4.092,4.775,4.772,4.774,4.794,4.828,4.781,4.811,4.8,4.776,5.456,5.427,5.48,5.46,5.489,5.463,5.465,5.511,5.51,6.572,6.491,6.484,6.468,6.481,6.458,6.462,6.45,6.474,5.037,5.023,4.997,5.005,5.008,5.036,4.979,5.027,5.027,4.653,4.709,4.624,4.69,4.638,4.65,4.629,4.616,4.685,5.52,5.516,5.517,5.507,5.473,5.509,5.502,5.487,5.478,4.687,4.679,4.667,4.671,4.617,4.67,4.628,4.656,4.659,5.353,5.342,5.342,5.358,5.362,5.374,5.376,5.365,5.37,4.232,4.236,4.22,4.202,4.245,4.254,4.267,4.259,4.251,3.975,3.982,3.924,3.884,3.931,3.909,3.923,3.879,3.857,4.644,4.616,4.637,4.659,4.656,4.656,4.664,4.645,4.622
1253,2.722,2.711,2.701,2.699,2.702,2.705,2.701,2.712,2.72,3.14,3.127,3.131,3.137,3.143,3.121,3.138,3.134,3.142,2.447,2.439,2.442,2.447,2.448,2.441,2.426,2.415,2.418,2.181,2.191,2.183,2.188,2.199,2.215,2.194,2.209,2.207,2.62,2.612,2.615,2.611,2.608,2.612,2.62,2.624,2.635,2.898,2.909,2.912,2.889,2.891,2.89,2.882,2.891,2.894,3.532,3.492,3.498,3.485,3.485,3.485,3.479,3.476,3.46,2.66,2.654,2.644,2.642,2.65,2.665,2.653,2.647,2.652,2.487,2.459,2.435,2.452,2.459,2.473,2.466,2.481,2.459,2.94,2.891,2.93,2.91,2.925,2.911,2.936,2.946,2.901,2.914,2.904,2.904,2.918,2.911,2.914,2.921,2.918,2.926,3.421,3.406,3.416,3.413,3.413,3.414,3.421,3.419,3.425,2.595,2.596,2.611,2.579,2.606,2.594,2.618,2.619,2.604,2.431,2.429,2.412,2.41,2.411,2.401,2.408,2.428,2.388,2.866,2.876,2.866,2.843,2.837,2.87,2.881,2.867,2.861
1254,1.635,1.635,1.633,1.642,1.635,1.644,1.639,1.643,1.641,1.914,1.913,1.914,1.918,1.91,1.896,1.912,1.91,1.908,1.493,1.484,1.491,1.494,1.488,1.479,1.476,1.481,1.474,1.357,1.354,1.356,1.364,1.367,1.37,1.362,1.355,1.374,1.61,1.6,1.601,1.585,1.591,1.605,1.606,1.602,1.601,1.698,1.697,1.698,1.698,1.709,1.707,1.701,1.708,1.715,2.066,2.047,2.04,2.038,2.044,2.042,2.039,2.039,2.055,1.589,1.574,1.578,1.578,1.577,1.587,1.581,1.577,1.58,1.479,1.483,1.475,1.483,1.476,1.471,1.472,1.476,1.481,1.735,1.72,1.71,1.706,1.72,1.702,1.719,1.709,1.708,1.797,1.795,1.789,1.795,1.797,1.795,1.788,1.799,1.811,2.114,2.115,2.105,2.114,2.118,2.114,2.124,2.123,2.12,1.598,1.593,1.597,1.598,1.615,1.621,1.614,1.597,1.607,1.501,1.511,1.505,1.504,1.515,1.498,1.503,1.503,1.504,1.789,1.789,1.784,1.795,1.794,1.77,1.777,1.792,1.779
1255,1.144,1.137,1.134,1.14,1.131,1.137,1.134,1.139,1.136,1.318,1.317,1.313,1.31,1.309,1.305,1.307,1.311,1.304,1.005,1.004,1.004,1.01,1.012,1.009,1.016,1.011,1.01,0.945,0.95,0.947,0.947,0.953,0.952,0.955,0.955,0.949,1.117,1.11,1.113,1.107,1.1,1.104,1.107,1.105,1.109,1.069,1.063,1.07,1.071,1.068,1.069,1.069,1.068,1.071,1.267,1.256,1.252,1.253,1.253,1.257,1.259,1.254,1.262,0.982,0.98,0.98,0.979,0.982,0.981,0.98,0.978,0.979,0.932,0.942,0.939,0.946,0.937,0.942,0.942,0.94,0.94,1.084,1.088,1.08,1.078,1.073,1.079,1.069,1.083,1.076,1.232,1.228,1.223,1.217,1.21,1.228,1.227,1.224,1.22,1.414,1.405,1.401,1.396,1.404,1.414,1.412,1.408,1.411,1.069,1.067,1.078,1.099,1.089,1.087,1.085,1.09,1.074,1.043,1.039,1.042,1.047,1.043,1.036,1.04,1.049,1.041,1.179,1.191,1.201,1.19,1.198,1.197,1.191,1.199,1.196
1256,0.928,0.919,0.918,0.912,0.917,0.911,0.918,0.911,0.921,0.949,0.946,0.936,0.932,0.934,0.931,0.939,0.936,0.935,0.756,0.756,0.748,0.748,0.748,0.742,0.741,0.743,0.746,0.739,0.752,0.745,0.751,0.75,0.747,0.749,0.751,0.749,0.875,0.867,0.871,0.881,0.866,0.878,0.874,0.874,0.867,0.787,0.784,0.776,0.777,0.772,0.769,0.762,0.759,0.77,0.839,0.831,0.833,0.832,0.835,0.832,0.836,0.834,0.852,0.679,0.676,0.678,0.675,0.676,0.68,0.677,0.677,0.678,0.684,0.686,0.689,0.689,0.687,0.688,0.686,0.691,0.693,0.776,0.79,0.793,0.786,0.789,0.788,0.791,0.793,0.794,0.856,0.85,0.854,0.852,0.853,0.85,0.847,0.863,0.856,0.914,0.919,0.912,0.913,0.907,0.913,0.904,0.908,0.905,0.711,0.708,0.706,0.715,0.717,0.712,0.707,0.704,0.711,0.737,0.735,0.732,0.739,0.74,0.726,0.731,0.737,0.732,0.831,0.827,0.839,0.821,0.843,0.839,0.84,0.834,0.84
1257,0.776,0.784,0.781,0.784,0.79,0.789,0.794,0.795,0.79,0.692,0.68,0.685,0.68,0.676,0.673,0.679,0.677,0.68,0.579,0.576,0.598,0.599,0.593,0.591,0.596,0.594,0.591,0.692,0.692,0.691,0.691,0.684,0.686,0.685,0.689,0.681,0.733,0.748,0.753,0.742,0.732,0.743,0.73,0.737,0.731,0.678,0.679,0.682,0.688,0.689,0.688,0.688,0.69,0.692,0.648,0.648,0.648,0.648,0.647,0.645,0.648,0.645,0.647,0.555,0.559,0.556,0.556,0.555,0.557,0.554,0.556,0.557,0.657,0.674,0.668,0.67,0.66,0.667,0.651,0.65,0.645,0.687,0.701,0.692,0.695,0.693,0.698,0.687,0.694,0.694,0.74,0.744,0.746,0.753,0.744,0.742,0.75,0.746,0.749,0.704,0.702,0.701,0.7,0.698,0.696,0.69,0.695,0.698,0.574,0.569,0.573,0.556,0.562,0.569,0.571,0.571,0.566,0.679,0.669,0.679,0.679,0.683,0.679,0.674,0.677,0.675,0.728,0.74,0.743,0.739,0.735,0.732,0.744,0.723,0.728
1258,0.663,0.664,0.663,0.656,0.654,0.659,0.657,0.657,0.658,0.539,0.54,0.533,0.536,0.53,0.538,0.528,0.535,0.536,0.679,0.675,0.663,0.664,0.636,0.627,0.621,0.616,0.617,0.643,0.646,0.641,0.641,0.641,0.642,0.643,0.639,0.639,0.63,0.639,0.633,0.635,0.634,0.631,0.628,0.643,0.626,0.718,0.722,0.722,0.73,0.729,0.727,0.722,0.722,0.722,0.598,0.595,0.594,0.589,0.59,0.583,0.582,0.586,0.589,0.637,0.641,0.643,0.64,0.644,0.642,0.642,0.645,0.642,0.68,0.672,0.68,0.69,0.686,0.694,0.698,0.714,0.728,0.661,0.656,0.652,0.647,0.649,0.657,0.661,0.663,0.653,0.625,0.627,0.633,0.627,0.626,0.624,0.627,0.626,0.626,0.534,0.54,0.529,0.529,0.527,0.528,0.525,0.528,0.526,0.573,0.577,0.571,0.581,0.578,0.576,0.576,0.574,0.573,0.623,0.613,0.621,0.609,0.607,0.619,0.615,0.613,0.619,0.585,0.58,0.578,0.587,0.584,0.578,0.587,0.587,0.583
1259,0.517,0.515,0.514,0.507,0.509,0.504,0.513,0.505,0.509,0.54,0.535,0.532,0.53,0.523,0.535,0.522,0.523,0.521,0.525,0.527,0.49,0.491,0.541,0.544,0.543,0.548,0.554,0.596,0.588,0.581,0.586,0.582,0.585,0.581,0.582,0.585,0.509,0.507,0.504,0.52,0.51,0.509,0.504,0.51,0.494,0.635,0.629,0.627,0.621,0.618,0.618,0.621,0.619,0.618,0.591,0.595,0.596,0.596,0.596,0.593,0.589,0.582,0.576,0.596,0.582,0.578,0.582,0.58,0.578,0.587,0.581,0.58,0.644,0.651,0.638,0.652,0.654,0.647,0.643,0.63,0.62,0.579,0.585,0.588,0.582,0.583,0.585,0.573,0.577,0.578,0.575,0.581,0.571,0.569,0.567,0.57,0.573,0.564,0.568,0.537,0.542,0.532,0.526,0.529,0.526,0.525,0.523,0.523,0.509,0.515,0.509,0.498,0.495,0.507,0.506,0.505,0.512,0.548,0.555,0.558,0.558,0.558,0.556,0.558,0.556,0.553,0.515,0.512,0.513,0.512,0.513,0.517,0.51,0.522,0.52
1260,0.649,0.647,0.649,0.645,0.645,0.642,0.643,0.645,0.641,0.633,0.629,0.628,0.627,0.628,0.627,0.626,0.628,0.624,0.609,0.618,0.63,0.618,0.625,0.633,0.634,0.635,0.636,0.688,0.684,0.686,0.678,0.679,0.681,0.686,0.677,0.68,0.65,0.652,0.64,0.643,0.64,0.64,0.638,0.649,0.64,0.794,0.793,0.78,0.778,0.777,0.775,0.774,0.775,0.777,0.748,0.767,0.766,0.763,0.765,0.761,0.762,0.76,0.763,0.775,0.78,0.771,0.771,0.768,0.764,0.761,0.773,0.769,0.828,0.839,0.828,0.821,0.837,0.832,0.831,0.832,0.835,0.795,0.805,0.802,0.799,0.803,0.796,0.788,0.788,0.788,0.814,0.816,0.808,0.8,0.802,0.802,0.804,0.804,0.806,0.743,0.734,0.738,0.727,0.725,0.723,0.722,0.723,0.718,0.743,0.732,0.74,0.739,0.738,0.741,0.733,0.736,0.729,0.821,0.826,0.819,0.826,0.826,0.828,0.838,0.834,0.836,0.771,0.746,0.743,0.735,0.728,0.733,0.721,0.727,0.722
1261,0.813,0.81,0.807,0.807,0.799,0.797,0.797,0.806,0.801,0.737,0.737,0.736,0.737,0.735,0.735,0.737,0.74,0.736,0.8,0.81,0.846,0.847,0.813,0.806,0.81,0.81,0.81,0.833,0.837,0.835,0.834,0.831,0.837,0.83,0.83,0.832,0.807,0.804,0.805,0.8,0.801,0.803,0.806,0.799,0.803,0.86,0.853,0.846,0.839,0.833,0.83,0.831,0.827,0.83,0.738,0.731,0.733,0.736,0.731,0.733,0.734,0.739,0.753,0.868,0.88,0.871,0.869,0.868,0.865,0.864,0.866,0.861,0.821,0.819,0.823,0.825,0.824,0.828,0.825,0.825,0.823,0.79,0.788,0.784,0.782,0.792,0.784,0.787,0.781,0.79,0.949,0.942,0.93,0.925,0.926,0.924,0.926,0.919,0.928,0.822,0.817,0.816,0.812,0.808,0.806,0.809,0.81,0.806,0.95,0.948,0.947,0.964,0.946,0.95,0.95,0.951,0.955,0.918,0.928,0.921,0.92,0.92,0.923,0.92,0.92,0.92,0.907,0.9,0.903,0.904,0.907,0.903,0.895,0.892,0.902
1262,0.81,0.812,0.807,0.807,0.802,0.807,0.799,0.807,0.807,0.789,0.789,0.789,0.787,0.788,0.788,0.793,0.792,0.789,0.89,0.89,0.888,0.889,0.936,0.928,0.922,0.911,0.911,0.819,0.817,0.817,0.815,0.813,0.815,0.821,0.819,0.814,0.814,0.805,0.816,0.81,0.822,0.817,0.812,0.822,0.821,0.904,0.905,0.894,0.894,0.889,0.89,0.893,0.893,0.899,0.891,0.874,0.872,0.88,0.873,0.879,0.875,0.87,0.864,1.023,1.018,1.015,1.01,1.014,1.01,1.014,1.012,1.002,0.902,0.901,0.907,0.904,0.91,0.918,0.917,0.912,0.908,0.918,0.896,0.918,0.904,0.899,0.896,0.896,0.907,0.888,0.927,0.929,0.92,0.927,0.922,0.927,0.922,0.919,0.924,0.924,0.916,0.915,0.917,0.916,0.915,0.916,0.915,0.914,1.034,1.041,1.039,1.014,1.017,1.025,1.029,1.033,1.028,0.961,0.96,0.965,0.966,0.96,0.958,0.952,0.959,0.957,0.968,0.963,0.978,0.982,0.972,0.965,0.962,0.976,0.969
1263,1.137,1.135,1.135,1.135,1.132,1.132,1.135,1.127,1.141,1.174,1.178,1.176,1.188,1.18,1.182,1.177,1.185,1.177,1.284,1.277,1.251,1.245,1.29,1.301,1.301,1.309,1.314,1.211,1.22,1.204,1.21,1.205,1.218,1.214,1.197,1.194,1.285,1.292,1.293,1.289,1.295,1.286,1.289,1.286,1.287,1.162,1.155,1.157,1.164,1.166,1.163,1.154,1.145,1.141,1.17,1.164,1.169,1.17,1.165,1.162,1.152,1.156,1.146,1.324,1.321,1.326,1.308,1.312,1.311,1.31,1.324,1.31,1.208,1.204,1.201,1.184,1.191,1.2,1.201,1.182,1.192,1.291,1.288,1.289,1.285,1.289,1.28,1.299,1.289,1.286,1.442,1.444,1.432,1.436,1.439,1.435,1.441,1.423,1.424,1.475,1.465,1.461,1.47,1.471,1.464,1.476,1.469,1.476,1.59,1.587,1.587,1.628,1.628,1.607,1.6,1.604,1.59,1.524,1.493,1.49,1.5,1.485,1.484,1.508,1.5,1.504,1.602,1.592,1.589,1.584,1.594,1.595,1.599,1.596,1.588
1264,2.109,2.111,2.108,2.106,2.104,2.104,2.112,2.108,2.116,2.207,2.2,2.197,2.197,2.202,2.187,2.206,2.198,2.196,2.201,2.191,2.193,2.191,2.216,2.229,2.232,2.234,2.235,2.142,2.146,2.153,2.148,2.149,2.152,2.154,2.152,2.153,2.059,2.057,2.05,2.058,2.056,2.054,2.061,2.046,2.05,1.812,1.804,1.801,1.782,1.788,1.791,1.797,1.808,1.81,1.898,1.88,1.886,1.879,1.885,1.878,1.882,1.876,1.864,1.871,1.859,1.874,1.876,1.871,1.874,1.88,1.883,1.875,1.833,1.826,1.829,1.831,1.828,1.834,1.826,1.828,1.831,1.76,1.753,1.755,1.762,1.757,1.761,1.758,1.766,1.755,2.031,2.014,1.976,1.954,1.947,1.944,1.94,1.93,1.929,2.229,2.218,2.225,2.231,2.222,2.224,2.226,2.229,2.222,2.25,2.237,2.252,2.316,2.353,2.284,2.275,2.267,2.262,2.174,2.184,2.181,2.174,2.169,2.171,2.174,2.167,2.171,2.052,2.067,2.065,2.074,2.081,2.071,2.067,2.078,2.072
1265,2.038,2.032,2.035,2.041,2.041,2.04,2.043,2.049,2.048,2.066,2.062,2.068,2.068,2.068,2.064,2.072,2.072,2.074,2.028,2.021,2.0,2.006,2.043,2.043,2.047,2.053,2.055,1.935,1.933,1.938,1.939,1.938,1.942,1.917,1.916,1.913,1.908,1.91,1.906,1.907,1.91,1.91,1.909,1.905,1.909,1.829,1.827,1.829,1.83,1.825,1.793,1.82,1.838,1.849,1.96,1.944,1.947,1.949,1.951,1.952,1.953,1.961,1.96,1.721,1.723,1.732,1.731,1.743,1.743,1.744,1.745,1.749,1.761,1.763,1.77,1.764,1.764,1.766,1.766,1.765,1.765,1.77,1.772,1.77,1.773,1.78,1.778,1.783,1.781,1.779,1.569,1.577,1.592,1.627,1.637,1.645,1.653,1.671,1.675,1.868,1.863,1.861,1.863,1.863,1.866,1.863,1.861,1.863,1.769,1.757,1.752,1.744,1.845,1.777,1.764,1.76,1.753,1.602,1.609,1.598,1.599,1.594,1.597,1.598,1.596,1.6,1.604,1.632,1.638,1.645,1.65,1.65,1.653,1.656,1.652
1266,1.358,1.356,1.358,1.373,1.37,1.375,1.374,1.386,1.381,1.4,1.401,1.401,1.398,1.398,1.41,1.399,1.405,1.419,1.341,1.336,1.289,1.297,1.342,1.349,1.348,1.362,1.368,1.283,1.281,1.282,1.282,1.278,1.278,1.277,1.28,1.275,1.243,1.245,1.239,1.237,1.233,1.238,1.235,1.236,1.233,1.463,1.463,1.46,1.465,1.469,1.466,1.466,1.466,1.471,1.604,1.565,1.56,1.56,1.559,1.576,1.557,1.575,1.573,1.401,1.405,1.411,1.413,1.42,1.424,1.423,1.421,1.423,1.437,1.428,1.421,1.431,1.433,1.43,1.428,1.426,1.427,1.382,1.384,1.381,1.381,1.384,1.389,1.39,1.387,1.388,1.446,1.461,1.465,1.479,1.478,1.482,1.483,1.49,1.495,1.603,1.594,1.588,1.601,1.588,1.601,1.59,1.591,1.59,1.48,1.472,1.471,1.387,1.359,1.474,1.472,1.471,1.466,1.393,1.389,1.382,1.381,1.376,1.382,1.376,1.385,1.384,1.287,1.279,1.28,1.282,1.289,1.288,1.299,1.297,1.297
1267,1.031,1.027,1.029,1.04,1.04,1.054,1.047,1.057,1.042,1.119,1.121,1.119,1.124,1.116,1.118,1.122,1.145,1.134,1.152,1.147,1.083,1.063,1.057,1.051,1.046,1.047,1.05,1.007,1.005,1.003,1.004,1.002,1.004,1.007,1.006,1.003,1.044,1.05,1.045,1.044,1.045,1.04,1.042,1.041,1.039,1.196,1.204,1.205,1.214,1.215,1.219,1.225,1.224,1.226,1.285,1.275,1.274,1.273,1.273,1.276,1.274,1.273,1.287,1.269,1.272,1.271,1.269,1.267,1.267,1.269,1.267,1.265,1.197,1.177,1.166,1.179,1.188,1.191,1.193,1.188,1.191,1.184,1.183,1.178,1.184,1.179,1.182,1.184,1.181,1.182,1.225,1.221,1.236,1.226,1.228,1.226,1.227,1.228,1.228,1.23,1.225,1.227,1.223,1.23,1.234,1.23,1.234,1.232,1.228,1.225,1.222,1.245,1.142,1.207,1.219,1.221,1.222,1.221,1.22,1.205,1.204,1.203,1.198,1.193,1.201,1.201,1.127,1.082,1.071,1.052,1.048,1.048,1.039,1.034,1.031
1268,0.88,0.864,0.871,0.908,0.921,0.929,0.938,0.931,0.912,0.914,0.913,0.915,0.919,0.918,0.917,0.923,0.937,0.937,1.049,1.051,1.047,1.052,1.083,1.085,1.095,1.101,1.1,0.817,0.818,0.82,0.82,0.821,0.827,0.826,0.826,0.83,0.872,0.877,0.873,0.874,0.875,0.877,0.881,0.88,0.879,0.783,0.784,0.788,0.79,0.796,0.795,0.797,0.799,0.804,0.814,0.821,0.819,0.821,0.82,0.822,0.821,0.822,0.84,0.894,0.892,0.898,0.893,0.902,0.902,0.9,0.906,0.901,0.803,0.792,0.795,0.787,0.789,0.788,0.791,0.797,0.795,0.789,0.797,0.794,0.8,0.807,0.8,0.806,0.81,0.813,0.728,0.718,0.722,0.723,0.719,0.723,0.717,0.72,0.716,0.739,0.745,0.749,0.748,0.748,0.745,0.744,0.746,0.746,0.909,0.909,0.914,0.922,0.917,0.917,0.917,0.926,0.92,0.829,0.787,0.777,0.771,0.774,0.769,0.767,0.765,0.77,0.79,0.782,0.782,0.785,0.785,0.792,0.794,0.798,0.793
1269,0.733,0.73,0.736,0.793,0.809,0.816,0.823,0.809,0.801,0.783,0.785,0.787,0.784,0.786,0.792,0.79,0.807,0.806,0.831,0.833,0.823,0.826,0.868,0.862,0.868,0.891,0.888,0.673,0.674,0.678,0.678,0.68,0.681,0.68,0.676,0.682,0.755,0.758,0.761,0.761,0.764,0.762,0.768,0.766,0.762,0.621,0.623,0.636,0.645,0.648,0.652,0.654,0.66,0.658,0.639,0.646,0.646,0.646,0.651,0.65,0.657,0.678,0.758,0.721,0.721,0.738,0.735,0.741,0.745,0.748,0.746,0.744,0.535,0.545,0.551,0.555,0.564,0.57,0.549,0.558,0.555,0.627,0.623,0.624,0.622,0.63,0.63,0.637,0.634,0.636,0.577,0.572,0.586,0.585,0.592,0.591,0.594,0.601,0.598,0.572,0.568,0.572,0.579,0.567,0.578,0.569,0.571,0.574,0.64,0.646,0.65,0.653,0.645,0.638,0.648,0.64,0.65,0.536,0.543,0.543,0.538,0.551,0.556,0.546,0.543,0.554,0.587,0.58,0.577,0.585,0.588,0.583,0.58,0.576,0.578
1270,0.292,0.298,0.302,0.33,0.334,0.333,0.33,0.31,0.301,0.37,0.372,0.369,0.369,0.37,0.371,0.374,0.388,0.388,0.402,0.403,0.46,0.463,0.423,0.419,0.416,0.407,0.404,0.28,0.275,0.277,0.284,0.277,0.281,0.284,0.284,0.282,0.345,0.352,0.353,0.361,0.36,0.363,0.36,0.362,0.362,0.303,0.301,0.305,0.305,0.314,0.311,0.317,0.314,0.325,0.401,0.373,0.375,0.37,0.376,0.38,0.386,0.414,0.385,0.397,0.401,0.419,0.425,0.431,0.434,0.429,0.434,0.437,0.251,0.247,0.258,0.263,0.263,0.268,0.274,0.274,0.266,0.333,0.339,0.342,0.342,0.339,0.343,0.345,0.35,0.354,0.359,0.348,0.348,0.361,0.361,0.362,0.358,0.365,0.371,0.416,0.419,0.419,0.428,0.439,0.442,0.44,0.445,0.444,0.521,0.521,0.525,0.52,0.534,0.534,0.542,0.54,0.524,0.319,0.333,0.336,0.339,0.332,0.346,0.348,0.337,0.339,0.412,0.406,0.427,0.426,0.418,0.416,0.415,0.414,0.421
1271,0.358,0.352,0.354,0.331,0.334,0.327,0.33,0.29,0.28,0.337,0.331,0.32,0.322,0.325,0.321,0.32,0.326,0.326,0.406,0.415,0.463,0.474,0.449,0.448,0.45,0.459,0.468,0.216,0.216,0.216,0.222,0.222,0.224,0.231,0.224,0.226,0.288,0.292,0.295,0.296,0.3,0.29,0.293,0.302,0.288,0.392,0.387,0.401,0.411,0.402,0.41,0.405,0.413,0.407,0.56,0.438,0.431,0.429,0.444,0.456,0.455,0.417,0.386,0.534,0.542,0.57,0.575,0.592,0.596,0.605,0.605,0.605,0.247,0.24,0.222,0.2,0.206,0.208,0.232,0.249,0.258,0.309,0.303,0.301,0.306,0.313,0.313,0.309,0.309,0.312,0.377,0.382,0.386,0.385,0.392,0.398,0.385,0.398,0.395,0.392,0.381,0.375,0.397,0.411,0.426,0.423,0.436,0.452,0.474,0.478,0.483,0.466,0.48,0.486,0.51,0.519,0.506,0.232,0.221,0.229,0.251,0.239,0.243,0.24,0.251,0.222,0.29,0.301,0.326,0.297,0.307,0.298,0.309,0.297,0.301
1272,0.496,0.473,0.455,0.393,0.407,0.381,0.388,0.375,0.4,0.514,0.511,0.511,0.501,0.492,0.499,0.496,0.471,0.466,0.321,0.33,0.294,0.299,0.314,0.315,0.302,0.282,0.268,0.672,0.666,0.651,0.666,0.667,0.656,0.647,0.644,0.651,0.48,0.481,0.484,0.469,0.462,0.456,0.454,0.458,0.459,0.593,0.58,0.571,0.56,0.556,0.56,0.561,0.566,0.566,0.485,0.519,0.501,0.488,0.477,0.463,0.445,0.414,0.409,0.39,0.391,0.391,0.399,0.398,0.4,0.393,0.4,0.386,0.651,0.65,0.65,0.625,0.672,0.679,0.658,0.653,0.641,0.538,0.524,0.51,0.501,0.496,0.486,0.483,0.489,0.473,0.629,0.63,0.618,0.623,0.636,0.633,0.617,0.625,0.616,0.531,0.515,0.532,0.535,0.549,0.538,0.546,0.557,0.551,0.493,0.497,0.5,0.533,0.505,0.504,0.489,0.487,0.491,0.66,0.628,0.615,0.603,0.616,0.595,0.596,0.616,0.616,0.543,0.508,0.54,0.527,0.522,0.524,0.524,0.523,0.525
1273,0.765,0.755,0.748,0.691,0.673,0.665,0.641,0.694,0.74,0.807,0.809,0.807,0.793,0.805,0.787,0.72,0.713,0.695,0.882,0.876,0.853,0.867,0.911,0.92,0.915,0.886,0.875,1.022,1.026,1.025,1.02,1.024,1.019,1.02,1.036,1.017,0.762,0.754,0.761,0.733,0.735,0.746,0.737,0.739,0.744,0.841,0.836,0.799,0.781,0.79,0.769,0.777,0.807,0.789,0.786,0.765,0.773,0.77,0.775,0.784,0.783,0.777,0.792,0.791,0.841,0.864,0.879,0.856,0.87,0.837,0.851,0.848,0.893,0.912,0.893,0.946,0.949,0.969,0.964,0.975,0.985,0.761,0.767,0.754,0.764,0.714,0.736,0.711,0.718,0.716,0.708,0.694,0.694,0.672,0.678,0.666,0.676,0.664,0.65,0.715,0.707,0.739,0.733,0.731,0.738,0.73,0.761,0.721,0.825,0.833,0.828,0.824,0.824,0.812,0.815,0.791,0.81,0.882,0.877,0.883,0.887,0.883,0.879,0.88,0.874,0.882,0.678,0.697,0.705,0.694,0.724,0.683,0.708,0.715,0.705
1274,1.197,1.229,1.26,1.329,1.335,1.306,1.249,1.285,1.277,0.802,0.806,0.784,0.778,0.783,0.772,0.645,0.546,0.529,1.206,1.156,1.138,1.152,1.107,1.132,1.148,1.184,1.203,0.905,0.89,0.882,0.894,0.865,0.838,0.841,0.829,0.874,1.17,1.17,1.183,1.161,1.23,1.249,1.223,1.212,1.245,1.314,1.323,1.338,1.331,1.344,1.334,1.337,1.359,1.334,1.084,1.076,1.069,1.063,1.066,1.06,1.076,1.071,1.071,1.349,1.4,1.424,1.422,1.422,1.442,1.427,1.438,1.432,1.349,1.397,1.411,1.443,1.425,1.417,1.413,1.406,1.411,1.179,1.212,1.218,1.271,1.292,1.319,1.309,1.33,1.337,1.285,1.286,1.274,1.261,1.285,1.292,1.277,1.292,1.286,0.9,0.866,0.908,0.91,0.966,0.982,0.972,0.988,0.99,1.322,1.338,1.342,1.323,1.323,1.284,1.308,1.266,1.294,1.095,1.054,1.054,1.05,1.062,1.085,1.074,1.074,1.11,1.216,1.208,1.21,1.23,1.242,1.249,1.276,1.29,1.269
1275,0.893,0.94,0.973,1.199,1.197,1.203,1.166,1.062,0.979,0.427,0.422,0.431,0.432,0.424,0.426,0.42,0.518,0.702,0.469,0.469,0.459,0.459,0.451,0.429,0.41,0.402,0.397,0.567,0.563,0.572,0.576,0.574,0.588,0.574,0.577,0.589,0.198,0.203,0.191,0.183,0.167,0.158,0.155,0.155,0.14,0.849,0.829,0.829,0.809,0.818,0.817,0.887,0.868,0.849,0.664,0.669,0.668,0.675,0.675,0.662,0.656,0.675,0.66,0.774,0.778,0.785,0.78,0.783,0.765,0.769,0.779,0.784,0.821,0.825,0.815,0.891,0.886,0.885,0.907,0.924,0.93,0.582,0.57,0.574,0.575,0.57,0.564,0.57,0.553,0.567,0.654,0.684,0.672,0.664,0.692,0.71,0.697,0.699,0.692,0.554,0.567,0.546,0.553,0.561,0.565,0.556,0.563,0.552,0.512,0.525,0.536,0.536,0.536,0.554,0.53,0.547,0.546,0.684,0.694,0.633,0.64,0.655,0.636,0.65,0.637,0.637,0.441,0.411,0.411,0.429,0.422,0.418,0.423,0.42,0.424
1276,0.709,0.683,0.674,0.697,0.696,0.722,0.753,0.765,0.776,0.544,0.536,0.541,0.539,0.541,0.54,0.542,0.635,0.711,0.183,0.194,0.195,0.21,0.262,0.27,0.278,0.299,0.322,0.531,0.534,0.531,0.539,0.527,0.534,0.532,0.533,0.531,0.419,0.425,0.421,0.428,0.412,0.414,0.406,0.418,0.407,0.854,0.861,0.855,0.877,0.869,0.865,0.908,0.88,0.857,0.639,0.661,0.658,0.649,0.647,0.644,0.642,0.63,0.621,0.493,0.506,0.53,0.53,0.53,0.541,0.547,0.538,0.544,0.536,0.544,0.551,0.496,0.499,0.501,0.492,0.492,0.5,0.414,0.446,0.44,0.446,0.412,0.422,0.416,0.411,0.413,1.157,1.172,1.199,1.232,1.248,1.267,1.271,1.28,1.298,0.709,0.702,0.696,0.705,0.718,0.722,0.723,0.742,0.743,0.468,0.461,0.472,0.489,0.496,0.507,0.517,0.532,0.546,0.694,0.697,0.732,0.715,0.735,0.717,0.727,0.714,0.736,0.585,0.571,0.556,0.556,0.567,0.562,0.546,0.531,0.547
1277,1.41,1.468,1.493,1.558,1.541,1.499,1.483,1.424,1.385,1.598,1.614,1.635,1.637,1.648,1.665,1.748,1.641,1.524,1.138,1.156,1.18,1.191,1.252,1.247,1.25,1.248,1.249,1.434,1.502,1.524,1.553,1.576,1.599,1.63,1.648,1.646,1.71,1.738,1.767,1.823,1.808,1.801,1.826,1.812,1.831,1.071,1.106,1.135,1.173,1.207,1.207,1.243,1.24,1.28,1.323,1.495,1.503,1.518,1.534,1.545,1.546,1.571,1.572,0.71,0.761,0.782,0.791,0.804,0.801,0.8,0.813,0.818,1.24,1.333,1.36,1.408,1.423,1.44,1.46,1.464,1.473,1.411,1.42,1.412,1.446,1.465,1.464,1.46,1.493,1.473,1.441,1.494,1.518,1.47,1.456,1.453,1.437,1.428,1.425,1.462,1.489,1.509,1.482,1.467,1.457,1.464,1.464,1.476,1.264,1.286,1.254,1.283,1.256,1.233,1.241,1.252,1.247,1.792,1.823,1.89,1.911,1.919,1.899,1.918,1.948,1.945,1.69,1.709,1.658,1.653,1.75,1.763,1.76,1.653,1.704
1278,0.587,0.543,0.523,0.519,0.524,0.525,0.542,0.493,0.541,0.583,0.583,0.589,0.608,0.582,0.598,0.593,0.535,0.663,0.361,0.371,0.343,0.325,0.292,0.297,0.292,0.24,0.231,2.19,2.175,2.171,2.175,2.174,2.198,2.206,2.207,2.214,2.539,2.439,2.385,2.436,2.471,2.462,2.439,2.418,2.458,0.729,0.732,0.71,0.73,0.716,0.734,0.733,0.715,0.75,0.882,0.611,0.612,0.626,0.626,0.621,0.613,0.626,0.624,0.922,0.822,0.674,0.68,0.62,0.592,0.621,0.579,0.54,2.496,2.378,2.344,2.289,2.315,2.296,2.29,2.267,2.278,2.582,2.458,2.416,2.39,2.422,2.461,2.599,2.495,2.439,0.628,0.623,0.569,0.583,0.569,0.561,0.551,0.546,0.552,0.594,0.586,0.562,0.587,0.624,0.607,0.588,0.582,0.575,0.383,0.363,0.224,0.098,0.109,0.124,0.123,0.119,0.109,2.329,2.535,2.221,2.151,2.106,2.113,2.08,2.089,2.08,2.353,2.375,2.392,2.363,2.376,2.317,2.393,2.381,2.35
1279,0.742,0.733,0.753,0.776,0.723,0.726,0.739,0.769,0.757,0.85,0.861,0.851,0.848,0.857,0.844,0.906,0.928,0.818,0.849,0.834,0.742,0.748,0.894,0.932,0.952,0.964,1.007,0.598,0.587,0.585,0.613,0.608,0.603,0.601,0.593,0.604,0.244,0.233,0.234,0.244,0.261,0.254,0.247,0.277,0.236,0.985,0.987,0.962,0.902,0.901,0.89,0.849,0.84,0.831,0.735,0.703,0.708,0.701,0.716,0.709,0.708,0.709,0.729,0.613,0.656,0.699,0.714,0.749,0.769,0.758,0.78,0.765,0.486,0.463,0.491,0.487,0.494,0.5,0.518,0.496,0.499,0.126,0.145,0.162,0.163,0.15,0.112,0.102,0.13,0.133,0.943,0.932,0.965,0.951,0.954,0.941,0.981,0.97,0.967,0.69,0.688,0.683,0.692,0.701,0.675,0.66,0.682,0.673,1.151,1.122,1.099,1.051,1.037,0.986,1.023,0.983,0.983,0.408,0.476,0.465,0.465,0.424,0.46,0.465,0.465,0.464,0.109,0.143,0.155,0.142,0.184,0.17,0.207,0.207,0.187
