,0,1429,1430,1431,1432,1433,1434,1435,1436,1437,1438,1439,1440,1441,1442,1443,1444,1445,1446,1447,1448,1449,1450,1451,1452,1453,1454,1455,1456,1457,1458,1459,1460,1461,1462,1463,1464,1465,1466,1467,1468,1469,1470,1471,1472,1473,1474,1475,1476,1477,1478,1479,1480,1481,1482,1483,1484,1485,1486,1487,1488,1489,1490,1491,1492,1493,1494,1495,1496,1497,1498,1499,1500,1501,1502,1503,1504,1505,1506,1507,1508,1509
phase,dut_id,spk-2_thd,spk-2_thd,spk-2_thd,spk-2_thd,spk-2_thd,spk-2_thd,spk-2_thd,spk-2_thd,spk-2_thd,spk-2_thd,spk-2_thd,spk-2_thd,spk-2_thd,spk-2_thd,spk-2_thd,spk-2_thd,spk-2_thd,spk-2_thd,spk-2_thd,spk-2_thd,spk-2_thd,spk-2_thd,spk-2_thd,spk-2_thd,spk-2_thd,spk-2_thd,spk-2_thd,spk-2_thd,spk-2_thd,spk-2_thd,spk-2_thd,spk-2_thd,spk-2_thd,spk-2_thd,spk-2_thd,spk-2_thd,spk-2_thd,spk-2_thd,spk-2_thd,spk-2_thd,spk-2_thd,spk-2_thd,spk-2_thd,spk-2_thd,spk-2_thd,spk-2_thd,spk-2_thd,spk-2_thd,spk-2_thd,spk-2_thd,spk-2_thd,spk-2_thd,spk-2_thd,spk-2_thd,spk-2_thd,spk-2_thd,spk-2_thd,spk-2_thd,spk-2_thd,spk-2_thd,spk-2_thd,spk-2_thd,spk-2_thd,spk-2_thd,spk-2_thd,spk-2_thd,spk-2_thd,spk-2_thd,spk-2_thd,spk-2_thd,spk-2_thd,spk-2_thd,spk-2_thd,spk-2_thd,spk-2_thd,spk-2_thd,spk-2_thd,spk-2_thd,spk-2_thd,spk-2_thd,spk-2_thd
freq,,100.0,106.0,112.0,118.0,125.0,132.0,140.0,150.0,160.0,170.0,180.0,190.0,200.0,212.0,224.0,236.0,250.0,265.0,280.0,300.0,315.0,335.0,355.0,375.0,400.0,425.0,450.0,475.0,500.0,530.0,560.0,600.0,630.0,670.0,710.0,750.0,800.0,850.0,900.0,950.0,1000.0,1060.0,1120.0,1180.0,1250.0,1320.0,1400.0,1500.0,1600.0,1700.0,1800.0,1900.0,2000.0,2120.0,2240.0,2360.0,2500.0,2650.0,2800.0,3000.0,3150.0,3350.0,3550.0,3750.0,4000.0,4250.0,4500.0,4750.0,5000.0,5300.0,5600.0,6000.0,6300.0,6700.0,7100.0,7500.0,8000.0,8500.0,9000.0,9500.0,10000.0
0,5B031FDDX00004,31.336,30.51,31.153,31.489,31.916,32.295,33.006,34.021,34.889,36.367,37.606,38.95,40.793,42.341,42.832,43.767,44.273,43.229,40.89,36.997,33.942,29.851,25.321,21.637,16.728,13.098,11.122,9.64,8.801,7.607,6.749,6.051,6.069,6.051,6.074,6.258,6.338,6.304,6.358,6.573,6.809,6.908,6.504,6.69,7.253,7.164,7.207,7.426,8.643,7.926,6.278,5.026,4.189,3.962,3.591,3.487,3.055,1.889,1.119,0.785,0.573,0.527,0.53,0.62,0.988,1.222,2.245,2.365,2.299,2.08,1.646,1.806,1.291,0.797,1.137,1.157,0.675,0.569,0.056,0.247,0.356
1,5B031FDDX00004,30.547,30.601,30.894,31.377,31.795,32.224,33.158,35.138,35.049,36.416,37.427,39.056,41.098,42.302,42.98,43.798,44.2,43.206,40.93,37.39,34.246,30.078,25.177,21.755,16.647,13.221,11.163,9.691,8.783,7.666,6.703,6.103,6.012,6.063,6.082,6.112,6.389,6.365,6.37,6.542,6.715,6.903,6.536,6.671,7.23,7.167,7.181,7.409,8.628,7.91,6.235,5.009,4.159,3.923,3.586,3.464,3.037,1.878,1.108,0.793,0.571,0.521,0.526,0.622,0.986,1.219,2.235,2.348,2.263,2.077,1.668,1.825,1.271,0.8,1.123,1.11,0.636,0.578,0.1,0.245,0.382
2,5B031FDDX00004,30.701,30.483,30.541,31.137,31.28,31.975,33.304,34.587,35.735,36.612,37.908,39.689,41.029,42.954,43.387,44.103,43.584,42.344,41.128,37.049,34.312,30.2,25.252,21.422,16.644,13.106,11.195,9.628,8.765,7.492,6.676,6.081,6.075,6.135,6.026,6.214,6.337,6.359,6.389,6.503,6.732,6.902,6.527,6.673,7.221,7.125,7.155,7.436,8.669,7.976,6.272,5.017,4.151,3.927,3.576,3.499,3.062,1.888,1.11,0.788,0.571,0.518,0.521,0.609,0.977,1.221,2.227,2.353,2.277,2.064,1.67,1.837,1.275,0.798,1.124,1.127,0.667,0.512,0.079,0.27,0.362
3,5B031FDDX00004,30.569,30.787,30.657,31.5,31.861,32.669,32.844,33.952,34.921,36.111,37.138,39.184,40.594,42.363,42.97,44.039,43.466,42.623,40.872,36.676,34.03,30.039,25.649,21.433,16.665,13.188,11.255,9.672,8.764,7.72,6.708,6.089,5.996,5.98,6.11,6.187,6.32,6.34,6.339,6.471,6.696,6.891,6.495,6.703,7.239,7.127,7.176,7.395,8.635,7.887,6.29,5.026,4.188,3.91,3.565,3.473,3.047,1.89,1.119,0.778,0.568,0.531,0.52,0.612,0.985,1.22,2.235,2.362,2.281,2.081,1.657,1.809,1.288,0.807,1.137,1.085,0.686,0.582,0.077,0.259,0.352
4,5B031FDDX00004,30.706,30.584,30.871,30.819,31.65,32.435,33.016,34.017,35.176,35.401,37.395,38.677,40.975,42.937,43.548,43.893,43.922,42.883,40.639,36.796,34.127,30.044,25.091,21.442,16.651,13.105,11.182,9.895,8.641,7.649,6.7,6.001,6.029,6.066,6.014,6.228,6.322,6.292,6.357,6.55,6.692,6.89,6.515,6.716,7.181,7.115,7.11,7.447,8.623,7.931,6.255,5.025,4.142,3.928,3.591,3.486,3.063,1.912,1.101,0.78,0.574,0.518,0.519,0.618,0.974,1.22,2.209,2.343,2.245,2.049,1.652,1.82,1.313,0.807,1.149,1.138,0.671,0.565,0.024,0.183,0.259
5,5B031FDDX00004,30.718,30.837,30.761,31.29,31.714,32.125,32.872,33.508,35.204,36.014,37.813,38.811,40.719,42.888,42.952,43.745,44.027,42.973,40.727,37.045,34.144,30.246,25.145,21.468,16.677,13.134,11.137,9.68,8.715,7.655,6.671,6.073,6.009,5.959,5.988,6.237,6.322,6.291,6.311,6.477,6.686,6.866,6.502,6.683,7.18,7.179,7.21,7.389,8.579,7.888,6.259,5.016,4.169,3.914,3.58,3.486,3.046,1.901,1.113,0.774,0.567,0.527,0.522,0.613,0.975,1.216,2.217,2.344,2.263,2.067,1.64,1.816,1.285,0.789,1.113,1.117,0.672,0.586,0.056,0.233,0.342
6,5B031FDDX00004,31.001,31.19,30.553,31.921,32.363,33.178,33.653,34.9,35.612,36.66,38.691,39.457,41.541,42.522,43.605,44.575,43.622,42.811,41.28,36.921,33.876,29.824,25.673,21.573,16.668,13.168,11.152,9.614,8.766,7.586,6.637,6.099,6.071,6.031,6.075,6.36,6.47,6.392,6.58,6.679,6.865,7.042,6.54,6.663,7.194,7.335,7.283,8.031,8.989,8.311,6.479,4.984,4.085,3.646,3.549,3.524,3.108,1.956,1.092,0.742,0.543,0.525,0.504,0.614,1.04,1.38,2.116,2.265,2.141,1.867,1.757,1.834,1.245,0.942,1.197,1.081,0.625,0.517,0.055,0.17,0.3
7,5B031FDDX00004,30.827,31.198,31.0,31.787,32.282,32.654,33.281,34.96,35.863,36.488,38.337,39.307,41.71,43.285,45.023,44.863,43.94,43.099,40.75,37.242,34.242,30.336,25.898,21.787,16.88,13.227,11.146,9.71,8.76,7.68,6.865,6.162,6.273,6.104,6.066,6.326,6.576,6.474,6.53,6.654,6.936,7.076,6.536,6.706,7.159,7.307,7.218,7.995,9.007,8.326,6.456,5.007,4.126,3.669,3.547,3.498,3.123,1.975,1.09,0.718,0.547,0.524,0.501,0.625,1.05,1.388,2.124,2.277,2.157,1.907,1.746,1.83,1.247,0.949,1.198,1.073,0.684,0.513,0.112,0.19,0.336
8,5B031FDDX00004,31.044,31.342,31.064,31.811,32.24,33.04,33.686,34.867,35.658,36.844,38.13,40.061,42.011,42.867,44.092,46.132,44.084,42.96,40.748,37.112,34.001,29.908,25.537,21.739,16.817,13.32,11.083,9.721,8.763,7.647,6.688,6.027,6.117,5.972,6.131,6.358,6.502,6.414,6.494,6.667,6.871,6.996,6.48,6.631,7.083,7.308,7.347,8.099,8.999,8.338,6.458,4.961,4.088,3.636,3.547,3.49,3.086,1.969,1.089,0.726,0.537,0.523,0.506,0.61,1.04,1.387,2.117,2.257,2.126,1.849,1.731,1.814,1.249,0.935,1.194,1.108,0.677,0.53,0.129,0.158,0.312
9,5B031FDDX00004,31.032,30.93,30.879,31.216,32.224,33.064,33.836,34.754,36.064,36.521,38.48,39.16,41.252,43.473,43.312,44.37,44.367,42.701,41.235,37.155,33.948,29.978,25.432,21.94,16.637,13.036,11.094,9.694,8.83,7.575,6.763,6.036,6.195,6.031,6.113,6.298,6.595,6.471,6.485,6.669,6.878,7.004,6.517,6.629,7.046,7.242,7.302,8.044,9.012,8.34,6.473,4.973,4.089,3.636,3.539,3.503,3.085,1.988,1.088,0.735,0.541,0.514,0.5,0.613,1.044,1.384,2.12,2.265,2.127,1.847,1.733,1.815,1.251,0.944,1.191,1.08,0.65,0.515,0.087,0.202,0.298
10,5B031FDDX00004,30.497,30.618,31.285,31.212,32.508,33.083,33.267,34.732,35.182,36.328,37.818,39.482,41.506,43.045,43.95,44.86,44.191,43.151,41.292,36.787,33.942,30.115,25.486,21.869,16.744,13.254,11.18,9.653,8.748,7.685,6.504,5.936,5.982,5.952,6.079,6.271,6.509,6.442,6.491,6.674,6.844,6.931,6.452,6.612,7.123,7.335,7.373,8.125,8.97,8.318,6.437,4.953,4.068,3.622,3.527,3.517,3.096,1.963,1.085,0.737,0.54,0.519,0.506,0.617,1.043,1.375,2.089,2.249,2.118,1.853,1.731,1.802,1.253,0.943,1.179,1.067,0.677,0.524,0.112,0.195,0.321
11,5B031FDDX00004,31.15,31.291,31.05,31.197,32.112,32.677,33.446,34.686,35.798,36.45,38.22,39.393,41.129,43.841,44.028,44.929,43.998,43.12,41.237,37.092,34.028,30.086,25.485,21.58,16.746,13.173,11.251,10.029,8.767,7.785,6.83,6.003,6.0,6.07,6.04,6.361,6.507,6.441,6.507,6.626,6.878,6.943,6.482,6.603,7.099,7.343,7.293,8.103,8.993,8.336,6.435,4.947,4.072,3.628,3.538,3.492,3.079,1.944,1.088,0.729,0.55,0.525,0.495,0.613,1.043,1.38,2.101,2.244,2.114,1.845,1.728,1.813,1.243,0.945,1.192,1.086,0.648,0.54,0.065,0.111,0.269
12,5B031FDDX00004,31.737,31.592,31.879,32.23,32.424,32.959,33.761,34.618,36.336,37.7,38.215,39.706,41.484,42.968,43.545,44.517,44.092,43.753,41.244,37.616,34.083,30.297,25.505,21.749,16.822,13.275,11.369,9.79,8.875,7.745,6.817,6.45,6.254,6.199,6.223,6.362,6.436,6.475,6.482,6.617,6.852,7.119,6.773,6.9,7.265,7.335,7.372,7.747,8.884,8.056,6.406,5.068,4.164,3.786,3.574,3.501,2.992,1.96,1.152,0.817,0.571,0.536,0.536,0.618,1.049,1.261,2.359,2.429,2.399,2.08,1.612,1.906,1.289,0.963,1.191,1.176,0.62,0.605,0.05,0.239,0.327
13,5B031FDDX00004,31.892,31.745,32.189,32.104,32.615,33.358,33.752,35.157,36.874,37.774,38.218,40.446,41.217,43.296,43.574,44.722,44.71,43.284,40.876,37.371,34.05,29.785,25.164,21.535,16.685,13.269,11.191,9.793,8.741,7.529,6.773,6.202,6.103,6.066,6.14,6.3,6.356,6.359,6.44,6.692,6.849,7.112,6.767,6.906,7.295,7.291,7.402,7.691,8.835,7.876,6.239,4.936,4.049,3.761,3.512,3.504,2.998,1.971,1.155,0.804,0.559,0.533,0.561,0.606,1.033,1.246,2.329,2.391,2.351,2.114,1.688,1.878,1.237,0.938,1.2,1.172,0.674,0.557,0.061,0.214,0.367
14,5B031FDDX00004,31.527,31.635,31.507,32.444,32.54,32.997,33.862,35.275,36.369,37.28,38.855,40.086,41.236,43.603,43.562,44.833,44.373,43.476,40.976,37.469,34.056,29.944,25.476,21.68,16.777,13.22,11.385,9.632,8.75,7.676,6.742,6.166,6.103,6.205,6.12,6.3,6.444,6.37,6.451,6.649,6.811,7.056,6.691,6.857,7.221,7.252,7.341,7.644,8.793,7.962,6.36,5.02,4.129,3.753,3.52,3.484,3.014,1.943,1.157,0.807,0.577,0.537,0.552,0.622,1.039,1.251,2.323,2.378,2.347,2.043,1.596,1.875,1.277,0.957,1.181,1.188,0.631,0.551,0.115,0.254,0.372
15,5B031FDDX00004,31.534,31.068,31.73,32.061,32.508,33.02,33.551,35.396,36.523,37.028,38.31,40.163,41.076,43.406,43.985,45.38,44.292,43.085,41.351,37.443,34.177,29.945,25.376,21.498,16.771,13.081,11.184,9.77,8.721,7.513,6.724,6.254,6.056,6.08,6.182,6.319,6.387,6.333,6.338,6.608,6.813,7.086,6.669,6.867,7.182,7.247,7.343,7.646,8.777,7.938,6.343,4.984,4.114,3.773,3.523,3.482,3.003,1.965,1.151,0.801,0.572,0.537,0.537,0.611,1.038,1.249,2.311,2.364,2.33,2.053,1.618,1.858,1.261,0.958,1.195,1.181,0.673,0.58,0.108,0.22,0.381
16,5B031FDDX00004,31.488,31.258,31.807,31.764,32.289,32.905,33.657,35.068,36.685,37.361,38.037,39.293,41.243,42.697,44.156,44.721,44.227,43.456,41.125,37.336,34.646,30.125,25.324,21.309,16.675,13.231,11.233,9.696,8.746,7.525,6.582,6.089,6.146,6.066,6.139,6.395,6.439,6.351,6.395,6.56,6.849,7.109,6.727,6.816,7.223,7.244,7.306,7.635,8.714,7.949,6.319,5.006,4.16,3.804,3.591,3.519,3.059,1.95,1.14,0.8,0.569,0.542,0.546,0.604,1.028,1.244,2.298,2.366,2.33,2.026,1.563,1.827,1.282,0.965,1.216,1.214,0.662,0.555,0.103,0.222,0.366
17,5B031FDDX00004,31.064,31.705,31.961,32.193,32.616,33.263,33.959,34.84,35.992,37.497,37.716,39.742,41.523,43.449,43.653,44.548,44.575,42.958,41.411,37.571,34.171,29.91,25.523,21.479,16.83,13.079,11.245,9.771,8.53,7.51,6.714,6.138,6.216,6.26,6.114,6.291,6.45,6.411,6.424,6.59,6.814,7.072,6.7,6.862,7.214,7.268,7.31,7.648,8.744,7.94,6.326,5.017,4.153,3.79,3.566,3.517,3.038,1.957,1.135,0.803,0.564,0.536,0.542,0.618,1.031,1.248,2.31,2.369,2.354,2.036,1.556,1.826,1.298,0.977,1.215,1.187,0.675,0.551,0.13,0.24,0.417
18,5B031FDDX00004,31.319,31.015,30.941,31.905,32.019,32.661,33.449,34.209,35.539,36.799,37.892,39.04,40.791,42.284,43.659,43.931,43.666,42.865,40.451,36.818,33.822,29.925,25.484,21.407,16.556,12.964,11.028,9.45,8.599,7.596,6.868,6.226,6.06,5.977,6.064,6.173,6.324,6.427,6.554,6.92,6.996,6.967,6.636,6.768,7.203,6.976,7.246,8.011,9.14,8.315,6.484,5.061,3.997,3.76,3.505,3.552,3.122,1.754,0.988,0.66,0.477,0.468,0.44,0.566,0.97,1.355,2.1,1.914,1.882,1.777,1.599,1.736,1.281,1.012,0.938,0.928,0.567,0.482,0.079,0.283,0.379
19,5B031FDDX00004,31.106,30.709,30.992,31.562,31.905,32.511,33.37,34.114,35.067,36.614,37.928,39.259,40.809,42.498,43.692,44.238,43.634,42.818,40.408,36.973,33.673,30.048,25.272,21.496,16.524,12.935,10.905,9.446,8.539,7.536,6.731,6.26,6.056,6.007,6.068,6.171,6.244,6.396,6.516,6.788,7.026,6.916,6.585,6.705,7.147,6.993,7.205,7.936,9.09,8.252,6.43,5.014,3.971,3.724,3.474,3.525,3.097,1.745,0.983,0.657,0.473,0.465,0.439,0.563,0.959,1.345,2.077,1.885,1.855,1.758,1.579,1.719,1.271,0.99,0.922,0.932,0.582,0.493,0.104,0.285,0.347
20,5B031FDDX00004,30.703,30.547,30.969,31.276,32.27,32.527,33.037,34.301,35.414,36.534,37.558,39.018,40.741,42.417,43.464,44.084,43.975,42.643,40.328,36.8,33.791,30.108,25.323,21.312,16.479,12.87,10.773,9.351,8.511,7.473,6.634,6.12,6.097,5.933,5.977,6.242,6.264,6.339,6.52,6.773,6.968,6.9,6.526,6.693,7.146,6.964,7.183,7.887,9.022,8.194,6.382,4.974,3.953,3.711,3.454,3.502,3.076,1.74,0.982,0.657,0.474,0.463,0.437,0.558,0.953,1.337,2.067,1.861,1.828,1.747,1.577,1.708,1.278,0.967,0.902,0.934,0.592,0.495,0.083,0.271,0.327
21,5B031FDDX00004,30.696,30.134,31.294,31.343,31.552,32.273,33.032,34.135,34.978,36.279,37.637,39.227,40.71,42.669,43.327,43.921,43.797,42.806,40.282,36.859,33.776,30.092,25.218,21.362,16.51,12.786,10.974,9.421,8.39,7.435,6.696,6.097,5.96,5.935,6.031,6.176,6.288,6.359,6.472,6.757,7.032,6.893,6.534,6.688,7.096,6.978,7.151,7.923,9.028,8.229,6.406,4.989,3.948,3.709,3.453,3.508,3.084,1.743,0.982,0.656,0.473,0.464,0.438,0.559,0.951,1.337,2.061,1.861,1.824,1.743,1.568,1.698,1.278,0.985,0.929,0.934,0.591,0.484,0.081,0.271,0.349
22,5B031FDDX00004,30.755,30.753,30.994,31.058,31.658,32.261,33.052,33.978,35.251,36.193,37.772,38.973,40.625,42.371,43.863,43.862,43.913,42.851,40.169,36.795,33.729,29.97,25.152,21.333,16.416,12.794,10.724,9.288,8.485,7.334,6.648,6.058,5.958,5.858,6.042,6.199,6.212,6.375,6.447,6.638,6.958,6.853,6.481,6.658,7.078,6.909,7.138,7.877,9.002,8.16,6.393,4.971,3.952,3.694,3.442,3.494,3.072,1.737,0.982,0.655,0.472,0.464,0.438,0.557,0.945,1.331,2.049,1.845,1.813,1.727,1.553,1.677,1.268,0.983,0.906,0.943,0.559,0.454,0.105,0.276,0.324
23,5B031FDDX00004,30.923,30.977,31.017,31.459,31.579,32.287,33.295,34.138,35.25,36.302,37.802,39.018,40.969,42.549,43.455,44.073,44.012,43.041,40.816,36.441,33.804,30.019,25.135,21.318,16.455,12.762,10.75,9.331,8.357,7.322,6.493,6.083,5.921,5.879,6.017,6.128,6.305,6.316,6.457,6.719,6.985,6.85,6.489,6.66,7.034,6.895,7.116,7.836,8.958,8.14,6.377,4.961,3.942,3.687,3.437,3.48,3.067,1.735,0.982,0.656,0.471,0.462,0.437,0.555,0.941,1.328,2.042,1.836,1.801,1.732,1.554,1.677,1.284,0.976,0.912,0.93,0.591,0.486,0.087,0.272,0.34
24,5B031FDDX00004,31.185,32.003,31.991,32.06,32.78,33.871,34.539,35.192,35.722,36.752,38.693,40.568,41.367,43.584,44.123,45.045,45.234,43.984,41.503,37.746,34.568,30.265,25.268,21.84,16.912,13.41,11.226,9.822,8.795,7.557,6.756,6.096,6.09,6.089,6.013,6.147,6.354,6.309,6.291,6.446,6.861,7.115,6.777,6.735,6.843,6.869,6.817,7.653,8.565,8.26,6.517,5.019,4.027,3.634,3.563,3.437,3.151,2.008,1.119,0.713,0.527,0.489,0.511,0.582,1.055,1.432,2.132,2.398,2.088,1.953,1.576,1.864,1.253,0.82,1.158,1.08,0.681,0.603,0.117,0.255,0.368
25,5B031FDDX00004,31.668,31.456,31.779,32.467,32.698,33.317,34.321,34.614,35.835,37.185,38.607,40.077,42.505,44.115,44.961,44.906,44.945,44.239,41.722,37.679,34.359,30.244,25.576,21.788,16.885,13.253,11.32,9.732,8.671,7.581,6.742,6.021,6.138,6.141,6.069,6.2,6.251,6.316,6.241,6.381,6.798,7.14,6.814,6.78,6.845,6.832,6.869,7.641,8.554,8.316,6.502,4.979,4.034,3.614,3.532,3.41,3.143,2.024,1.118,0.713,0.524,0.486,0.51,0.579,1.045,1.43,2.125,2.392,2.075,1.942,1.553,1.87,1.266,0.821,1.163,1.073,0.7,0.595,0.103,0.252,0.39
26,5B031FDDX00004,31.644,31.006,32.112,32.764,33.132,33.504,34.367,34.972,35.91,37.177,39.263,40.393,41.858,43.781,44.621,45.073,44.649,44.144,41.461,37.983,34.43,30.579,25.275,21.664,16.939,13.32,11.16,9.677,8.728,7.688,6.772,6.068,6.131,6.161,6.057,6.199,6.353,6.314,6.231,6.372,6.74,7.071,6.697,6.721,6.844,6.89,6.793,7.627,8.491,8.246,6.454,5.023,4.014,3.621,3.57,3.416,3.159,2.006,1.12,0.715,0.526,0.487,0.514,0.58,1.047,1.428,2.113,2.394,2.071,1.945,1.539,1.858,1.271,0.825,1.162,1.056,0.699,0.596,0.118,0.264,0.37
27,5B031FDDX00004,31.849,31.624,31.551,32.443,32.679,33.865,34.206,34.821,35.705,36.975,38.848,40.17,41.884,43.808,44.857,44.997,44.405,44.114,41.819,37.937,34.371,30.619,25.506,21.6,16.819,13.251,11.177,9.604,8.566,7.364,6.545,6.071,6.11,6.004,6.094,6.187,6.379,6.228,6.243,6.379,6.748,7.071,6.728,6.694,6.812,6.817,6.782,7.603,8.449,8.179,6.425,4.983,4.024,3.582,3.544,3.4,3.138,2.011,1.111,0.713,0.525,0.488,0.512,0.58,1.035,1.42,2.094,2.357,2.042,1.925,1.542,1.833,1.259,0.817,1.15,1.056,0.697,0.606,0.107,0.246,0.365
28,5B031FDDX00004,31.646,31.384,31.758,32.286,32.847,32.981,34.025,34.812,35.942,37.129,38.778,40.241,42.012,43.586,44.436,45.224,45.28,44.0,41.155,37.814,34.613,30.394,25.683,21.667,16.857,13.363,11.224,9.685,8.642,7.509,6.725,6.08,6.115,6.105,6.062,6.214,6.343,6.275,6.242,6.392,6.809,7.114,6.736,6.755,6.88,6.895,6.776,7.634,8.486,8.244,6.434,5.002,4.033,3.609,3.565,3.414,3.166,2.014,1.118,0.713,0.526,0.488,0.515,0.584,1.043,1.434,2.119,2.395,2.072,1.952,1.556,1.844,1.277,0.817,1.168,1.084,0.701,0.575,0.114,0.25,0.389
29,5B031FDDX00004,31.754,31.705,32.394,32.614,33.336,33.737,34.831,35.31,35.604,37.595,38.281,40.02,41.754,43.305,44.114,44.665,44.911,43.59,41.43,37.299,34.071,30.121,25.393,21.562,16.845,13.369,11.281,9.8,8.722,7.672,6.886,6.287,6.199,6.163,6.291,6.388,6.542,6.696,6.641,6.88,6.93,6.792,6.568,6.909,7.087,7.153,7.603,7.715,8.705,7.832,6.226,5.029,4.077,3.836,3.436,3.39,2.942,1.71,1.044,0.765,0.584,0.561,0.483,0.661,0.897,1.255,2.203,2.257,2.336,1.963,1.634,1.491,1.391,0.905,1.171,1.109,0.827,0.539,0.09,0.239,0.396
30,5B031FDDX00004,31.746,31.765,31.982,32.012,32.892,33.51,34.008,34.888,35.861,37.103,38.282,39.487,41.852,43.784,44.285,44.432,44.619,43.274,41.244,37.307,34.073,29.81,25.291,21.402,16.622,13.284,11.439,9.763,8.595,7.634,6.688,6.178,6.154,6.148,6.34,6.311,6.527,6.598,6.589,6.845,6.888,6.705,6.562,6.888,7.026,7.149,7.579,7.7,8.666,7.811,6.197,4.985,4.062,3.839,3.395,3.381,2.933,1.697,1.047,0.758,0.575,0.553,0.471,0.662,0.896,1.241,2.184,2.219,2.305,1.944,1.619,1.476,1.391,0.884,1.182,1.138,0.754,0.558,0.069,0.215,0.333
31,5B031FDDX00004,31.293,32.08,31.876,31.945,32.818,33.162,33.944,35.091,35.564,36.497,38.383,40.077,41.645,43.045,44.464,44.476,44.544,43.247,41.265,37.451,34.087,30.029,25.222,21.463,16.682,13.227,11.18,9.879,8.62,7.567,6.667,6.0,6.043,6.092,6.236,6.355,6.511,6.596,6.58,6.755,6.941,6.735,6.534,6.843,7.016,7.085,7.539,7.664,8.631,7.777,6.175,4.967,4.045,3.814,3.4,3.378,2.923,1.69,1.048,0.752,0.58,0.55,0.475,0.656,0.885,1.235,2.175,2.194,2.29,1.938,1.611,1.465,1.401,0.883,1.163,1.162,0.798,0.535,0.094,0.236,0.381
32,5B031FDDX00004,31.097,31.984,31.469,32.015,32.999,33.163,34.035,34.736,35.647,36.669,38.414,39.983,41.365,43.467,44.402,44.923,44.227,43.548,41.161,37.504,33.939,29.485,25.157,21.363,16.639,13.069,11.277,9.79,8.617,7.519,6.642,6.053,5.973,6.115,6.284,6.293,6.457,6.586,6.556,6.795,6.913,6.739,6.527,6.846,6.989,7.088,7.51,7.61,8.61,7.752,6.163,4.966,4.041,3.805,3.391,3.356,2.907,1.696,1.04,0.749,0.58,0.552,0.466,0.662,0.877,1.236,2.156,2.187,2.272,1.937,1.594,1.473,1.388,0.894,1.17,1.144,0.741,0.485,0.09,0.231,0.369
33,5B031FDDX00004,30.87,31.715,31.801,32.194,32.651,33.083,33.551,35.178,35.55,37.336,37.859,39.841,41.908,43.355,44.009,44.846,44.252,43.168,41.107,37.224,33.793,29.733,25.229,21.367,16.636,13.132,11.165,9.594,8.66,7.451,6.635,6.019,6.144,6.115,6.202,6.312,6.537,6.592,6.582,6.744,6.852,6.726,6.501,6.83,7.037,7.087,7.489,7.627,8.596,7.738,6.15,4.965,4.025,3.784,3.371,3.372,2.914,1.68,1.036,0.753,0.569,0.547,0.471,0.661,0.877,1.229,2.156,2.171,2.265,1.929,1.596,1.473,1.41,0.893,1.154,1.131,0.76,0.551,0.067,0.267,0.337
34,5B031FDDX00004,31.077,31.273,31.749,32.163,32.874,33.266,33.862,35.022,36.348,37.028,38.283,39.69,42.297,43.194,44.464,46.101,44.611,43.595,41.091,37.181,33.797,29.831,25.161,21.359,16.669,13.101,11.14,9.703,8.674,7.618,6.544,6.083,6.134,6.183,6.206,6.328,6.556,6.599,6.59,6.776,6.886,6.698,6.541,6.858,7.048,7.092,7.519,7.663,8.661,7.764,6.188,4.97,4.051,3.825,3.389,3.366,2.932,1.688,1.055,0.753,0.569,0.557,0.471,0.661,0.884,1.237,2.155,2.19,2.288,1.939,1.617,1.483,1.399,0.878,1.146,1.145,0.771,0.552,0.081,0.243,0.365
